id,num,gender,gender_label,gender_tj,letter,name_tj,name_cyrillic,name_latin,name_tj_raw,name_cyrillic_raw,name_latin_raw,is_official_permitted,legal_decree,is_enriched,matched_child_name_id,meaning,origin,attributes,history
tj_f_abirafshon_1,1,female,Женский,Духтарона,А,Абирафшон,Абирафшон,Abirafshon,АБИРАФШОН,АБИРАФШОН,ABIRAFSHON,True,"Қарори Ҳукумати Ҷумҳурии Тоҷикистон аз 26 феврали соли 2026, №98",False,,,Тоҷикӣ / Форсӣ,,
tj_f_abondukht_2,2,female,Женский,Духтарона,А,Абондухт,Абондухт,Abondukht,АБОНДУХТ,АБОНДУХТ,ABONDUKHT,True,"Қарори Ҳукумати Ҷумҳурии Тоҷикистон аз 26 феврали соли 2026, №98",False,,,Тоҷикӣ / Форсӣ,,
tj_f_abru_3,3,female,Женский,Духтарона,А,Абру,Абру,Abru,АБРУ,АБРУ,ABRU,True,"Қарори Ҳукумати Ҷумҳурии Тоҷикистон аз 26 феврали соли 2026, №98",False,,,Тоҷикӣ / Форсӣ,,
tj_f_abruvona_4,4,female,Женский,Духтарона,А,Абрувона,Абрувона,Abruvona,АБРУВОНА,АБРУВОНА,ABRUVONA,True,"Қарори Ҳукумати Ҷумҳурии Тоҷикистон аз 26 феврали соли 2026, №98",False,,,Тоҷикӣ / Форсӣ,,
tj_f_abrukamon_5,5,female,Женский,Духтарона,А,Абрукамон,Абрукамон,Abrukamon,АБРУКАМОН,АБРУКАМОН,ABRUKAMON,True,"Қарори Ҳукумати Ҷумҳурии Тоҷикистон аз 26 феврали соли 2026, №98",False,,,Тоҷикӣ / Форсӣ,,
tj_f_abruniso_6,6,female,Женский,Духтарона,А,Абрунисо,Абрунисо,Abruniso,АБРУНИСО,АБРУНИСО,ABRUNISO,True,"Қарори Ҳукумати Ҷумҳурии Тоҷикистон аз 26 феврали соли 2026, №98",False,,,Тоҷикӣ / Форсӣ,,
tj_f_abruhilol_7,7,female,Женский,Духтарона,А,Абруҳилол,Абрухилол,Abruhilol,АБРУҲИЛОЛ,АБРУХИЛОЛ,ABRUHILOL,True,"Қарори Ҳукумати Ҷумҳурии Тоҷикистон аз 26 феврали соли 2026, №98",False,,,Тоҷикӣ / Форсӣ,,
tj_f_adiba_8,8,female,Женский,Духтарона,А,Адиба,Адиба,Adiba,АДИБА,АДИБА,ADIBA,True,"Қарори Ҳукумати Ҷумҳурии Тоҷикистон аз 26 феврали соли 2026, №98",True,adeeba,"Образованная, литературная женщина, воспитанная",Арабское,образованная; утончённая; литературная; культурная; элегантная,"Женская форма от أَدِيب (адиб) — «образованный, воспитанный, литератор». أَدِيبَة (адиба) — «женщина-литератор, воспитанная дама». В арабо-исламской культуре «адаб» (أدب) — понятие, включающее одновременно литературность, воспитанность и нравственное совершенство. Пророк учил: «Мой Господь воспитал меня наилучшим образом» (хадис, Байхаки). Среди арабских женщин-поэтесс и писательниц XIX–XX вв. имя Адиба стало символом интеллигентной мусульманки."
tj_f_adolat_9,9,female,Женский,Духтарона,А,Адолат,Адолат,Adolat,АДОЛАТ,АДОЛАТ,ADOLAT,True,"Қарори Ҳукумати Ҷумҳурии Тоҷикистон аз 26 феврали соли 2026, №98",False,,,Тоҷикӣ / Форсӣ,,
tj_f_adolatbonu_10,10,female,Женский,Духтарона,А,Адолатбону,Адолатбону,Adolatbonu,АДОЛАТБОНУ,АДОЛАТБОНУ,ADOLATBONU,True,"Қарори Ҳукумати Ҷумҳурии Тоҷикистон аз 26 феврали соли 2026, №98",False,,,Тоҷикӣ / Форсӣ,,
tj_f_adolatniso_11,11,female,Женский,Духтарона,А,Адолатнисо,Адолатнисо,Adolatniso,АДОЛАТНИСО,АДОЛАТНИСО,ADOLATNISO,True,"Қарори Ҳукумати Ҷумҳурии Тоҷикистон аз 26 феврали соли 2026, №98",False,,,Тоҷикӣ / Форсӣ,,
tj_f_adolatozin_12,12,female,Женский,Духтарона,А,Адолатозин,Адолатозин,Adolatozin,АДОЛАТОЗИН,АДОЛАТОЗИН,ADOLATOZIN,True,"Қарори Ҳукумати Ҷумҳурии Тоҷикистон аз 26 феврали соли 2026, №98",False,,,Тоҷикӣ / Форсӣ,,
tj_f_adolatoro_13,13,female,Женский,Духтарона,А,Адолаторо,Адолаторо,Adolatoro,АДОЛАТОРО,АДОЛАТОРО,ADOLATORO,True,"Қарори Ҳукумати Ҷумҳурии Тоҷикистон аз 26 феврали соли 2026, №98",False,,,Тоҷикӣ / Форсӣ,,
tj_f_azizmoh_14,14,female,Женский,Духтарона,А,Азизмоҳ,Азизмох,Azizmoh,АЗИЗМОҲ,АЗИЗМОХ,AZIZMOH,True,"Қарори Ҳукумати Ҷумҳурии Тоҷикистон аз 26 феврали соли 2026, №98",False,,,Тоҷикӣ / Форсӣ,,
tj_f_alima_15,15,female,Женский,Духтарона,А,Алима,Алима,Alima,АЛИМА,АЛИМА,ALIMA,True,"Қарори Ҳукумати Ҷумҳурии Тоҷикистон аз 26 феврали соли 2026, №98",False,,,Тоҷикӣ / Форсӣ,,
tj_f_amida_16,16,female,Женский,Духтарона,А,Амида,Амида,Amida,АМИДА,АМИДА,AMIDA,True,"Қарори Ҳукумати Ҷумҳурии Тоҷикистон аз 26 феврали соли 2026, №98",False,,,Тоҷикӣ / Форсӣ,,
tj_f_amina_17,17,female,Женский,Духтарона,А,Амина,Амина,Amina,АМИНА,АМИНА,AMINA,True,"Қарори Ҳукумати Ҷумҳурии Тоҷикистон аз 26 феврали соли 2026, №98",True,amina,"Надёжная, верная, правдивая",Арабское,добрая; нежная; верующая; надёжная,"Мать Пророка Мухаммада. Имя означает «та, которой можно доверять». Одно из самых популярных женских имён в мусульманском мире."
tj_f_anbar_18,18,female,Женский,Духтарона,А,Анбар,Анбар,Anbar,АНБАР,АНБАР,ANBAR,True,"Қарори Ҳукумати Ҷумҳурии Тоҷикистон аз 26 феврали соли 2026, №98",True,anbar,"Амбра, благовоние (из кашалота)",Арабское,ароматная; редкая; ценная; притягательная; нежная,"Арабское عَنْبَر (анбар) — «серая амбра» (вещество, выделяемое кашалотом), редчайшее и дорогейшее благовоние древнего мира. В арабо-исламской медицине анбар применялся как стимулирующее и укрепляющее средство; Ибн Сина описывал его в «Каноне врачебной науки». В поэзии аль-Мутанабби аромат анбары — образ чарующей женской красоты. Торговля амброй была важной частью исламского торгового пути через Индийский океан."
tj_f_anbarafzo_19,19,female,Женский,Духтарона,А,Анбарафзо,Анбарафзо,Anbarafzo,АНБАРАФЗО,АНБАРАФЗО,ANBARAFZO,True,"Қарори Ҳукумати Ҷумҳурии Тоҷикистон аз 26 феврали соли 2026, №98",False,,,Тоҷикӣ / Форсӣ,,
tj_f_anbarafzun_20,20,female,Женский,Духтарона,А,Анбарафзун,Анбарафзун,Anbarafzun,АНБАРАФЗУН,АНБАРАФЗУН,ANBARAFZUN,True,"Қарори Ҳукумати Ҷумҳурии Тоҷикистон аз 26 феврали соли 2026, №98",False,,,Тоҷикӣ / Форсӣ,,
tj_f_anbargesu_21,21,female,Женский,Духтарона,А,Анбаргесу,Анбаргесу,Anbargesu,АНБАРГЕСУ,АНБАРГЕСУ,ANBARGESU,True,"Қарори Ҳукумати Ҷумҳурии Тоҷикистон аз 26 феврали соли 2026, №98",False,,,Тоҷикӣ / Форсӣ,,
tj_f_anbarin_22,22,female,Женский,Духтарона,А,Анбарин,Анбарин,Anbarin,АНБАРИН,АНБАРИН,ANBARIN,True,"Қарори Ҳукумати Ҷумҳурии Тоҷикистон аз 26 феврали соли 2026, №98",False,,,Тоҷикӣ / Форсӣ,,
tj_f_anbarogin_23,23,female,Женский,Духтарона,А,Анбарогин,Анбарогин,Anbarogin,АНБАРОГИН,АНБАРОГИН,ANBAROGIN,True,"Қарори Ҳукумати Ҷумҳурии Тоҷикистон аз 26 феврали соли 2026, №98",False,,,Тоҷикӣ / Форсӣ,,
tj_f_anbaroyin_24,24,female,Женский,Духтарона,А,Анбаройин,Анбаройин,Anbaroyin,АНБАРОЙИН,АНБАРОЙИН,ANBAROYIN,True,"Қарори Ҳукумати Ҷумҳурии Тоҷикистон аз 26 феврали соли 2026, №98",False,,,Тоҷикӣ / Форсӣ,,
tj_f_anbaroro_25,25,female,Женский,Духтарона,А,Анбароро,Анбароро,Anbaroro,АНБАРОРО,АНБАРОРО,ANBARORO,True,"Қарори Ҳукумати Ҷумҳурии Тоҷикистон аз 26 феврали соли 2026, №98",False,,,Тоҷикӣ / Форсӣ,,
tj_f_anbaroso_26,26,female,Женский,Духтарона,А,Анбаросо,Анбаросо,Anbaroso,АНБАРОСО,АНБАРОСО,ANBAROSO,True,"Қарори Ҳукумати Ҷумҳурии Тоҷикистон аз 26 феврали соли 2026, №98",False,,,Тоҷикӣ / Форсӣ,,
tj_f_anbarfizo_27,27,female,Женский,Духтарона,А,Анбарфизо,Анбарфизо,Anbarfizo,АНБАРФИЗО,АНБАРФИЗО,ANBARFIZO,True,"Қарори Ҳукумати Ҷумҳурии Тоҷикистон аз 26 феврали соли 2026, №98",False,,,Тоҷикӣ / Форсӣ,,
tj_f_angubin_28,28,female,Женский,Духтарона,А,Ангубин,Ангубин,Angubin,АНГУБИН,АНГУБИН,ANGUBIN,True,"Қарори Ҳукумати Ҷумҳурии Тоҷикистон аз 26 феврали соли 2026, №98",False,,,Тоҷикӣ / Форсӣ,,
tj_f_anzurat_29,29,female,Женский,Духтарона,А,Анзурат,Анзурат,Anzurat,АНЗУРАТ,АНЗУРАТ,ANZURAT,True,"Қарори Ҳукумати Ҷумҳурии Тоҷикистон аз 26 феврали соли 2026, №98",False,,,Тоҷикӣ / Форсӣ,,
tj_f_anisa_30,30,female,Женский,Духтарона,А,Аниса,Аниса,Anisa,АНИСА,АНИСА,ANISA,True,"Қарори Ҳукумати Ҷумҳурии Тоҷикистон аз 26 феврали соли 2026, №98",True,aneesa,"Дружелюбная, общительная, дарящая душевный покой. Корень أَنِسَ (аниса) — дружить, находить утешение в общении. أَنِيسَة — «та, чьё присутствие приносит радость»",Арабское,дружелюбная; общительная; ласковая; добрая; утешающая,"Арабское أَنِيسَة (ниса) — «дружелюбная, приносящая утешение». В Коране (48:29) верующие описываются как «رُحَمَاءُ بَيْنَهُمْ» — «милосердные между собой». Аниса — имя нескольких вольноотпущенниц и женщин из числа сподвижников. «Аль-унс» (душевная близость, дружба) — высокий суфийский термин: аль-унс биллах — близость к Аллаху. Рабиа аль-Адавийя воспевала «унс» как высшую ступень любви. Пророк ﷺ описывал идеальных супругов как «аниса» друг другу: «Лучший из вас тот, кто лучший для своей семьи»."
tj_f_anorgul_31,31,female,Женский,Духтарона,А,Аноргул,Аноргул,Anorgul,АНОРГУЛ,АНОРГУЛ,ANORGUL,True,"Қарори Ҳукумати Ҷумҳурии Тоҷикистон аз 26 феврали соли 2026, №98",False,,,Тоҷикӣ / Форсӣ,,
tj_f_anohita_32,32,female,Женский,Духтарона,А,Аноҳита,Анохита,Anohita,АНОҲИТА,АНОХИТА,ANOHITA,True,"Қарори Ҳукумати Ҷумҳурии Тоҷикистон аз 26 феврали соли 2026, №98",False,,,Тоҷикӣ / Форсӣ,,
tj_f_anohito_33,33,female,Женский,Духтарона,А,Аноҳито,Анохито,Anohito,АНОҲИТО,АНОХИТО,ANOHITO,True,"Қарори Ҳукумати Ҷумҳурии Тоҷикистон аз 26 феврали соли 2026, №98",False,,,Тоҷикӣ / Форсӣ,,
tj_f_anusha_34,34,female,Женский,Духтарона,А,Ануша,Ануша,Anusha,АНУША,АНУША,ANUSHA,True,"Қарори Ҳукумати Ҷумҳурии Тоҷикистон аз 26 феврали соли 2026, №98",False,,,Тоҷикӣ / Форсӣ,,
tj_f_anushabonu_35,35,female,Женский,Духтарона,А,Анушабону,Анушабону,Anushabonu,АНУШАБОНУ,АНУШАБОНУ,ANUSHABONU,True,"Қарори Ҳукумати Ҷумҳурии Тоҷикистон аз 26 феврали соли 2026, №98",False,,,Тоҷикӣ / Форсӣ,,
tj_f_anushin_36,36,female,Женский,Духтарона,А,Анушин,Анушин,Anushin,АНУШИН,АНУШИН,ANUSHIN,True,"Қарори Ҳукумати Ҷумҳурии Тоҷикистон аз 26 феврали соли 2026, №98",False,,,Тоҷикӣ / Форсӣ,,
tj_f_anusho_37,37,female,Женский,Духтарона,А,Анушо,Анушо,Anusho,АНУШО,АНУШО,ANUSHO,True,"Қарори Ҳукумати Ҷумҳурии Тоҷикистон аз 26 феврали соли 2026, №98",False,,,Тоҷикӣ / Форсӣ,,
tj_f_arghavon_38,38,female,Женский,Духтарона,А,Арғавон,Аргавон,Arghavon,АРҒАВОН,АРГАВОН,ARGHAVON,True,"Қарори Ҳукумати Ҷумҳурии Тоҷикистон аз 26 феврали соли 2026, №98",False,,,Тоҷикӣ / Форсӣ,,
tj_f_arzanda_39,39,female,Женский,Духтарона,А,Арзанда,Арзанда,Arzanda,АРЗАНДА,АРЗАНДА,ARZANDA,True,"Қарори Ҳукумати Ҷумҳурии Тоҷикистон аз 26 феврали соли 2026, №98",False,,,Тоҷикӣ / Форсӣ,,
tj_f_armughon_40,40,female,Женский,Духтарона,А,Армуғон,Армугон,Armughon,АРМУҒОН,АРМУГОН,ARMUGHON,True,"Қарори Ҳукумати Ҷумҳурии Тоҷикистон аз 26 феврали соли 2026, №98",False,,,Тоҷикӣ / Форсӣ,,
tj_f_arnavoz_41,41,female,Женский,Духтарона,А,Арнавоз,Арнавоз,Arnavoz,АРНАВОЗ,АРНАВОЗ,ARNAVOZ,True,"Қарори Ҳукумати Ҷумҳурии Тоҷикистон аз 26 феврали соли 2026, №98",False,,,Тоҷикӣ / Форсӣ,,
tj_f_arnoz_42,42,female,Женский,Духтарона,А,Арноз,Арноз,Arnoz,АРНОЗ,АРНОЗ,ARNOZ,True,"Қарори Ҳукумати Ҷумҳурии Тоҷикистон аз 26 феврали соли 2026, №98",False,,,Тоҷикӣ / Форсӣ,,
tj_f_asal_43,43,female,Женский,Духтарона,А,Асал,Асал,Asal,АСАЛ,АСАЛ,ASAL,True,"Қарори Ҳукумати Ҷумҳурии Тоҷикистон аз 26 феврали соли 2026, №98",False,,,Тоҷикӣ / Форсӣ,,
tj_f_asalbonu_44,44,female,Женский,Духтарона,А,Асалбону,Асалбону,Asalbonu,АСАЛБОНУ,АСАЛБОНУ,ASALBONU,True,"Қарори Ҳукумати Ҷумҳурии Тоҷикистон аз 26 феврали соли 2026, №98",False,,,Тоҷикӣ / Форсӣ,,
tj_f_asalbuy_45,45,female,Женский,Духтарона,А,Асалбӯй,Асалбуй,Asalbuy,АСАЛБӮЙ,АСАЛБУЙ,ASALBUY,True,"Қарори Ҳукумати Ҷумҳурии Тоҷикистон аз 26 феврали соли 2026, №98",False,,,Тоҷикӣ / Форсӣ,,
tj_f_asalmoh_46,46,female,Женский,Духтарона,А,Асалмоҳ,Асалмох,Asalmoh,АСАЛМОҲ,АСАЛМОХ,ASALMOH,True,"Қарори Ҳукумати Ҷумҳурии Тоҷикистон аз 26 феврали соли 2026, №98",False,,,Тоҷикӣ / Форсӣ,,
tj_f_asalnush_47,47,female,Женский,Духтарона,А,Асалнуш,Асалнуш,Asalnush,АСАЛНУШ,АСАЛНУШ,ASALNUSH,True,"Қарори Ҳукумати Ҷумҳурии Тоҷикистон аз 26 феврали соли 2026, №98",False,,,Тоҷикӣ / Форсӣ,,
tj_f_asil_48,48,female,Женский,Духтарона,А,Асил,Асил,Asil,АСИЛ,АСИЛ,ASIL,True,"Қарори Ҳукумати Ҷумҳурии Тоҷикистон аз 26 феврали соли 2026, №98",True,atheel,"Вечерняя пора, благородная по происхождению",Арабское,благородная; вечерняя; нежная; изысканная; поэтичная,"Арабское أَصِيل (асиль) — «вечернее время (перед закатом); благородный по происхождению». В арабской поэзии закатное время — самое поэтическое и меланхолическое. Коранический «асиль» (вечер) упоминается в контексте поминания Аллаха: «Поминайте Аллаха утром и вечером (وَالْآصَالِ)» (3:41, 7:205). Имя несёт образ возвышенной красоты вечернего часа."
tj_f_asila_49,49,female,Женский,Духтарона,А,Асила,Асила,Asila,АСИЛА,АСИЛА,ASILA,True,"Қарори Ҳукумати Ҷумҳурии Тоҷикистон аз 26 феврали соли 2026, №98",True,asila,"Благородная, знатная, с незамутнённым происхождением",Арабское,благородная; достойная; изысканная; гордая; чистая,"Женская форма от أَصِيل (асиль): أَصِيلَة (асила/асиля) — «благородная, чистокровная». Имя подчёркивает чистоту нрава и благородство характера. В арабской традиции «асала аль-асль» (чистота происхождения) связана не только с родовитостью, но и с нравственной высотой. Это имя встречается в арабских странах, особенно в монархиях Персидского залива, где концепция племенного благородства сохраняет культурное значение."
tj_f_asilabonu_50,50,female,Женский,Духтарона,А,Асилабону,Асилабону,Asilabonu,АСИЛАБОНУ,АСИЛАБОНУ,ASILABONU,True,"Қарори Ҳукумати Ҷумҳурии Тоҷикистон аз 26 феврали соли 2026, №98",False,,,Тоҷикӣ / Форсӣ,,
tj_f_asligul_51,51,female,Женский,Духтарона,А,Аслигул,Аслигул,Asligul,АСЛИГУЛ,АСЛИГУЛ,ASLIGUL,True,"Қарори Ҳукумати Ҷумҳурии Тоҷикистон аз 26 феврали соли 2026, №98",False,,,Тоҷикӣ / Форсӣ,,
tj_f_asolat_52,52,female,Женский,Духтарона,А,Асолат,Асолат,Asolat,АСОЛАТ,АСОЛАТ,ASOLAT,True,"Қарори Ҳукумати Ҷумҳурии Тоҷикистон аз 26 феврали соли 2026, №98",False,,,Тоҷикӣ / Форсӣ,,
tj_f_asolatbonu_53,53,female,Женский,Духтарона,А,Асолатбону,Асолатбону,Asolatbonu,АСОЛАТБОНУ,АСОЛАТБОНУ,ASOLATBONU,True,"Қарори Ҳукумати Ҷумҳурии Тоҷикистон аз 26 феврали соли 2026, №98",False,,,Тоҷикӣ / Форсӣ,,
tj_f_asolatgavhar_54,54,female,Женский,Духтарона,А,Асолатгавҳар,Асолатгавхар,Asolatgavhar,АСОЛАТГАВҲАР,АСОЛАТГАВХАР,ASOLATGAVHAR,True,"Қарори Ҳукумати Ҷумҳурии Тоҷикистон аз 26 феврали соли 2026, №98",False,,,Тоҷикӣ / Форсӣ,,
tj_f_asolatguhar_55,55,female,Женский,Духтарона,А,Асолатгуҳар,Асолатгухар,Asolatguhar,АСОЛАТГУҲАР,АСОЛАТГУХАР,ASOLATGUHAR,True,"Қарори Ҳукумати Ҷумҳурии Тоҷикистон аз 26 феврали соли 2026, №98",False,,,Тоҷикӣ / Форсӣ,,
tj_f_asolatmoh_56,56,female,Женский,Духтарона,А,Асолатмоҳ,Асолатмох,Asolatmoh,АСОЛАТМОҲ,АСОЛАТМОХ,ASOLATMOH,True,"Қарори Ҳукумати Ҷумҳурии Тоҷикистон аз 26 феврали соли 2026, №98",False,,,Тоҷикӣ / Форсӣ,,
tj_f_asro_57,57,female,Женский,Духтарона,А,Асро,Асро,Asro,АСРО,АСРО,ASRO,True,"Қарори Ҳукумати Ҷумҳурии Тоҷикистон аз 26 феврали соли 2026, №98",True,azraa,"Девственница, чистая непорочная дева. Корень عَذَرَ (адара) — быть невинным, чистым. عَذْرَاء — «незамужняя дева, сохранившая чистоту»",Арабское,чистая; невинная; скромная; целомудренная; кроткая,"Арабское عَذْرَاء (азра) — «дева, девственница». В Коране Марьям (Дева Мария) описывается как «аль-Батуль» (непорочная дева): «وَمَرْيَمَ ابْنَتَ عِمْرَانَ الَّتِي أَحْصَنَتْ فَرْجَهَا» (66:12) — «Марьям, дочь Имрана, охранявшую своё целомудрие». Марьям — единственная женщина, упомянутая по имени в Коране, и ей посвящена целая сура (19). Имя Азра популярно в персидской поэзии: «Вамик и Азра» — классическая история о верной деве."
tj_f_atisho_58,58,female,Женский,Духтарона,А,Атишо,Атишо,Atisho,АТИШО,АТИШО,ATISHO,True,"Қарори Ҳукумати Ҷумҳурии Тоҷикистон аз 26 феврали соли 2026, №98",False,,,Тоҷикӣ / Форсӣ,,
tj_f_atrafshon_59,59,female,Женский,Духтарона,А,Атрафшон,Атрафшон,Atrafshon,АТРАФШОН,АТРАФШОН,ATRAFSHON,True,"Қарори Ҳукумати Ҷумҳурии Тоҷикистон аз 26 феврали соли 2026, №98",False,,,Тоҷикӣ / Форсӣ,,
tj_f_atrgun_60,60,female,Женский,Духтарона,А,Атргун,Атргун,Atrgun,АТРГУН,АТРГУН,ATRGUN,True,"Қарори Ҳукумати Ҷумҳурии Тоҷикистон аз 26 феврали соли 2026, №98",False,,,Тоҷикӣ / Форсӣ,,
tj_f_atrgul_61,61,female,Женский,Духтарона,А,Атргул,Атргул,Atrgul,АТРГУЛ,АТРГУЛ,ATRGUL,True,"Қарори Ҳукумати Ҷумҳурии Тоҷикистон аз 26 феврали соли 2026, №98",False,,,Тоҷикӣ / Форсӣ,,
tj_f_atrin_62,62,female,Женский,Духтарона,А,Атрин,Атрин,Atrin,АТРИН,АТРИН,ATRIN,True,"Қарори Ҳукумати Ҷумҳурии Тоҷикистон аз 26 феврали соли 2026, №98",False,,,Тоҷикӣ / Форсӣ,,
tj_f_atrina_63,63,female,Женский,Духтарона,А,Атрина,Атрина,Atrina,АТРИНА,АТРИНА,ATRINA,True,"Қарори Ҳукумати Ҷумҳурии Тоҷикистон аз 26 феврали соли 2026, №98",False,,,Тоҷикӣ / Форсӣ,,
tj_f_afzalbibi_64,64,female,Женский,Духтарона,А,Афзалбибӣ,Афзалбиби,Afzalbibi,АФЗАЛБИБӢ,АФЗАЛБИБИ,AFZALBIBI,True,"Қарори Ҳукумати Ҷумҳурии Тоҷикистон аз 26 феврали соли 2026, №98",False,,,Тоҷикӣ / Форсӣ,,
tj_f_afifa_65,65,female,Женский,Духтарона,А,Афифа,Афифа,Afifa,АФИФА,АФИФА,AFIFA,True,"Қарори Ҳукумати Ҷумҳурии Тоҷикистон аз 26 феврали соли 2026, №98",True,afeefa,"Целомудренная, чистая, воздержанная от запретного. Корень عَفَّ (аффа) — быть целомудренным, воздерживаться. عَفِيفَة — «хранящая чистоту»",Арабское,целомудренная; чистая; скромная; достойная; воздержанная,"Арабское عَفِيفَة (афифа) — «целомудренная, воздерживающаяся от запретного». «Аффа» — одна из важнейших добродетелей исламской этики. В Коране (24:33): «وَلْيَسْتَعْفِفِ الَّذِينَ لَا يَجِدُونَ نِكَاحًا» — «пусть воздерживаются те, кто не может вступить в брак». Пророк ﷺ говорил: «Тому, кто ручается мне за то, что между его челюстями, и за то, что между его ногами, я ручаюсь за рай» (Бухари). Хадиджа бинт Хувайлид ﷓ — первая жена Пророка — была известна как «аль-Афифа аль-Тахира» («чистая и целомудренная»)."
tj_f_afruza_66,66,female,Женский,Духтарона,А,Афрӯза,Афруза,Afruza,АФРӮЗА,АФРУЗА,AFRUZA,True,"Қарори Ҳукумати Ҷумҳурии Тоҷикистон аз 26 феврали соли 2026, №98",False,,,Тоҷикӣ / Форсӣ,,
tj_f_afsan_67,67,female,Женский,Духтарона,А,Афсан,Афсан,Afsan,АФСАН,АФСАН,AFSAN,True,"Қарори Ҳукумати Ҷумҳурии Тоҷикистон аз 26 феврали соли 2026, №98",False,,,Тоҷикӣ / Форсӣ,,
tj_f_afsona_68,68,female,Женский,Духтарона,А,Афсона,Афсона,Afsona,АФСОНА,АФСОНА,AFSONA,True,"Қарори Ҳукумати Ҷумҳурии Тоҷикистон аз 26 феврали соли 2026, №98",False,,,Тоҷикӣ / Форсӣ,,
tj_f_afsun_69,69,female,Женский,Духтарона,А,Афсун,Афсун,Afsun,АФСУН,АФСУН,AFSUN,True,"Қарори Ҳукумати Ҷумҳурии Тоҷикистон аз 26 феврали соли 2026, №98",False,,,Тоҷикӣ / Форсӣ,,
tj_f_akhtar_70,70,female,Женский,Духтарона,А,Ахтар,Ахтар,Akhtar,АХТАР,АХТАР,AKHTAR,True,"Қарори Ҳукумати Ҷумҳурии Тоҷикистон аз 26 феврали соли 2026, №98",True,akhtar,"Звезда, счастливая звезда",Персидское,яркий; блестящий; удачливый; возвышенный; путеводный,"Персидское اختر (ахтар) означает «звезда» и «счастливая судьба». В персидской поэзии — от Хафиза до Руми — звёзды символизируют божественное руководство и предназначение. В суфийской литературе «звезда» часто метафора духовного наставника. Это имя широко распространено в Иране, Афганистане, Пакистане и Индии. Ахтар Хусайн (1906–1988) был президентом Пакистана в период важнейших событий страны."
tj_f_akhtarafruz_71,71,female,Женский,Духтарона,А,Ахтарафрӯз,Ахтарафруз,Akhtarafruz,АХТАРАФРӮЗ,АХТАРАФРУЗ,AKHTARAFRUZ,True,"Қарори Ҳукумати Ҷумҳурии Тоҷикистон аз 26 феврали соли 2026, №98",False,,,Тоҷикӣ / Форсӣ,,
tj_f_ahdiya_72,72,female,Женский,Духтарона,А,Аҳдия,Ахдия,Ahdiya,АҲДИЯ,АХДИЯ,AHDIYA,True,"Қарори Ҳукумати Ҷумҳурии Тоҷикистон аз 26 феврали соли 2026, №98",False,,,Тоҷикӣ / Форсӣ,,
tj_f_ahliya_73,73,female,Женский,Духтарона,А,Аҳлия,Ахлия,Ahliya,АҲЛИЯ,АХЛИЯ,AHLIYA,True,"Қарори Ҳукумати Ҷумҳурии Тоҷикистон аз 26 феврали соли 2026, №98",False,,,Тоҷикӣ / Форсӣ,,
tj_f_ayuso_74,74,female,Женский,Духтарона,А,Аюсо,Аюсо,Ayuso,АЮСО,АЮСО,AYUSO,True,"Қарори Ҳукумати Ҷумҳурии Тоҷикистон аз 26 феврали соли 2026, №98",False,,,Тоҷикӣ / Форсӣ,,
tj_f_bazmoro_75,75,female,Женский,Духтарона,Б,Базморо,Базморо,Bazmoro,БАЗМОРО,БАЗМОРО,BAZMORO,True,"Қарори Ҳукумати Ҷумҳурии Тоҷикистон аз 26 феврали соли 2026, №98",False,,,Тоҷикӣ / Форсӣ,,
tj_f_balkhiniso_76,76,female,Женский,Духтарона,Б,Балхинисо,Балхинисо,Balkhiniso,БАЛХИНИСО,БАЛХИНИСО,BALKHINISO,True,"Қарори Ҳукумати Ҷумҳурии Тоҷикистон аз 26 феврали соли 2026, №98",False,,,Тоҷикӣ / Форсӣ,,
tj_f_balkhinur_77,77,female,Женский,Духтарона,Б,Балхинур,Балхинур,Balkhinur,БАЛХИНУР,БАЛХИНУР,BALKHINUR,True,"Қарори Ҳукумати Ҷумҳурии Тоҷикистон аз 26 феврали соли 2026, №98",False,,,Тоҷикӣ / Форсӣ,,
tj_f_balkhiya_78,78,female,Женский,Духтарона,Б,Балхия,Балхия,Balkhiya,БАЛХИЯ,БАЛХИЯ,BALKHIYA,True,"Қарори Ҳукумати Ҷумҳурии Тоҷикистон аз 26 феврали соли 2026, №98",False,,,Тоҷикӣ / Форсӣ,,
tj_f_banoz_79,79,female,Женский,Духтарона,Б,Баноз,Баноз,Banoz,БАНОЗ,БАНОЗ,BANOZ,True,"Қарори Ҳукумати Ҷумҳурии Тоҷикистон аз 26 феврали соли 2026, №98",False,,,Тоҷикӣ / Форсӣ,,
tj_f_barafruz_80,80,female,Женский,Духтарона,Б,Барафрӯз,Барафруз,Barafruz,БАРАФРӮЗ,БАРАФРУЗ,BARAFRUZ,True,"Қарори Ҳукумати Ҷумҳурии Тоҷикистон аз 26 феврали соли 2026, №98",False,,,Тоҷикӣ / Форсӣ,,
tj_f_bargigul_81,81,female,Женский,Духтарона,Б,Баргигул,Баргигул,Bargigul,БАРГИГУЛ,БАРГИГУЛ,BARGIGUL,True,"Қарори Ҳукумати Ҷумҳурии Тоҷикистон аз 26 феврали соли 2026, №98",False,,,Тоҷикӣ / Форсӣ,,
tj_f_barginor_82,82,female,Женский,Духтарона,Б,Баргинор,Баргинор,Barginor,БАРГИНОР,БАРГИНОР,BARGINOR,True,"Қарори Ҳукумати Ҷумҳурии Тоҷикистон аз 26 феврали соли 2026, №98",False,,,Тоҷикӣ / Форсӣ,,
tj_f_barnigor_83,83,female,Женский,Духтарона,Б,Барнигор,Барнигор,Barnigor,БАРНИГОР,БАРНИГОР,BARNIGOR,True,"Қарори Ҳукумати Ҷумҳурии Тоҷикистон аз 26 феврали соли 2026, №98",False,,,Тоҷикӣ / Форсӣ,,
tj_f_barno_84,84,female,Женский,Духтарона,Б,Барно,Барно,Barno,БАРНО,БАРНО,BARNO,True,"Қарори Ҳукумати Ҷумҳурии Тоҷикистон аз 26 феврали соли 2026, №98",False,,,Тоҷикӣ / Форсӣ,,
tj_f_barnomehr_85,85,female,Женский,Духтарона,Б,Барномеҳр,Барномехр,Barnomehr,БАРНОМЕҲР,БАРНОМЕХР,BARNOMEHR,True,"Қарори Ҳукумати Ҷумҳурии Тоҷикистон аз 26 феврали соли 2026, №98",False,,,Тоҷикӣ / Форсӣ,,
tj_f_barnoruy_86,86,female,Женский,Духтарона,Б,Барнорӯй,Барноруй,Barnoruy,БАРНОРӮЙ,БАРНОРУЙ,BARNORUY,True,"Қарори Ҳукумати Ҷумҳурии Тоҷикистон аз 26 феврали соли 2026, №98",False,,,Тоҷикӣ / Форсӣ,,
tj_f_barnorukh_87,87,female,Женский,Духтарона,Б,Барнорух,Барнорух,Barnorukh,БАРНОРУХ,БАРНОРУХ,BARNORUKH,True,"Қарори Ҳукумати Ҷумҳурии Тоҷикистон аз 26 феврали соли 2026, №98",False,,,Тоҷикӣ / Форсӣ,,
tj_f_barsam_88,88,female,Женский,Духтарона,Б,Барсам,Барсам,Barsam,БАРСАМ,БАРСАМ,BARSAM,True,"Қарори Ҳукумати Ҷумҳурии Тоҷикистон аз 26 феврали соли 2026, №98",False,,,Тоҷикӣ / Форсӣ,,
tj_f_barfimoh_89,89,female,Женский,Духтарона,Б,Барфимоҳ,Барфимох,Barfimoh,БАРФИМОҲ,БАРФИМОХ,BARFIMOH,True,"Қарори Ҳукумати Ҷумҳурии Тоҷикистон аз 26 феврали соли 2026, №98",False,,,Тоҷикӣ / Форсӣ,,
tj_f_barfiniso_90,90,female,Женский,Духтарона,Б,Барфинисо,Барфинисо,Barfiniso,БАРФИНИСО,БАРФИНИСО,BARFINISO,True,"Қарори Ҳукумати Ҷумҳурии Тоҷикистон аз 26 феврали соли 2026, №98",False,,,Тоҷикӣ / Форсӣ,,
tj_f_barchin_91,91,female,Женский,Духтарона,Б,Барчин,Барчин,Barchin,БАРЧИН,БАРЧИН,BARCHIN,True,"Қарори Ҳукумати Ҷумҳурии Тоҷикистон аз 26 феврали соли 2026, №98",False,,,Тоҷикӣ / Форсӣ,,
tj_f_basanda_92,92,female,Женский,Духтарона,Б,Басанда,Басанда,Basanda,БАСАНДА,БАСАНДА,BASANDA,True,"Қарори Ҳукумати Ҷумҳурии Тоҷикистон аз 26 феврали соли 2026, №98",False,,,Тоҷикӣ / Форсӣ,,
tj_f_basirat_93,93,female,Женский,Духтарона,Б,Басират,Басират,Basirat,БАСИРАТ,БАСИРАТ,BASIRAT,True,"Қарори Ҳукумати Ҷумҳурии Тоҷикистон аз 26 феврали соли 2026, №98",False,,,Тоҷикӣ / Форсӣ,,
tj_f_bakhtafruz_94,94,female,Женский,Духтарона,Б,Бахтафрӯз,Бахтафруз,Bakhtafruz,БАХТАФРӮЗ,БАХТАФРУЗ,BAKHTAFRUZ,True,"Қарори Ҳукумати Ҷумҳурии Тоҷикистон аз 26 феврали соли 2026, №98",False,,,Тоҷикӣ / Форсӣ,,
tj_f_bakhtdavlat_95,95,female,Женский,Духтарона,Б,Бахтдавлат,Бахтдавлат,Bakhtdavlat,БАХТДАВЛАТ,БАХТДАВЛАТ,BAKHTDAVLAT,True,"Қарори Ҳукумати Ҷумҳурии Тоҷикистон аз 26 феврали соли 2026, №98",False,,,Тоҷикӣ / Форсӣ,,
tj_f_bakhtigul_96,96,female,Женский,Духтарона,Б,Бахтигул,Бахтигул,Bakhtigul,БАХТИГУЛ,БАХТИГУЛ,BAKHTIGUL,True,"Қарори Ҳукумати Ҷумҳурии Тоҷикистон аз 26 феврали соли 2026, №98",False,,,Тоҷикӣ / Форсӣ,,
tj_f_bakhtiniso_97,97,female,Женский,Духтарона,Б,Бахтинисо,Бахтинисо,Bakhtiniso,БАХТИНИСО,БАХТИНИСО,BAKHTINISO,True,"Қарори Ҳукумати Ҷумҳурии Тоҷикистон аз 26 феврали соли 2026, №98",False,,,Тоҷикӣ / Форсӣ,,
tj_f_bakhtofarin_98,98,female,Женский,Духтарона,Б,Бахтофарин,Бахтофарин,Bakhtofarin,БАХТОФАРИН,БАХТОФАРИН,BAKHTOFARIN,True,"Қарори Ҳукумати Ҷумҳурии Тоҷикистон аз 26 феврали соли 2026, №98",False,,,Тоҷикӣ / Форсӣ,,
tj_f_bakhtjamol_99,99,female,Женский,Духтарона,Б,Бахтҷамол,Бахтджамол,Bakhtjamol,БАХТҶАМОЛ,БАХТДЖАМОЛ,BAKHTJAMOL,True,"Қарори Ҳукумати Ҷумҳурии Тоҷикистон аз 26 феврали соли 2026, №98",False,,,Тоҷикӣ / Форсӣ,,
tj_f_bahid_100,100,female,Женский,Духтарона,Б,Баҳид,Бахид,Bahid,БАҲИД,БАХИД,BAHID,True,"Қарори Ҳукумати Ҷумҳурии Тоҷикистон аз 26 феврали соли 2026, №98",False,,,Тоҷикӣ / Форсӣ,,
tj_f_bahor_101,101,female,Женский,Духтарона,Б,Баҳор,Бахор,Bahor,БАҲОР,БАХОР,BAHOR,True,"Қарори Ҳукумати Ҷумҳурии Тоҷикистон аз 26 феврали соли 2026, №98",False,,,Тоҷикӣ / Форсӣ,,
tj_f_bahora_102,102,female,Женский,Духтарона,Б,Баҳора,Бахора,Bahora,БАҲОРА,БАХОРА,BAHORA,True,"Қарори Ҳукумати Ҷумҳурии Тоҷикистон аз 26 феврали соли 2026, №98",False,,,Тоҷикӣ / Форсӣ,,
tj_f_bahorabru_103,103,female,Женский,Духтарона,Б,Баҳорабру,Бахорабру,Bahorabru,БАҲОРАБРУ,БАХОРАБРУ,BAHORABRU,True,"Қарори Ҳукумати Ҷумҳурии Тоҷикистон аз 26 феврали соли 2026, №98",False,,,Тоҷикӣ / Форсӣ,,
tj_f_bahorbonu_104,104,female,Женский,Духтарона,Б,Баҳорбону,Бахорбону,Bahorbonu,БАҲОРБОНУ,БАХОРБОНУ,BAHORBONU,True,"Қарори Ҳукумати Ҷумҳурии Тоҷикистон аз 26 феврали соли 2026, №98",False,,,Тоҷикӣ / Форсӣ,,
tj_f_bahorgul_105,105,female,Женский,Духтарона,Б,Баҳоргул,Бахоргул,Bahorgul,БАҲОРГУЛ,БАХОРГУЛ,BAHORGUL,True,"Қарори Ҳукумати Ҷумҳурии Тоҷикистон аз 26 феврали соли 2026, №98",False,,,Тоҷикӣ / Форсӣ,,
tj_f_bahorgun_106,106,female,Женский,Духтарона,Б,Баҳоргун,Бахоргун,Bahorgun,БАҲОРГУН,БАХОРГУН,BAHORGUN,True,"Қарори Ҳукумати Ҷумҳурии Тоҷикистон аз 26 феврали соли 2026, №98",False,,,Тоҷикӣ / Форсӣ,,
tj_f_bahornoz_107,107,female,Женский,Духтарона,Б,Баҳорноз,Бахорноз,Bahornoz,БАҲОРНОЗ,БАХОРНОЗ,BAHORNOZ,True,"Қарори Ҳукумати Ҷумҳурии Тоҷикистон аз 26 феврали соли 2026, №98",False,,,Тоҷикӣ / Форсӣ,,
tj_f_bahorovar_108,108,female,Женский,Духтарона,Б,Баҳоровар,Бахоровар,Bahorovar,БАҲОРОВАР,БАХОРОВАР,BAHOROVAR,True,"Қарори Ҳукумати Ҷумҳурии Тоҷикистон аз 26 феврали соли 2026, №98",False,,,Тоҷикӣ / Форсӣ,,
tj_f_bahoroyin_109,109,female,Женский,Духтарона,Б,Баҳоройин,Бахоройин,Bahoroyin,БАҲОРОЙИН,БАХОРОЙИН,BAHOROYIN,True,"Қарори Ҳукумати Ҷумҳурии Тоҷикистон аз 26 феврали соли 2026, №98",False,,,Тоҷикӣ / Форсӣ,,
tj_f_bahororo_110,110,female,Женский,Духтарона,Б,Баҳороро,Бахороро,Bahororo,БАҲОРОРО,БАХОРОРО,BAHORORO,True,"Қарори Ҳукумати Ҷумҳурии Тоҷикистон аз 26 феврали соли 2026, №98",False,,,Тоҷикӣ / Форсӣ,,
tj_f_bahoroso_111,111,female,Женский,Духтарона,Б,Баҳоросо,Бахоросо,Bahoroso,БАҲОРОСО,БАХОРОСО,BAHOROSO,True,"Қарори Ҳукумати Ҷумҳурии Тоҷикистон аз 26 феврали соли 2026, №98",False,,,Тоҷикӣ / Форсӣ,,
tj_f_bahorruy_112,112,female,Женский,Духтарона,Б,Баҳоррӯй,Бахорруй,Bahorruy,БАҲОРРӮЙ,БАХОРРУЙ,BAHORRUY,True,"Қарори Ҳукумати Ҷумҳурии Тоҷикистон аз 26 феврали соли 2026, №98",False,,,Тоҷикӣ / Форсӣ,,
tj_f_bahorsimo_113,113,female,Женский,Духтарона,Б,Баҳорсимо,Бахорсимо,Bahorsimo,БАҲОРСИМО,БАХОРСИМО,BAHORSIMO,True,"Қарори Ҳукумати Ҷумҳурии Тоҷикистон аз 26 феврали соли 2026, №98",False,,,Тоҷикӣ / Форсӣ,,
tj_f_bahorsirat_114,114,female,Женский,Духтарона,Б,Баҳорсират,Бахорсират,Bahorsirat,БАҲОРСИРАТ,БАХОРСИРАТ,BAHORSIRAT,True,"Қарори Ҳукумати Ҷумҳурии Тоҷикистон аз 26 феврали соли 2026, №98",False,,,Тоҷикӣ / Форсӣ,,
tj_f_bahorsirisht_115,115,female,Женский,Духтарона,Б,Баҳорсиришт,Бахорсиришт,Bahorsirisht,БАҲОРСИРИШТ,БАХОРСИРИШТ,BAHORSIRISHT,True,"Қарори Ҳукумати Ҷумҳурии Тоҷикистон аз 26 феврали соли 2026, №98",False,,,Тоҷикӣ / Форсӣ,,
tj_f_bahorson_116,116,female,Женский,Духтарона,Б,Баҳорсон,Бахорсон,Bahorson,БАҲОРСОН,БАХОРСОН,BAHORSON,True,"Қарори Ҳукумати Ҷумҳурии Тоҷикистон аз 26 феврали соли 2026, №98",False,,,Тоҷикӣ / Форсӣ,,
tj_f_bahorsurat_117,117,female,Женский,Духтарона,Б,Баҳорсурат,Бахорсурат,Bahorsurat,БАҲОРСУРАТ,БАХОРСУРАТ,BAHORSURAT,True,"Қарори Ҳукумати Ҷумҳурии Тоҷикистон аз 26 феврали соли 2026, №98",False,,,Тоҷикӣ / Форсӣ,,
tj_f_bahortinat_118,118,female,Женский,Духтарона,Б,Баҳортинат,Бахортинат,Bahortinat,БАҲОРТИНАТ,БАХОРТИНАТ,BAHORTINAT,True,"Қарори Ҳукумати Ҷумҳурии Тоҷикистон аз 26 феврали соли 2026, №98",False,,,Тоҷикӣ / Форсӣ,,
tj_f_bahorchehra_119,119,female,Женский,Духтарона,Б,Баҳорчеҳра,Бахорчеҳра,Bahorchehra,БАҲОРЧЕҲРА,БАХОРЧЕҲРА,BAHORCHEHRA,True,"Қарори Ҳукумати Ҷумҳурии Тоҷикистон аз 26 феврали соли 2026, №98",False,,,Тоҷикӣ / Форсӣ,,
tj_f_bahrigul_120,120,female,Женский,Духтарона,Б,Баҳригул,Бахригул,Bahrigul,БАҲРИГУЛ,БАХРИГУЛ,BAHRIGUL,True,"Қарори Ҳукумати Ҷумҳурии Тоҷикистон аз 26 феврали соли 2026, №98",False,,,Тоҷикӣ / Форсӣ,,
tj_f_bahriya_121,121,female,Женский,Духтарона,Б,Баҳрия,Бахрия,Bahriya,БАҲРИЯ,БАХРИЯ,BAHRIYA,True,"Қарори Ҳукумати Ҷумҳурии Тоҷикистон аз 26 феврали соли 2026, №98",False,,,Тоҷикӣ / Форсӣ,,
tj_f_bahri_122,122,female,Женский,Духтарона,Б,Баҳрӣ,Бахри,Bahri,БАҲРӢ,БАХРИ,BAHRI,True,"Қарори Ҳукумати Ҷумҳурии Тоҷикистон аз 26 феврали соли 2026, №98",False,,,Тоҷикӣ / Форсӣ,,
tj_f_bashorat_123,123,female,Женский,Духтарона,Б,Башорат,Башорат,Bashorat,БАШОРАТ,БАШОРАТ,BASHORAT,True,"Қарори Ҳукумати Ҷумҳурии Тоҷикистон аз 26 феврали соли 2026, №98",False,,,Тоҷикӣ / Форсӣ,,
tj_f_benazir_124,124,female,Женский,Духтарона,Б,Беназир,Беназир,Benazir,БЕНАЗИР,БЕНАЗИР,BENAZIR,True,"Қарори Ҳукумати Ҷумҳурии Тоҷикистон аз 26 феврали соли 2026, №98",False,,,Тоҷикӣ / Форсӣ,,
tj_f_behvash_125,125,female,Женский,Духтарона,Б,Беҳваш,Бехваш,Behvash,БЕҲВАШ,БЕХВАШ,BEHVASH,True,"Қарори Ҳукумати Ҷумҳурии Тоҷикистон аз 26 феврали соли 2026, №98",False,,,Тоҷикӣ / Форсӣ,,
tj_f_behdis_126,126,female,Женский,Духтарона,Б,Беҳдис,Бехдис,Behdis,БЕҲДИС,БЕХДИС,BEHDIS,True,"Қарори Ҳукумати Ҷумҳурии Тоҷикистон аз 26 феврали соли 2026, №98",False,,,Тоҷикӣ / Форсӣ,,
tj_f_behin_127,127,female,Женский,Духтарона,Б,Беҳин,Бехин,Behin,БЕҲИН,БЕХИН,BEHIN,True,"Қарори Ҳукумати Ҷумҳурии Тоҷикистон аз 26 феврали соли 2026, №98",False,,,Тоҷикӣ / Форсӣ,,
tj_f_behina_128,128,female,Женский,Духтарона,Б,Беҳина,Бехина,Behina,БЕҲИНА,БЕХИНА,BEHINA,True,"Қарори Ҳукумати Ҷумҳурии Тоҷикистон аз 26 феврали соли 2026, №98",False,,,Тоҷикӣ / Форсӣ,,
tj_f_behinafzo_129,129,female,Женский,Духтарона,Б,Беҳинафзо,Бехинафзо,Behinafzo,БЕҲИНАФЗО,БЕХИНАФЗО,BEHINAFZO,True,"Қарори Ҳукумати Ҷумҳурии Тоҷикистон аз 26 феврали соли 2026, №98",False,,,Тоҷикӣ / Форсӣ,,
tj_f_behinbonu_130,130,female,Женский,Духтарона,Б,Беҳинбону,Бехинбону,Behinbonu,БЕҲИНБОНУ,БЕХИНБОНУ,BEHINBONU,True,"Қарори Ҳукумати Ҷумҳурии Тоҷикистон аз 26 феврали соли 2026, №98",False,,,Тоҷикӣ / Форсӣ,,
tj_f_behinguhar_131,131,female,Женский,Духтарона,Б,Беҳингуҳар,Бехингухар,Behinguhar,БЕҲИНГУҲАР,БЕХИНГУХАР,BEHINGUHAR,True,"Қарори Ҳукумати Ҷумҳурии Тоҷикистон аз 26 феврали соли 2026, №98",False,,,Тоҷикӣ / Форсӣ,,
tj_f_behinruy_132,132,female,Женский,Духтарона,Б,Беҳинрӯй,Бехинруй,Behinruy,БЕҲИНРӮЙ,БЕХИНРУЙ,BEHINRUY,True,"Қарори Ҳукумати Ҷумҳурии Тоҷикистон аз 26 феврали соли 2026, №98",False,,,Тоҷикӣ / Форсӣ,,
tj_f_behinsimo_133,133,female,Женский,Духтарона,Б,Беҳинсимо,Бехинсимо,Behinsimo,БЕҲИНСИМО,БЕХИНСИМО,BEHINSIMO,True,"Қарори Ҳукумати Ҷумҳурии Тоҷикистон аз 26 феврали соли 2026, №98",False,,,Тоҷикӣ / Форсӣ,,
tj_f_behnoz_134,134,female,Женский,Духтарона,Б,Беҳноз,Бехноз,Behnoz,БЕҲНОЗ,БЕХНОЗ,BEHNOZ,True,"Қарори Ҳукумати Ҷумҳурии Тоҷикистон аз 26 феврали соли 2026, №98",False,,,Тоҷикӣ / Форсӣ,,
tj_f_behnush_135,135,female,Женский,Духтарона,Б,Беҳнуш,Бехнуш,Behnush,БЕҲНУШ,БЕХНУШ,BEHNUSH,True,"Қарори Ҳукумати Ҷумҳурии Тоҷикистон аз 26 феврали соли 2026, №98",False,,,Тоҷикӣ / Форсӣ,,
tj_f_behofarid_136,136,female,Женский,Духтарона,Б,Беҳофарид,Бехофарид,Behofarid,БЕҲОФАРИД,БЕХОФАРИД,BEHOFARID,True,"Қарори Ҳукумати Ҷумҳурии Тоҷикистон аз 26 феврали соли 2026, №98",False,,,Тоҷикӣ / Форсӣ,,
tj_f_behofarin_137,137,female,Женский,Духтарона,Б,Беҳофарин,Бехофарин,Behofarin,БЕҲОФАРИН,БЕХОФАРИН,BEHOFARIN,True,"Қарори Ҳукумати Ҷумҳурии Тоҷикистон аз 26 феврали соли 2026, №98",False,,,Тоҷикӣ / Форсӣ,,
tj_f_behtob_138,138,female,Женский,Духтарона,Б,Беҳтоб,Бехтоб,Behtob,БЕҲТОБ,БЕХТОБ,BEHTOB,True,"Қарори Ҳукумати Ҷумҳурии Тоҷикистон аз 26 феврали соли 2026, №98",False,,,Тоҷикӣ / Форсӣ,,
tj_f_behamto_139,139,female,Женский,Духтарона,Б,Беҳамто,Бехамто,Behamto,БЕҲАМТО,БЕХАМТО,BEHAMTO,True,"Қарори Ҳукумати Ҷумҳурии Тоҷикистон аз 26 феврали соли 2026, №98",False,,,Тоҷикӣ / Форсӣ,,
tj_f_behafruz_140,140,female,Женский,Духтарона,Б,Беҳафрӯз,Бехафруз,Behafruz,БЕҲАФРӮЗ,БЕХАФРУЗ,BEHAFRUZ,True,"Қарори Ҳукумати Ҷумҳурии Тоҷикистон аз 26 феврали соли 2026, №98",False,,,Тоҷикӣ / Форсӣ,,
tj_f_bibigul_141,141,female,Женский,Духтарона,Б,Бибигул,Бибигул,Bibigul,БИБИГУЛ,БИБИГУЛ,BIBIGUL,True,"Қарори Ҳукумати Ҷумҳурии Тоҷикистон аз 26 феврали соли 2026, №98",False,,,Тоҷикӣ / Форсӣ,,
tj_f_bibinoz_142,142,female,Женский,Духтарона,Б,Бибиноз,Бибиноз,Bibinoz,БИБИНОЗ,БИБИНОЗ,BIBINOZ,True,"Қарори Ҳукумати Ҷумҳурии Тоҷикистон аз 26 феврали соли 2026, №98",False,,,Тоҷикӣ / Форсӣ,,
tj_f_bibinur_143,143,female,Женский,Духтарона,Б,Бибинур,Бибинур,Bibinur,БИБИНУР,БИБИНУР,BIBINUR,True,"Қарори Ҳукумати Ҷумҳурии Тоҷикистон аз 26 феврали соли 2026, №98",False,,,Тоҷикӣ / Форсӣ,,
tj_f_bibisoro_144,144,female,Женский,Духтарона,Б,Бибисоро,Бибисоро,Bibisoro,БИБИСОРО,БИБИСОРО,BIBISORO,True,"Қарори Ҳукумати Ҷумҳурии Тоҷикистон аз 26 феврали соли 2026, №98",False,,,Тоҷикӣ / Форсӣ,,
tj_f_bibijamol_145,145,female,Женский,Духтарона,Б,Бибиҷамол,Бибиджамол,Bibijamol,БИБИҶАМОЛ,БИБИДЖАМОЛ,BIBIJAMOL,True,"Қарори Ҳукумати Ҷумҳурии Тоҷикистон аз 26 феврали соли 2026, №98",False,,,Тоҷикӣ / Форсӣ,,
tj_f_bobuna_146,146,female,Женский,Духтарона,Б,Бобуна,Бобуна,Bobuna,БОБУНА,БОБУНА,BOBUNA,True,"Қарори Ҳукумати Ҷумҳурии Тоҷикистон аз 26 феврали соли 2026, №98",False,,,Тоҷикӣ / Форсӣ,,
tj_f_bodomgul_147,147,female,Женский,Духтарона,Б,Бодомгул,Бодомгул,Bodomgul,БОДОМГУЛ,БОДОМГУЛ,BODOMGUL,True,"Қарори Ҳукумати Ҷумҳурии Тоҷикистон аз 26 феврали соли 2026, №98",False,,,Тоҷикӣ / Форсӣ,,
tj_f_bolis_148,148,female,Женский,Духтарона,Б,Болис,Болис,Bolis,БОЛИС,БОЛИС,BOLIS,True,"Қарори Ҳукумати Ҷумҳурии Тоҷикистон аз 26 феврали соли 2026, №98",False,,,Тоҷикӣ / Форсӣ,,
tj_f_bomiyo_149,149,female,Женский,Духтарона,Б,Бомиё,Бомиё,Bomiyo,БОМИЁ,БОМИЁ,BOMIYO,True,"Қарори Ҳукумати Ҷумҳурии Тоҷикистон аз 26 феврали соли 2026, №98",False,,,Тоҷикӣ / Форсӣ,,
tj_f_bonu_150,150,female,Женский,Духтарона,Б,Бону,Бону,Bonu,БОНУ,БОНУ,BONU,True,"Қарори Ҳукумати Ҷумҳурии Тоҷикистон аз 26 феврали соли 2026, №98",False,,,Тоҷикӣ / Форсӣ,,
tj_f_bonumo_151,151,female,Женский,Духтарона,Б,Бонумо,Бонумо,Bonumo,БОНУМО,БОНУМО,BONUMO,True,"Қарори Ҳукумати Ҷумҳурии Тоҷикистон аз 26 феврали соли 2026, №98",False,,,Тоҷикӣ / Форсӣ,,
tj_f_bunafsha_152,152,female,Женский,Духтарона,Б,Бунафша,Бунафша,Bunafsha,БУНАФША,БУНАФША,BUNAFSHA,True,"Қарори Ҳукумати Ҷумҳурии Тоҷикистон аз 26 феврали соли 2026, №98",False,,,Тоҷикӣ / Форсӣ,,
tj_f_vaiso_153,153,female,Женский,Духтарона,В,Ваисо,Ваисо,Vaiso,ВАИСО,ВАИСО,VAISO,True,"Қарори Ҳукумати Ҷумҳурии Тоҷикистон аз 26 феврали соли 2026, №98",False,,,Тоҷикӣ / Форсӣ,,
tj_f_varino_154,154,female,Женский,Духтарона,В,Варино,Варино,Varino,ВАРИНО,ВАРИНО,VARINO,True,"Қарори Ҳукумати Ҷумҳурии Тоҷикистон аз 26 феврали соли 2026, №98",False,,,Тоҷикӣ / Форсӣ,,
tj_f_vasliya_155,155,female,Женский,Духтарона,В,Васлия,Васлия,Vasliya,ВАСЛИЯ,ВАСЛИЯ,VASLIYA,True,"Қарори Ҳукумати Ҷумҳурии Тоҷикистон аз 26 феврали соли 2026, №98",False,,,Тоҷикӣ / Форсӣ,,
tj_f_vasma_156,156,female,Женский,Духтарона,В,Васма,Васма,Vasma,ВАСМА,ВАСМА,VASMA,True,"Қарори Ҳукумати Ҷумҳурии Тоҷикистон аз 26 феврали соли 2026, №98",False,,,Тоҷикӣ / Форсӣ,,
tj_f_vasno_157,157,female,Женский,Духтарона,В,Васно,Васно,Vasno,ВАСНО,ВАСНО,VASNO,True,"Қарори Ҳукумати Ҷумҳурии Тоҷикистон аз 26 феврали соли 2026, №98",False,,,Тоҷикӣ / Форсӣ,,
tj_f_vasfiniso_158,158,female,Женский,Духтарона,В,Васфинисо,Васфинисо,Vasfiniso,ВАСФИНИСО,ВАСФИНИСО,VASFINISO,True,"Қарори Ҳукумати Ҷумҳурии Тоҷикистон аз 26 феврали соли 2026, №98",False,,,Тоҷикӣ / Форсӣ,,
tj_f_viyo_159,159,female,Женский,Духтарона,В,Виё,Виё,Viyo,ВИЁ,ВИЁ,VIYO,True,"Қарори Ҳукумати Ҷумҳурии Тоҷикистон аз 26 феврали соли 2026, №98",False,,,Тоҷикӣ / Форсӣ,,
tj_f_viyomo_160,160,female,Женский,Духтарона,В,Виёмо,Виёмо,Viyomo,ВИЁМО,ВИЁМО,VIYOMO,True,"Қарори Ҳукумати Ҷумҳурии Тоҷикистон аз 26 феврали соли 2026, №98",False,,,Тоҷикӣ / Форсӣ,,
tj_f_vinush_161,161,female,Женский,Духтарона,В,Винуш,Винуш,Vinush,ВИНУШ,ВИНУШ,VINUSH,True,"Қарори Ҳукумати Ҷумҳурии Тоҷикистон аз 26 феврали соли 2026, №98",False,,,Тоҷикӣ / Форсӣ,,
tj_f_vis_162,162,female,Женский,Духтарона,В,Вис,Вис,Vis,ВИС,ВИС,VIS,True,"Қарори Ҳукумати Ҷумҳурии Тоҷикистон аз 26 феврали соли 2026, №98",False,,,Тоҷикӣ / Форсӣ,,
tj_f_visabonu_163,163,female,Женский,Духтарона,В,Висабону,Висабону,Visabonu,ВИСАБОНУ,ВИСАБОНУ,VISABONU,True,"Қарори Ҳукумати Ҷумҳурии Тоҷикистон аз 26 феврали соли 2026, №98",False,,,Тоҷикӣ / Форсӣ,,
tj_f_visol_164,164,female,Женский,Духтарона,В,Висол,Висол,Visol,ВИСОЛ,ВИСОЛ,VISOL,True,"Қарори Ҳукумати Ҷумҳурии Тоҷикистон аз 26 феврали соли 2026, №98",True,wisaal,"Воссоединение, встреча (с возлюбленным)",Арабское,стремящаяся; верная; духовная; любящая; страстная,"Арабское وِصَال (висаль) — «воссоединение, встреча с возлюбленным». В суфийской поэзии «висаль» — конечная цель духовного пути: встреча с Аллахом. Ибн аль-Фарид (1181–1235) — «sultan аль-ашикин» (господин влюблённых) — посвятил жизнь поэзии «висаля». Руми: «Когда я умру — не говорите, что я умер; я иду навстречу висалю». В Коране (89:28): «Войди к Господу твоему» — образ высшего «висаля»."
tj_f_visofarid_165,165,female,Женский,Духтарона,В,Висофарид,Висофарид,Visofarid,ВИСОФАРИД,ВИСОФАРИД,VISOFARID,True,"Қарори Ҳукумати Ҷумҳурии Тоҷикистон аз 26 феврали соли 2026, №98",False,,,Тоҷикӣ / Форсӣ,,
tj_f_vola_166,166,female,Женский,Духтарона,В,Вола,Вола,Vola,ВОЛА,ВОЛА,VOLA,True,"Қарори Ҳукумати Ҷумҳурии Тоҷикистон аз 26 феврали соли 2026, №98",False,,,Тоҷикӣ / Форсӣ,,
tj_f_volida_167,167,female,Женский,Духтарона,В,Волида,Волида,Volida,ВОЛИДА,ВОЛИДА,VOLIDA,True,"Қарори Ҳукумати Ҷумҳурии Тоҷикистон аз 26 феврали соли 2026, №98",False,,,Тоҷикӣ / Форсӣ,,
tj_f_vol_168,168,female,Женский,Духтарона,В,Воло,Воло,Volо,ВОЛО,ВОЛО,VOLО,True,"Қарори Ҳукумати Ҷумҳурии Тоҷикистон аз 26 феврали соли 2026, №98",False,,,Тоҷикӣ / Форсӣ,,
tj_f_volguhar_169,169,female,Женский,Духтарона,В,Вологуҳар,Вологухар,Volоguhar,ВОЛОГУҲАР,ВОЛОГУХАР,VOLОGUHAR,True,"Қарори Ҳукумати Ҷумҳурии Тоҷикистон аз 26 феврали соли 2026, №98",False,,,Тоҷикӣ / Форсӣ,,
tj_f_voldukht_170,170,female,Женский,Духтарона,В,Володухт,Володухт,Volоdukht,ВОЛОДУХТ,ВОЛОДУХТ,VOLОDUKHT,True,"Қарори Ҳукумати Ҷумҳурии Тоҷикистон аз 26 феврали соли 2026, №98",False,,,Тоҷикӣ / Форсӣ,,
tj_f_volosifat_171,171,female,Женский,Духтарона,В,Волосифат,Волосифат,Volosifat,ВОЛОСИФАТ,ВОЛОСИФАТ,VOLOSIFAT,True,"Қарори Ҳукумати Ҷумҳурии Тоҷикистон аз 26 феврали соли 2026, №98",False,,,Тоҷикӣ / Форсӣ,,
tj_f_volochehr_172,172,female,Женский,Духтарона,В,Волочеҳр,Волочехр,Volochehr,ВОЛОЧЕҲР,ВОЛОЧЕХР,VOLOCHEHR,True,"Қарори Ҳукумати Ҷумҳурии Тоҷикистон аз 26 феврали соли 2026, №98",False,,,Тоҷикӣ / Форсӣ,,
tj_f_vonusha_173,173,female,Женский,Духтарона,В,Вонуша,Вонуша,Vonusha,ВОНУША,ВОНУША,VONUSHA,True,"Қарори Ҳукумати Ҷумҳурии Тоҷикистон аз 26 феврали соли 2026, №98",False,,,Тоҷикӣ / Форсӣ,,
tj_f_vorasta_174,174,female,Женский,Духтарона,В,Вораста,Вораста,Vorasta,ВОРАСТА,ВОРАСТА,VORASTA,True,"Қарори Ҳукумати Ҷумҳурии Тоҷикистон аз 26 феврали соли 2026, №98",False,,,Тоҷикӣ / Форсӣ,,
tj_f_gavhar_175,175,female,Женский,Духтарона,Г,Гавҳар,Гавхар,Gavhar,ГАВҲАР,ГАВХАР,GAVHAR,True,"Қарори Ҳукумати Ҷумҳурии Тоҷикистон аз 26 феврали соли 2026, №98",False,,,Тоҷикӣ / Форсӣ,,
tj_f_gavharafshon_176,176,female,Женский,Духтарона,Г,Гавҳарафшон,Гавхарафшон,Gavharafshon,ГАВҲАРАФШОН,ГАВХАРАФШОН,GAVHARAFSHON,True,"Қарори Ҳукумати Ҷумҳурии Тоҷикистон аз 26 феврали соли 2026, №98",False,,,Тоҷикӣ / Форсӣ,,
tj_f_gavharbonu_177,177,female,Женский,Духтарона,Г,Гавҳарбону,Гавхарбону,Gavharbonu,ГАВҲАРБОНУ,ГАВХАРБОНУ,GAVHARBONU,True,"Қарори Ҳукумати Ҷумҳурии Тоҷикистон аз 26 феврали соли 2026, №98",False,,,Тоҷикӣ / Форсӣ,,
tj_f_gavharbor_178,178,female,Женский,Духтарона,Г,Гавҳарбор,Гавхарбор,Gavharbor,ГАВҲАРБОР,ГАВХАРБОР,GAVHARBOR,True,"Қарори Ҳукумати Ҷумҳурии Тоҷикистон аз 26 феврали соли 2026, №98",False,,,Тоҷикӣ / Форсӣ,,
tj_f_gavharnamo_179,179,female,Женский,Духтарона,Г,Гавҳарнамо,Гавхарнамо,Gavharnamo,ГАВҲАРНАМО,ГАВХАРНАМО,GAVHARNAMO,True,"Қарори Ҳукумати Ҷумҳурии Тоҷикистон аз 26 феврали соли 2026, №98",False,,,Тоҷикӣ / Форсӣ,,
tj_f_gavharnigin_180,180,female,Женский,Духтарона,Г,Гавҳарнигин,Гавхарнигин,Gavharnigin,ГАВҲАРНИГИН,ГАВХАРНИГИН,GAVHARNIGIN,True,"Қарори Ҳукумати Ҷумҳурии Тоҷикистон аз 26 феврали соли 2026, №98",False,,,Тоҷикӣ / Форсӣ,,
tj_f_gavharniso_181,181,female,Женский,Духтарона,Г,Гавҳарнисо,Гавхарнисо,Gavharniso,ГАВҲАРНИСО,ГАВХАРНИСО,GAVHARNISO,True,"Қарори Ҳукумати Ҷумҳурии Тоҷикистон аз 26 феврали соли 2026, №98",False,,,Тоҷикӣ / Форсӣ,,
tj_f_gavharnoz_182,182,female,Женский,Духтарона,Г,Гавҳарноз,Гавхарноз,Gavharnoz,ГАВҲАРНОЗ,ГАВХАРНОЗ,GAVHARNOZ,True,"Қарори Ҳукумати Ҷумҳурии Тоҷикистон аз 26 феврали соли 2026, №98",False,,,Тоҷикӣ / Форсӣ,,
tj_f_gavharon_183,183,female,Женский,Духтарона,Г,Гавҳарон,Гавхарон,Gavharon,ГАВҲАРОН,ГАВХАРОН,GAVHARON,True,"Қарори Ҳукумати Ҷумҳурии Тоҷикистон аз 26 феврали соли 2026, №98",False,,,Тоҷикӣ / Форсӣ,,
tj_f_gavharoro_184,184,female,Женский,Духтарона,Г,Гавҳароро,Гавхароро,Gavharoro,ГАВҲАРОРО,ГАВХАРОРО,GAVHARORO,True,"Қарори Ҳукумати Ҷумҳурии Тоҷикистон аз 26 феврали соли 2026, №98",False,,,Тоҷикӣ / Форсӣ,,
tj_f_gavharsimo_185,185,female,Женский,Духтарона,Г,Гавҳарсимо,Гавхарсимо,Gavharsimo,ГАВҲАРСИМО,ГАВХАРСИМО,GAVHARSIMO,True,"Қарори Ҳукумати Ҷумҳурии Тоҷикистон аз 26 феврали соли 2026, №98",False,,,Тоҷикӣ / Форсӣ,,
tj_f_gavharsirisht_186,186,female,Женский,Духтарона,Г,Гавҳарсиришт,Гавхарсиришт,Gavharsirisht,ГАВҲАРСИРИШТ,ГАВХАРСИРИШТ,GAVHARSIRISHT,True,"Қарори Ҳукумати Ҷумҳурии Тоҷикистон аз 26 феврали соли 2026, №98",False,,,Тоҷикӣ / Форсӣ,,
tj_f_gavhartoj_187,187,female,Женский,Духтарона,Г,Гавҳартоҷ,Гавхартодж,Gavhartoj,ГАВҲАРТОҶ,ГАВХАРТОДЖ,GAVHARTOJ,True,"Қарори Ҳукумати Ҷумҳурии Тоҷикистон аз 26 феврали соли 2026, №98",False,,,Тоҷикӣ / Форсӣ,,
tj_f_gavharfishon_188,188,female,Женский,Духтарона,Г,Гавҳарфишон,Гавхарфишон,Gavharfishon,ГАВҲАРФИШОН,ГАВХАРФИШОН,GAVHARFISHON,True,"Қарори Ҳукумати Ҷумҳурии Тоҷикистон аз 26 феврали соли 2026, №98",False,,,Тоҷикӣ / Форсӣ,,
tj_f_gavharshod_189,189,female,Женский,Духтарона,Г,Гавҳаршод,Гавхаршод,Gavharshod,ГАВҲАРШОД,ГАВХАРШОД,GAVHARSHOD,True,"Қарори Ҳукумати Ҷумҳурии Тоҷикистон аз 26 феврали соли 2026, №98",False,,,Тоҷикӣ / Форсӣ,,
tj_f_gavharshon_190,190,female,Женский,Духтарона,Г,Гавҳаршон,Гавхаршон,Gavharshon,ГАВҲАРШОН,ГАВХАРШОН,GAVHARSHON,True,"Қарори Ҳукумати Ҷумҳурии Тоҷикистон аз 26 феврали соли 2026, №98",False,,,Тоҷикӣ / Форсӣ,,
tj_f_ganjafzo_191,191,female,Женский,Духтарона,Г,Ганҷафзо,Ганджафзо,Ganjafzo,ГАНҶАФЗО,ГАНДЖАФЗО,GANJAFZO,True,"Қарори Ҳукумати Ҷумҳурии Тоҷикистон аз 26 феврали соли 2026, №98",False,,,Тоҷикӣ / Форсӣ,,
tj_f_ganjafshon_192,192,female,Женский,Духтарона,Г,Ганҷафшон,Ганджафшон,Ganjafshon,ГАНҶАФШОН,ГАНДЖАФШОН,GANJAFSHON,True,"Қарори Ҳукумати Ҷумҳурии Тоҷикистон аз 26 феврали соли 2026, №98",False,,,Тоҷикӣ / Форсӣ,,
tj_f_ganjibonu_193,193,female,Женский,Духтарона,Г,Ганҷибону,Ганджибону,Ganjibonu,ГАНҶИБОНУ,ГАНДЖИБОНУ,GANJIBONU,True,"Қарори Ҳукумати Ҷумҳурии Тоҷикистон аз 26 феврали соли 2026, №98",False,,,Тоҷикӣ / Форсӣ,,
tj_f_ganjina_194,194,female,Женский,Духтарона,Г,Ганҷина,Ганджина,Ganjina,ГАНҶИНА,ГАНДЖИНА,GANJINA,True,"Қарори Ҳукумати Ҷумҳурии Тоҷикистон аз 26 феврали соли 2026, №98",False,,,Тоҷикӣ / Форсӣ,,
tj_f_ganjiniso_195,195,female,Женский,Духтарона,Г,Ганҷинисо,Ганджинисо,Ganjiniso,ГАНҶИНИСО,ГАНДЖИНИСО,GANJINISO,True,"Қарори Ҳукумати Ҷумҳурии Тоҷикистон аз 26 феврали соли 2026, №98",False,,,Тоҷикӣ / Форсӣ,,
tj_f_ganji_196,196,female,Женский,Духтарона,Г,Ганҷӣ,Ганджи,Ganji,ГАНҶӢ,ГАНДЖИ,GANJI,True,"Қарори Ҳукумати Ҷумҳурии Тоҷикистон аз 26 феврали соли 2026, №98",False,,,Тоҷикӣ / Форсӣ,,
tj_f_ganjmehr_197,197,female,Женский,Духтарона,Г,Ганҷмеҳр,Ганджмехр,Ganjmehr,ГАНҶМЕҲР,ГАНДЖМЕХР,GANJMEHR,True,"Қарори Ҳукумати Ҷумҳурии Тоҷикистон аз 26 феврали соли 2026, №98",False,,,Тоҷикӣ / Форсӣ,,
tj_f_ganjnamo_198,198,female,Женский,Духтарона,Г,Ганҷнамо,Ганджнамо,Ganjnamo,ГАНҶНАМО,ГАНДЖНАМО,GANJNAMO,True,"Қарори Ҳукумати Ҷумҳурии Тоҷикистон аз 26 феврали соли 2026, №98",False,,,Тоҷикӣ / Форсӣ,,
tj_f_gesu_199,199,female,Женский,Духтарона,Г,Гесу,Гесу,Gesu,ГЕСУ,ГЕСУ,GESU,True,"Қарори Ҳукумати Ҷумҳурии Тоҷикистон аз 26 феврали соли 2026, №98",False,,,Тоҷикӣ / Форсӣ,,
tj_f_gesuvon_200,200,female,Женский,Духтарона,Г,Гесувон,Гесувон,Gesuvon,ГЕСУВОН,ГЕСУВОН,GESUVON,True,"Қарори Ҳукумати Ҷумҳурии Тоҷикистон аз 26 феврали соли 2026, №98",False,,,Тоҷикӣ / Форсӣ,,
tj_f_gesukamand_201,201,female,Женский,Духтарона,Г,Гесукаманд,Гесукаманд,Gesukamand,ГЕСУКАМАНД,ГЕСУКАМАНД,GESUKAMAND,True,"Қарори Ҳукумати Ҷумҳурии Тоҷикистон аз 26 феврали соли 2026, №98",False,,,Тоҷикӣ / Форсӣ,,
tj_f_gesukamon_202,202,female,Женский,Духтарона,Г,Гесукамон,Гесукамон,Gesukamon,ГЕСУКАМОН,ГЕСУКАМОН,GESUKAMON,True,"Қарори Ҳукумати Ҷумҳурии Тоҷикистон аз 26 феврали соли 2026, №98",False,,,Тоҷикӣ / Форсӣ,,
tj_f_gesupari_203,203,female,Женский,Духтарона,Г,Гесупарӣ,Гесупари,Gesupari,ГЕСУПАРӢ,ГЕСУПАРИ,GESUPARI,True,"Қарори Ҳукумати Ҷумҳурии Тоҷикистон аз 26 феврали соли 2026, №98",False,,,Тоҷикӣ / Форсӣ,,
tj_f_gesupechon_204,204,female,Женский,Духтарона,Г,Гесупечон,Гесупечон,Gesupechon,ГЕСУПЕЧОН,ГЕСУПЕЧОН,GESUPECHON,True,"Қарори Ҳукумати Ҷумҳурии Тоҷикистон аз 26 феврали соли 2026, №98",False,,,Тоҷикӣ / Форсӣ,,
tj_f_gesupisand_205,205,female,Женский,Духтарона,Г,Гесуписанд,Гесуписанд,Gesupisand,ГЕСУПИСАНД,ГЕСУПИСАНД,GESUPISAND,True,"Қарори Ҳукумати Ҷумҳурии Тоҷикистон аз 26 феврали соли 2026, №98",False,,,Тоҷикӣ / Форсӣ,,
tj_f_gesusanam_206,206,female,Женский,Духтарона,Г,Гесусанам,Гесусанам,Gesusanam,ГЕСУСАНАМ,ГЕСУСАНАМ,GESUSANAM,True,"Қарори Ҳукумати Ҷумҳурии Тоҷикистон аз 26 феврали соли 2026, №98",False,,,Тоҷикӣ / Форсӣ,,
tj_f_gesutalo_207,207,female,Женский,Духтарона,Г,Гесутало,Гесутало,Gesutalo,ГЕСУТАЛО,ГЕСУТАЛО,GESUTALO,True,"Қарори Ҳукумати Ҷумҳурии Тоҷикистон аз 26 феврали соли 2026, №98",False,,,Тоҷикӣ / Форсӣ,,
tj_f_gesufar_208,208,female,Женский,Духтарона,Г,Гесуфар,Гесуфар,Gesufar,ГЕСУФАР,ГЕСУФАР,GESUFAR,True,"Қарори Ҳукумати Ҷумҳурии Тоҷикистон аз 26 феврали соли 2026, №98",False,,,Тоҷикӣ / Форсӣ,,
tj_f_gesushed_209,209,female,Женский,Духтарона,Г,Гесушед,Гесушед,Gesushed,ГЕСУШЕД,ГЕСУШЕД,GESUSHED,True,"Қарори Ҳукумати Ҷумҳурии Тоҷикистон аз 26 феврали соли 2026, №98",False,,,Тоҷикӣ / Форсӣ,,
tj_f_getinamo_210,210,female,Женский,Духтарона,Г,Гетинамо,Гетинамо,Getinamo,ГЕТИНАМО,ГЕТИНАМО,GETINAMO,True,"Қарори Ҳукумати Ҷумҳурии Тоҷикистон аз 26 феврали соли 2026, №98",False,,,Тоҷикӣ / Форсӣ,,
tj_f_getifuruz_211,211,female,Женский,Духтарона,Г,Гетифурӯз,Гетифуруз,Getifuruz,ГЕТИФУРӮЗ,ГЕТИФУРУЗ,GETIFURUZ,True,"Қарори Ҳукумати Ҷумҳурии Тоҷикистон аз 26 феврали соли 2026, №98",False,,,Тоҷикӣ / Форсӣ,,
tj_f_geti_212,212,female,Женский,Духтарона,Г,Гетӣ,Гети,Geti,ГЕТӢ,ГЕТИ,GETI,True,"Қарори Ҳукумати Ҷумҳурии Тоҷикистон аз 26 феврали соли 2026, №98",False,,,Тоҷикӣ / Форсӣ,,
tj_f_giso_213,213,female,Женский,Духтарона,Г,Гисо,Гисо,Giso,ГИСО,ГИСО,GISO,True,"Қарори Ҳукумати Ҷумҳурии Тоҷикистон аз 26 феврали соли 2026, №98",False,,,Тоҷикӣ / Форсӣ,,
tj_f_gul_214,214,female,Женский,Духтарона,Г,Гул,Гул,Gul,ГУЛ,ГУЛ,GUL,True,"Қарори Ҳукумати Ҷумҳурии Тоҷикистон аз 26 феврали соли 2026, №98",False,,,Тоҷикӣ / Форсӣ,,
tj_f_gulandom_215,215,female,Женский,Духтарона,Г,Гуландом,Гуландом,Gulandom,ГУЛАНДОМ,ГУЛАНДОМ,GULANDOM,True,"Қарори Ҳукумати Ҷумҳурии Тоҷикистон аз 26 феврали соли 2026, №98",False,,,Тоҷикӣ / Форсӣ,,
tj_f_gulnor_216,216,female,Женский,Духтарона,Г,Гуланор,Гуланор,Gulаnor,ГУЛАНОР,ГУЛАНОР,GULАNOR,True,"Қарори Ҳукумати Ҷумҳурии Тоҷикистон аз 26 феврали соли 2026, №98",False,,,Тоҷикӣ / Форсӣ,,
tj_f_gularus_217,217,female,Женский,Духтарона,Г,Гуларус,Гуларус,Gularus,ГУЛАРУС,ГУЛАРУС,GULARUS,True,"Қарори Ҳукумати Ҷумҳурии Тоҷикистон аз 26 феврали соли 2026, №98",False,,,Тоҷикӣ / Форсӣ,,
tj_f_gulasal_218,218,female,Женский,Духтарона,Г,Гуласал,Гуласал,Gulasal,ГУЛАСАЛ,ГУЛАСАЛ,GULASAL,True,"Қарори Ҳукумати Ҷумҳурии Тоҷикистон аз 26 феврали соли 2026, №98",False,,,Тоҷикӣ / Форсӣ,,
tj_f_gulafzo_219,219,female,Женский,Духтарона,Г,Гулафзо,Гулафзо,Gulafzo,ГУЛАФЗО,ГУЛАФЗО,GULAFZO,True,"Қарори Ҳукумати Ҷумҳурии Тоҷикистон аз 26 феврали соли 2026, №98",False,,,Тоҷикӣ / Форсӣ,,
tj_f_gulafruz_220,220,female,Женский,Духтарона,Г,Гулафрӯз,Гулафруз,Gulafruz,ГУЛАФРӮЗ,ГУЛАФРУЗ,GULAFRUZ,True,"Қарори Ҳукумати Ҷумҳурии Тоҷикистон аз 26 феврали соли 2026, №98",False,,,Тоҷикӣ / Форсӣ,,
tj_f_gulafshon_221,221,female,Женский,Духтарона,Г,Гулафшон,Гулафшон,Gulafshon,ГУЛАФШОН,ГУЛАФШОН,GULAFSHON,True,"Қарори Ҳукумати Ҷумҳурии Тоҷикистон аз 26 феврали соли 2026, №98",False,,,Тоҷикӣ / Форсӣ,,
tj_f_gulakhtar_222,222,female,Женский,Духтарона,Г,Гулахтар,Гулахтар,Gulakhtar,ГУЛАХТАР,ГУЛАХТАР,GULAKHTAR,True,"Қарори Ҳукумати Ҷумҳурии Тоҷикистон аз 26 феврали соли 2026, №98",False,,,Тоҷикӣ / Форсӣ,,
tj_f_gulbadan_223,223,female,Женский,Духтарона,Г,Гулбадан,Гулбадан,Gulbadan,ГУЛБАДАН,ГУЛБАДАН,GULBADAN,True,"Қарори Ҳукумати Ҷумҳурии Тоҷикистон аз 26 феврали соли 2026, №98",False,,,Тоҷикӣ / Форсӣ,,
tj_f_gulbarg_224,224,female,Женский,Духтарона,Г,Гулбарг,Гулбарг,Gulbarg,ГУЛБАРГ,ГУЛБАРГ,GULBARG,True,"Қарори Ҳукумати Ҷумҳурии Тоҷикистон аз 26 феврали соли 2026, №98",False,,,Тоҷикӣ / Форсӣ,,
tj_f_gulbakhsh_225,225,female,Женский,Духтарона,Г,Гулбахш,Гулбахш,Gulbakhsh,ГУЛБАХШ,ГУЛБАХШ,GULBAKHSH,True,"Қарори Ҳукумати Ҷумҳурии Тоҷикистон аз 26 феврали соли 2026, №98",False,,,Тоҷикӣ / Форсӣ,,
tj_f_gulbahor_226,226,female,Женский,Духтарона,Г,Гулбаҳор,Гулбахор,Gulbahor,ГУЛБАҲОР,ГУЛБАХОР,GULBAHOR,True,"Қарори Ҳукумати Ҷумҳурии Тоҷикистон аз 26 феврали соли 2026, №98",True,gulbahor,Весенний цветок,Персидское,красивая; весёлая; нежная,"«Гул» — цветок, «бахор» — весна. Имя символизирует красоту и обновление."
tj_f_gulbez_227,227,female,Женский,Духтарона,Г,Гулбез,Гулбез,Gulbez,ГУЛБЕЗ,ГУЛБЕЗ,GULBEZ,True,"Қарори Ҳукумати Ҷумҳурии Тоҷикистон аз 26 феврали соли 2026, №98",False,,,Тоҷикӣ / Форсӣ,,
tj_f_gulboda_228,228,female,Женский,Духтарона,Г,Гулбода,Гулбода,Gulboda,ГУЛБОДА,ГУЛБОДА,GULBODA,True,"Қарори Ҳукумати Ҷумҳурии Тоҷикистон аз 26 феврали соли 2026, №98",False,,,Тоҷикӣ / Форсӣ,,
tj_f_gulbom_229,229,female,Женский,Духтарона,Г,Гулбом,Гулбом,Gulbom,ГУЛБОМ,ГУЛБОМ,GULBOM,True,"Қарори Ҳукумати Ҷумҳурии Тоҷикистон аз 26 феврали соли 2026, №98",False,,,Тоҷикӣ / Форсӣ,,
tj_f_gulbonu_230,230,female,Женский,Духтарона,Г,Гулбону,Гулбону,Gulbonu,ГУЛБОНУ,ГУЛБОНУ,GULBONU,True,"Қарори Ҳукумати Ҷумҳурии Тоҷикистон аз 26 феврали соли 2026, №98",False,,,Тоҷикӣ / Форсӣ,,
tj_f_gulbun_231,231,female,Женский,Духтарона,Г,Гулбун,Гулбун,Gulbun,ГУЛБУН,ГУЛБУН,GULBUN,True,"Қарори Ҳукумати Ҷумҳурии Тоҷикистон аз 26 феврали соли 2026, №98",False,,,Тоҷикӣ / Форсӣ,,
tj_f_gulbuna_232,232,female,Женский,Духтарона,Г,Гулбуна,Гулбуна,Gulbuna,ГУЛБУНА,ГУЛБУНА,GULBUNA,True,"Қарори Ҳукумати Ҷумҳурии Тоҷикистон аз 26 феврали соли 2026, №98",False,,,Тоҷикӣ / Форсӣ,,
tj_f_gulbu_233,233,female,Женский,Духтарона,Г,Гулбӯ,Гулбу,Gulbu,ГУЛБӮ,ГУЛБУ,GULBU,True,"Қарори Ҳукумати Ҷумҳурии Тоҷикистон аз 26 феврали соли 2026, №98",False,,,Тоҷикӣ / Форсӣ,,
tj_f_gulbuy_234,234,female,Женский,Духтарона,Г,Гулбӯй,Гулбуй,Gulbuy,ГУЛБӮЙ,ГУЛБУЙ,GULBUY,True,"Қарори Ҳукумати Ҷумҳурии Тоҷикистон аз 26 феврали соли 2026, №98",False,,,Тоҷикӣ / Форсӣ,,
tj_f_gulvash_235,235,female,Женский,Духтарона,Г,Гулваш,Гулваш,Gulvash,ГУЛВАШ,ГУЛВАШ,GULVASH,True,"Қарори Ҳукумати Ҷумҳурии Тоҷикистон аз 26 феврали соли 2026, №98",False,,,Тоҷикӣ / Форсӣ,,
tj_f_gulvezha_236,236,female,Женский,Духтарона,Г,Гулвежа,Гулвежа,Gulvezha,ГУЛВЕЖА,ГУЛВЕЖА,GULVEZHA,True,"Қарори Ҳукумати Ҷумҳурии Тоҷикистон аз 26 феврали соли 2026, №98",False,,,Тоҷикӣ / Форсӣ,,
tj_f_gulvisol_237,237,female,Женский,Духтарона,Г,Гулвисол,Гулвисол,Gulvisol,ГУЛВИСОЛ,ГУЛВИСОЛ,GULVISOL,True,"Қарори Ҳукумати Ҷумҳурии Тоҷикистон аз 26 феврали соли 2026, №98",False,,,Тоҷикӣ / Форсӣ,,
tj_f_gulgun_238,238,female,Женский,Духтарона,Г,Гулгун,Гулгун,Gulgun,ГУЛГУН,ГУЛГУН,GULGUN,True,"Қарори Ҳукумати Ҷумҳурии Тоҷикистон аз 26 феврали соли 2026, №98",False,,,Тоҷикӣ / Форсӣ,,
tj_f_gulguna_239,239,female,Женский,Духтарона,Г,Гулгуна,Гулгуна,Gulguna,ГУЛГУНА,ГУЛГУНА,GULGUNA,True,"Қарори Ҳукумати Ҷумҳурии Тоҷикистон аз 26 феврали соли 2026, №98",False,,,Тоҷикӣ / Форсӣ,,
tj_f_gulghuncha_240,240,female,Женский,Духтарона,Г,Гулғунча,Гулгунча,Gulghuncha,ГУЛҒУНЧА,ГУЛГУНЧА,GULGHUNCHA,True,"Қарори Ҳукумати Ҷумҳурии Тоҷикистон аз 26 феврали соли 2026, №98",False,,,Тоҷикӣ / Форсӣ,,
tj_f_guldasta_241,241,female,Женский,Духтарона,Г,Гулдаста,Гулдаста,Guldasta,ГУЛДАСТА,ГУЛДАСТА,GULDASTA,True,"Қарори Ҳукумати Ҷумҳурии Тоҷикистон аз 26 феврали соли 2026, №98",False,,,Тоҷикӣ / Форсӣ,,
tj_f_guldis_242,242,female,Женский,Духтарона,Г,Гулдис,Гулдис,Guldis,ГУЛДИС,ГУЛДИС,GULDIS,True,"Қарори Ҳукумати Ҷумҳурии Тоҷикистон аз 26 феврали соли 2026, №98",False,,,Тоҷикӣ / Форсӣ,,
tj_f_guldona_243,243,female,Женский,Духтарона,Г,Гулдона,Гулдона,Guldona,ГУЛДОНА,ГУЛДОНА,GULDONA,True,"Қарори Ҳукумати Ҷумҳурии Тоҷикистон аз 26 феврали соли 2026, №98",False,,,Тоҷикӣ / Форсӣ,,
tj_f_gulzar_244,244,female,Женский,Духтарона,Г,Гулзар,Гулзар,Gulzar,ГУЛЗАР,ГУЛЗАР,GULZAR,True,"Қарори Ҳукумати Ҷумҳурии Тоҷикистон аз 26 феврали соли 2026, №98",False,,,Тоҷикӣ / Форсӣ,,
tj_f_gulzeb_245,245,female,Женский,Духтарона,Г,Гулзеб,Гулзеб,Gulzeb,ГУЛЗЕБ,ГУЛЗЕБ,GULZEB,True,"Қарори Ҳукумати Ҷумҳурии Тоҷикистон аз 26 феврали соли 2026, №98",False,,,Тоҷикӣ / Форсӣ,,
tj_f_gulzira_246,246,female,Женский,Духтарона,Г,Гулзира,Гулзира,Gulzira,ГУЛЗИРА,ГУЛЗИРА,GULZIRA,True,"Қарори Ҳукумати Ҷумҳурии Тоҷикистон аз 26 феврали соли 2026, №98",False,,,Тоҷикӣ / Форсӣ,,
tj_f_gulzor_247,247,female,Женский,Духтарона,Г,Гулзор,Гулзор,Gulzor,ГУЛЗОР,ГУЛЗОР,GULZOR,True,"Қарори Ҳукумати Ҷумҳурии Тоҷикистон аз 26 феврали соли 2026, №98",False,,,Тоҷикӣ / Форсӣ,,
tj_f_gulina_248,248,female,Женский,Духтарона,Г,Гулина,Гулина,Gulina,ГУЛИНА,ГУЛИНА,GULINA,True,"Қарори Ҳукумати Ҷумҳурии Тоҷикистон аз 26 феврали соли 2026, №98",False,,,Тоҷикӣ / Форсӣ,,
tj_f_guliston_249,249,female,Женский,Духтарона,Г,Гулистон,Гулистон,Guliston,ГУЛИСТОН,ГУЛИСТОН,GULISTON,True,"Қарори Ҳукумати Ҷумҳурии Тоҷикистон аз 26 феврали соли 2026, №98",False,,,Тоҷикӣ / Форсӣ,,
tj_f_gulmehr_250,250,female,Женский,Духтарона,Г,Гулмеҳр,Гулмехр,Gulmehr,ГУЛМЕҲР,ГУЛМЕХР,GULMEHR,True,"Қарори Ҳукумати Ҷумҳурии Тоҷикистон аз 26 феврали соли 2026, №98",False,,,Тоҷикӣ / Форсӣ,,
tj_f_gulmoh_251,251,female,Женский,Духтарона,Г,Гулмоҳ,Гулмох,Gulmoh,ГУЛМОҲ,ГУЛМОХ,GULMOH,True,"Қарори Ҳукумати Ҷумҳурии Тоҷикистон аз 26 феврали соли 2026, №98",False,,,Тоҷикӣ / Форсӣ,,
tj_f_gulnavoz_252,252,female,Женский,Духтарона,Г,Гулнавоз,Гулнавоз,Gulnavoz,ГУЛНАВОЗ,ГУЛНАВОЗ,GULNAVOZ,True,"Қарори Ҳукумати Ҷумҳурии Тоҷикистон аз 26 феврали соли 2026, №98",False,,,Тоҷикӣ / Форсӣ,,
tj_f_gulnamo_253,253,female,Женский,Духтарона,Г,Гулнамо,Гулнамо,Gulnamo,ГУЛНАМО,ГУЛНАМО,GULNAMO,True,"Қарори Ҳукумати Ҷумҳурии Тоҷикистон аз 26 феврали соли 2026, №98",False,,,Тоҷикӣ / Форсӣ,,
tj_f_gulnafas_254,254,female,Женский,Духтарона,Г,Гулнафас,Гулнафас,Gulnafas,ГУЛНАФАС,ГУЛНАФАС,GULNAFAS,True,"Қарори Ҳукумати Ҷумҳурии Тоҷикистон аз 26 феврали соли 2026, №98",False,,,Тоҷикӣ / Форсӣ,,
tj_f_gulnigor_255,255,female,Женский,Духтарона,Г,Гулнигор,Гулнигор,Gulnigor,ГУЛНИГОР,ГУЛНИГОР,GULNIGOR,True,"Қарори Ҳукумати Ҷумҳурии Тоҷикистон аз 26 феврали соли 2026, №98",False,,,Тоҷикӣ / Форсӣ,,
tj_f_gulnizor_256,256,female,Женский,Духтарона,Г,Гулнизор,Гулнизор,Gulnizor,ГУЛНИЗОР,ГУЛНИЗОР,GULNIZOR,True,"Қарори Ҳукумати Ҷумҳурии Тоҷикистон аз 26 феврали соли 2026, №98",False,,,Тоҷикӣ / Форсӣ,,
tj_f_gulnisor_257,257,female,Женский,Духтарона,Г,Гулнисор,Гулнисор,Gulnisor,ГУЛНИСОР,ГУЛНИСОР,GULNISOR,True,"Қарори Ҳукумати Ҷумҳурии Тоҷикистон аз 26 феврали соли 2026, №98",False,,,Тоҷикӣ / Форсӣ,,
tj_f_gulnihod_258,258,female,Женский,Духтарона,Г,Гулниҳод,Гулниход,Gulnihod,ГУЛНИҲОД,ГУЛНИХОД,GULNIHOD,True,"Қарори Ҳукумати Ҷумҳурии Тоҷикистон аз 26 феврали соли 2026, №98",False,,,Тоҷикӣ / Форсӣ,,
tj_f_gulnoz_259,259,female,Женский,Духтарона,Г,Гулноз,Гулноз,Gulnoz,ГУЛНОЗ,ГУЛНОЗ,GULNOZ,True,"Қарори Ҳукумати Ҷумҳурии Тоҷикистон аз 26 феврали соли 2026, №98",True,gulnaz,Нежная как цветок,Тюркско-персидское,красивая; нежная; грациозная; добрая,"Имя, сочетающее тюркское «гуль» (цветок) и персидское «наз» (нега, грация). Популярно среди татарских и башкирских женщин."
tj_f_gulnor_260,260,female,Женский,Духтарона,Г,Гулнор,Гулнор,Gulnor,ГУЛНОР,ГУЛНОР,GULNOR,True,"Қарори Ҳукумати Ҷумҳурии Тоҷикистон аз 26 феврали соли 2026, №98",False,,,Тоҷикӣ / Форсӣ,,
tj_f_gulnur_261,261,female,Женский,Духтарона,Г,Гулнур,Гулнур,Gulnur,ГУЛНУР,ГУЛНУР,GULNUR,True,"Қарори Ҳукумати Ҷумҳурии Тоҷикистон аз 26 феврали соли 2026, №98",False,,,Тоҷикӣ / Форсӣ,,
tj_f_gulnush_262,262,female,Женский,Духтарона,Г,Гулнуш,Гулнуш,Gulnush,ГУЛНУШ,ГУЛНУШ,GULNUSH,True,"Қарори Ҳукумати Ҷумҳурии Тоҷикистон аз 26 феврали соли 2026, №98",False,,,Тоҷикӣ / Форсӣ,,
tj_f_gulob_263,263,female,Женский,Духтарона,Г,Гулоб,Гулоб,Gulob,ГУЛОБ,ГУЛОБ,GULOB,True,"Қарори Ҳукумати Ҷумҳурии Тоҷикистон аз 26 феврали соли 2026, №98",False,,,Тоҷикӣ / Форсӣ,,
tj_f_gulovazh_264,264,female,Женский,Духтарона,Г,Гуловаж,Гуловаж,Gulovazh,ГУЛОВАЖ,ГУЛОВАЖ,GULOVAZH,True,"Қарори Ҳукумати Ҷумҳурии Тоҷикистон аз 26 феврали соли 2026, №98",False,,,Тоҷикӣ / Форсӣ,,
tj_f_gulovez_265,265,female,Женский,Духтарона,Г,Гуловез,Гуловез,Gulovez,ГУЛОВЕЗ,ГУЛОВЕЗ,GULOVEZ,True,"Қарори Ҳукумати Ҷумҳурии Тоҷикистон аз 26 феврали соли 2026, №98",False,,,Тоҷикӣ / Форсӣ,,
tj_f_guloro_266,266,female,Женский,Духтарона,Г,Гулоро,Гулоро,Guloro,ГУЛОРО,ГУЛОРО,GULORO,True,"Қарори Ҳукумати Ҷумҳурии Тоҷикистон аз 26 феврали соли 2026, №98",False,,,Тоҷикӣ / Форсӣ,,
tj_f_guloso_267,267,female,Женский,Духтарона,Г,Гулосо,Гулосо,Guloso,ГУЛОСО,ГУЛОСО,GULOSO,True,"Қарори Ҳукумати Ҷумҳурии Тоҷикистон аз 26 феврали соли 2026, №98",False,,,Тоҷикӣ / Форсӣ,,
tj_f_gulofarid_268,268,female,Женский,Духтарона,Г,Гулофарид,Гулофарид,Gulofarid,ГУЛОФАРИД,ГУЛОФАРИД,GULOFARID,True,"Қарори Ҳукумати Ҷумҳурии Тоҷикистон аз 26 феврали соли 2026, №98",False,,,Тоҷикӣ / Форсӣ,,
tj_f_gulpaykar_269,269,female,Женский,Духтарона,Г,Гулпайкар,Гулпайкар,Gulpaykar,ГУЛПАЙКАР,ГУЛПАЙКАР,GULPAYKAR,True,"Қарори Ҳукумати Ҷумҳурии Тоҷикистон аз 26 феврали соли 2026, №98",False,,,Тоҷикӣ / Форсӣ,,
tj_f_gulpar_270,270,female,Женский,Духтарона,Г,Гулпар,Гулпар,Gulpar,ГУЛПАР,ГУЛПАР,GULPAR,True,"Қарори Ҳукумати Ҷумҳурии Тоҷикистон аз 26 феврали соли 2026, №98",False,,,Тоҷикӣ / Форсӣ,,
tj_f_gulpari_271,271,female,Женский,Духтарона,Г,Гулпарӣ,Гулпари,Gulpari,ГУЛПАРӢ,ГУЛПАРИ,GULPARI,True,"Қарори Ҳукумати Ҷумҳурии Тоҷикистон аз 26 феврали соли 2026, №98",False,,,Тоҷикӣ / Форсӣ,,
tj_f_gulpuna_272,272,female,Женский,Духтарона,Г,Гулпуна,Гулпуна,Gulpuna,ГУЛПУНА,ГУЛПУНА,GULPUNA,True,"Қарори Ҳукумати Ҷумҳурии Тоҷикистон аз 26 феврали соли 2026, №98",False,,,Тоҷикӣ / Форсӣ,,
tj_f_gulrabo_273,273,female,Женский,Духтарона,Г,Гулрабо,Гулрабо,Gulrabo,ГУЛРАБО,ГУЛРАБО,GULRABO,True,"Қарори Ҳукумати Ҷумҳурии Тоҷикистон аз 26 феврали соли 2026, №98",False,,,Тоҷикӣ / Форсӣ,,
tj_f_gulrang_274,274,female,Женский,Духтарона,Г,Гулранг,Гулранг,Gulrang,ГУЛРАНГ,ГУЛРАНГ,GULRANG,True,"Қарори Ҳукумати Ҷумҳурии Тоҷикистон аз 26 феврали соли 2026, №98",False,,,Тоҷикӣ / Форсӣ,,
tj_f_gulrasta_275,275,female,Женский,Духтарона,Г,Гулраста,Гулраста,Gulrasta,ГУЛРАСТА,ГУЛРАСТА,GULRASTA,True,"Қарори Ҳукумати Ҷумҳурии Тоҷикистон аз 26 феврали соли 2026, №98",False,,,Тоҷикӣ / Форсӣ,,
tj_f_gulraftor_276,276,female,Женский,Духтарона,Г,Гулрафтор,Гулрафтор,Gulraftor,ГУЛРАФТОР,ГУЛРАФТОР,GULRAFTOR,True,"Қарори Ҳукумати Ҷумҳурии Тоҷикистон аз 26 феврали соли 2026, №98",False,,,Тоҷикӣ / Форсӣ,,
tj_f_gulrez_277,277,female,Женский,Духтарона,Г,Гулрез,Гулрез,Gulrez,ГУЛРЕЗ,ГУЛРЕЗ,GULREZ,True,"Қарори Ҳукумати Ҷумҳурии Тоҷикистон аз 26 феврали соли 2026, №98",False,,,Тоҷикӣ / Форсӣ,,
tj_f_gulreza_278,278,female,Женский,Духтарона,Г,Гулреза,Гулреза,Gulreza,ГУЛРЕЗА,ГУЛРЕЗА,GULREZA,True,"Қарори Ҳукумати Ҷумҳурии Тоҷикистон аз 26 феврали соли 2026, №98",False,,,Тоҷикӣ / Форсӣ,,
tj_f_gulrukh_279,279,female,Женский,Духтарона,Г,Гулрух,Гулрух,Gulrukh,ГУЛРУХ,ГУЛРУХ,GULRUKH,True,"Қарори Ҳукумати Ҷумҳурии Тоҷикистон аз 26 феврали соли 2026, №98",False,,,Тоҷикӣ / Форсӣ,,
tj_f_gulrukhon_280,280,female,Женский,Духтарона,Г,Гулрухон,Гулрухон,Gulrukhon,ГУЛРУХОН,ГУЛРУХОН,GULRUKHON,True,"Қарори Ҳукумати Ҷумҳурии Тоҷикистон аз 26 феврали соли 2026, №98",False,,,Тоҷикӣ / Форсӣ,,
tj_f_gulrukhsor_281,281,female,Женский,Духтарона,Г,Гулрухсор,Гулрухсор,Gulrukhsor,ГУЛРУХСОР,ГУЛРУХСОР,GULRUKHSOR,True,"Қарори Ҳукумати Ҷумҳурии Тоҷикистон аз 26 феврали соли 2026, №98",False,,,Тоҷикӣ / Форсӣ,,
tj_f_gulru_282,282,female,Женский,Духтарона,Г,Гулрӯ,Гулру,Gulru,ГУЛРӮ,ГУЛРУ,GULRU,True,"Қарори Ҳукумати Ҷумҳурии Тоҷикистон аз 26 феврали соли 2026, №98",False,,,Тоҷикӣ / Форсӣ,,
tj_f_gulsanam_283,283,female,Женский,Духтарона,Г,Гулсанам,Гулсанам,Gulsanam,ГУЛСАНАМ,ГУЛСАНАМ,GULSANAM,True,"Қарори Ҳукумати Ҷумҳурии Тоҷикистон аз 26 феврали соли 2026, №98",False,,,Тоҷикӣ / Форсӣ,,
tj_f_gulsara_284,284,female,Женский,Духтарона,Г,Гулсара,Гулсара,Gulsara,ГУЛСАРА,ГУЛСАРА,GULSARA,True,"Қарори Ҳукумати Ҷумҳурии Тоҷикистон аз 26 феврали соли 2026, №98",False,,,Тоҷикӣ / Форсӣ,,
tj_f_gulsimo_285,285,female,Женский,Духтарона,Г,Гулсимо,Гулсимо,Gulsimo,ГУЛСИМО,ГУЛСИМО,GULSIMO,True,"Қарори Ҳукумати Ҷумҳурии Тоҷикистон аз 26 феврали соли 2026, №98",False,,,Тоҷикӣ / Форсӣ,,
tj_f_gulsifat_286,286,female,Женский,Духтарона,Г,Гулсифат,Гулсифат,Gulsifat,ГУЛСИФАТ,ГУЛСИФАТ,GULSIFAT,True,"Қарори Ҳукумати Ҷумҳурии Тоҷикистон аз 26 феврали соли 2026, №98",False,,,Тоҷикӣ / Форсӣ,,
tj_f_gulson_287,287,female,Женский,Духтарона,Г,Гулсон,Гулсон,Gulson,ГУЛСОН,ГУЛСОН,GULSON,True,"Қарори Ҳукумати Ҷумҳурии Тоҷикистон аз 26 феврали соли 2026, №98",False,,,Тоҷикӣ / Форсӣ,,
tj_f_gulsuman_288,288,female,Женский,Духтарона,Г,Гулсуман,Гулсуман,Gulsuman,ГУЛСУМАН,ГУЛСУМАН,GULSUMAN,True,"Қарори Ҳукумати Ҷумҳурии Тоҷикистон аз 26 феврали соли 2026, №98",False,,,Тоҷикӣ / Форсӣ,,
tj_f_gulsukhan_289,289,female,Женский,Духтарона,Г,Гулсухан,Гулсухан,Gulsukhan,ГУЛСУХАН,ГУЛСУХАН,GULSUKHAN,True,"Қарори Ҳукумати Ҷумҳурии Тоҷикистон аз 26 феврали соли 2026, №98",False,,,Тоҷикӣ / Форсӣ,,
tj_f_gultoj_290,290,female,Женский,Духтарона,Г,Гултоҷ,Гултодж,Gultoj,ГУЛТОҶ,ГУЛТОДЖ,GULTOJ,True,"Қарори Ҳукумати Ҷумҳурии Тоҷикистон аз 26 феврали соли 2026, №98",False,,,Тоҷикӣ / Форсӣ,,
tj_f_guluzor_291,291,female,Женский,Духтарона,Г,Гулузор,Гулузор,Guluzor,ГУЛУЗОР,ГУЛУЗОР,GULUZOR,True,"Қарори Ҳукумати Ҷумҳурии Тоҷикистон аз 26 феврали соли 2026, №98",False,,,Тоҷикӣ / Форсӣ,,
tj_f_gulfar_292,292,female,Женский,Духтарона,Г,Гулфар,Гулфар,Gulfar,ГУЛФАР,ГУЛФАР,GULFAR,True,"Қарори Ҳукумати Ҷумҳурии Тоҷикистон аз 26 феврали соли 2026, №98",False,,,Тоҷикӣ / Форсӣ,,
tj_f_gulfishon_293,293,female,Женский,Духтарона,Г,Гулфишон,Гулфишон,Gulfishon,ГУЛФИШОН,ГУЛФИШОН,GULFISHON,True,"Қарори Ҳукумати Ҷумҳурии Тоҷикистон аз 26 феврали соли 2026, №98",False,,,Тоҷикӣ / Форсӣ,,
tj_f_gulfom_294,294,female,Женский,Духтарона,Г,Гулфом,Гулфом,Gulfom,ГУЛФОМ,ГУЛФОМ,GULFOM,True,"Қарори Ҳукумати Ҷумҳурии Тоҷикистон аз 26 феврали соли 2026, №98",False,,,Тоҷикӣ / Форсӣ,,
tj_f_gulkhand_295,295,female,Женский,Духтарона,Г,Гулханда,Гулханда,Gulkhandа,ГУЛХАНДА,ГУЛХАНДА,GULKHANDА,True,"Қарори Ҳукумати Ҷумҳурии Тоҷикистон аз 26 феврали соли 2026, №98",False,,,Тоҷикӣ / Форсӣ,,
tj_f_gulkhumor_296,296,female,Женский,Духтарона,Г,Гулхумор,Гулхумор,Gulkhumor,ГУЛХУМОР,ГУЛХУМОР,GULKHUMOR,True,"Қарори Ҳукумати Ҷумҳурии Тоҷикистон аз 26 феврали соли 2026, №98",False,,,Тоҷикӣ / Форсӣ,,
tj_f_gulhayo_297,297,female,Женский,Духтарона,Г,Гулҳаё,Гулхаё,Gulhayo,ГУЛҲАЁ,ГУЛХАЁ,GULHAYO,True,"Қарори Ҳукумати Ҷумҳурии Тоҷикистон аз 26 феврали соли 2026, №98",False,,,Тоҷикӣ / Форсӣ,,
tj_f_gulhino_298,298,female,Женский,Духтарона,Г,Гулҳино,Гулхино,Gulhino,ГУЛҲИНО,ГУЛХИНО,GULHINO,True,"Қарори Ҳукумати Ҷумҳурии Тоҷикистон аз 26 феврали соли 2026, №98",False,,,Тоҷикӣ / Форсӣ,,
tj_f_gulchaman_299,299,female,Женский,Духтарона,Г,Гулчаман,Гулчаман,Gulchaman,ГУЛЧАМАН,ГУЛЧАМАН,GULCHAMAN,True,"Қарори Ҳукумати Ҷумҳурии Тоҷикистон аз 26 феврали соли 2026, №98",False,,,Тоҷикӣ / Форсӣ,,
tj_f_gulchehra_300,300,female,Женский,Духтарона,Г,Гулчеҳра,Гулчехра,Gulchehra,ГУЛЧЕҲРА,ГУЛЧЕХРА,GULCHEHRA,True,"Қарори Ҳукумати Ҷумҳурии Тоҷикистон аз 26 феврали соли 2026, №98",False,,,Тоҷикӣ / Форсӣ,,
tj_f_gulchin_301,301,female,Женский,Духтарона,Г,Гулчин,Гулчин,Gulchin,ГУЛЧИН,ГУЛЧИН,GULCHIN,True,"Қарори Ҳукумати Ҷумҳурии Тоҷикистон аз 26 феврали соли 2026, №98",False,,,Тоҷикӣ / Форсӣ,,
tj_f_guljabin_302,302,female,Женский,Духтарона,Г,Гулҷабин,Гулджабин,Guljabin,ГУЛҶАБИН,ГУЛДЖАБИН,GULJABIN,True,"Қарори Ҳукумати Ҷумҳурии Тоҷикистон аз 26 феврали соли 2026, №98",False,,,Тоҷикӣ / Форсӣ,,
tj_f_guljamol_303,303,female,Женский,Духтарона,Г,Гулҷамол,Гулджамол,Guljamol,ГУЛҶАМОЛ,ГУЛДЖАМОЛ,GULJAMOL,True,"Қарори Ҳукумати Ҷумҳурии Тоҷикистон аз 26 феврали соли 2026, №98",False,,,Тоҷикӣ / Форсӣ,,
tj_f_guljahon_304,304,female,Женский,Духтарона,Г,Гулҷаҳон,Гулджахон,Guljahon,ГУЛҶАҲОН,ГУЛДЖАХОН,GULJAHON,True,"Қарори Ҳукумати Ҷумҳурии Тоҷикистон аз 26 феврали соли 2026, №98",False,,,Тоҷикӣ / Форсӣ,,
tj_f_guljon_305,305,female,Женский,Духтарона,Г,Гулҷон,Гулджон,Guljon,ГУЛҶОН,ГУЛДЖОН,GULJON,True,"Қарори Ҳукумати Ҷумҳурии Тоҷикистон аз 26 феврали соли 2026, №98",False,,,Тоҷикӣ / Форсӣ,,
tj_f_gulshan_306,306,female,Женский,Духтарона,Г,Гулшан,Гулшан,Gulshan,ГУЛШАН,ГУЛШАН,GULSHAN,True,"Қарори Ҳукумати Ҷумҳурии Тоҷикистон аз 26 феврали соли 2026, №98",True,gulshan,"Розовый сад, цветочный сад",Персидское,красивая; ароматная; цветущая; нежная; радостная,"Персидское گُلشَن (гульшан) — «розовый сад» (гуль — роза + шан — место). В персидской поэзии «гульшан» — символ рая и красоты земного мира. Саади написал «Гулистан» (Цветник Роз, 1258) — сборник нравственных историй; это название однокоренное. В суфийском символизме «гульшан» — мир как сад, сотворённый Аллахом. Имя широко используется в Иране, Пакистане, Афганистане."
tj_f_gulshahr_307,307,female,Женский,Духтарона,Г,Гулшаҳр,Гулшахр,Gulshahr,ГУЛШАҲР,ГУЛШАХР,GULSHAHR,True,"Қарори Ҳукумати Ҷумҳурии Тоҷикистон аз 26 феврали соли 2026, №98",False,,,Тоҷикӣ / Форсӣ,,
tj_f_gulshed_308,308,female,Женский,Духтарона,Г,Гулшед,Гулшед,Gulshed,ГУЛШЕД,ГУЛШЕД,GULSHED,True,"Қарори Ҳукумати Ҷумҳурии Тоҷикистон аз 26 феврали соли 2026, №98",False,,,Тоҷикӣ / Форсӣ,,
tj_f_gulshefta_309,309,female,Женский,Духтарона,Г,Гулшефта,Гулшефта,Gulshefta,ГУЛШЕФТА,ГУЛШЕФТА,GULSHEFTA,True,"Қарори Ҳукумати Ҷумҳурии Тоҷикистон аз 26 феврали соли 2026, №98",False,,,Тоҷикӣ / Форсӣ,,
tj_f_gulshod_310,310,female,Женский,Духтарона,Г,Гулшод,Гулшод,Gulshod,ГУЛШОД,ГУЛШОД,GULSHOD,True,"Қарори Ҳукумати Ҷумҳурии Тоҷикистон аз 26 феврали соли 2026, №98",False,,,Тоҷикӣ / Форсӣ,,
tj_f_gurdiya_311,311,female,Женский,Духтарона,Г,Гурдия,Гурдия,Gurdiya,ГУРДИЯ,ГУРДИЯ,GURDIYA,True,"Қарори Ҳукумати Ҷумҳурии Тоҷикистон аз 26 феврали соли 2026, №98",False,,,Тоҷикӣ / Форсӣ,,
tj_f_gurdofarid_312,312,female,Женский,Духтарона,Г,Гурдофарид,Гурдофарид,Gurdofarid,ГУРДОФАРИД,ГУРДОФАРИД,GURDOFARID,True,"Қарори Ҳукумати Ҷумҳурии Тоҷикистон аз 26 феврали соли 2026, №98",False,,,Тоҷикӣ / Форсӣ,,
tj_f_gurdofarin_313,313,female,Женский,Духтарона,Г,Гурдофарин,Гурдофарин,Gurdofarin,ГУРДОФАРИН,ГУРДОФАРИН,GURDOFARIN,True,"Қарори Ҳукумати Ҷумҳурии Тоҷикистон аз 26 феврали соли 2026, №98",False,,,Тоҷикӣ / Форсӣ,,
tj_f_gurdfar_314,314,female,Женский,Духтарона,Г,Гурдфар,Гурдфар,Gurdfar,ГУРДФАР,ГУРДФАР,GURDFAR,True,"Қарори Ҳукумати Ҷумҳурии Тоҷикистон аз 26 феврали соли 2026, №98",False,,,Тоҷикӣ / Форсӣ,,
tj_f_guhar_315,315,female,Женский,Духтарона,Г,Гуҳар,Гухар,Guhar,ГУҲАР,ГУХАР,GUHAR,True,"Қарори Ҳукумати Ҷумҳурии Тоҷикистон аз 26 феврали соли 2026, №98",False,,,Тоҷикӣ / Форсӣ,,
tj_f_guhargun_316,316,female,Женский,Духтарона,Г,Гуҳаргун,Гухаргун,Guhargun,ГУҲАРГУН,ГУХАРГУН,GUHARGUN,True,"Қарори Ҳукумати Ҷумҳурии Тоҷикистон аз 26 феврали соли 2026, №98",False,,,Тоҷикӣ / Форсӣ,,
tj_f_guharnamo_317,317,female,Женский,Духтарона,Г,Гуҳарнамо,Гухарнамо,Guharnamo,ГУҲАРНАМО,ГУХАРНАМО,GUHARNAMO,True,"Қарори Ҳукумати Ҷумҳурии Тоҷикистон аз 26 феврали соли 2026, №98",False,,,Тоҷикӣ / Форсӣ,,
tj_f_guhartoj_318,318,female,Женский,Духтарона,Г,Гуҳартоҷ,Гуҳартодж,Guhartoj,ГУҲАРТОҶ,ГУҲАРТОДЖ,GUHARTOJ,True,"Қарори Ҳукумати Ҷумҳурии Тоҷикистон аз 26 феврали соли 2026, №98",False,,,Тоҷикӣ / Форсӣ,,
tj_f_guharshod_319,319,female,Женский,Духтарона,Г,Гуҳаршод,Гухаршод,Guharshod,ГУҲАРШОД,ГУХАРШОД,GUHARSHOD,True,"Қарори Ҳукумати Ҷумҳурии Тоҷикистон аз 26 феврали соли 2026, №98",False,,,Тоҷикӣ / Форсӣ,,
tj_f_ghizol_320,320,female,Женский,Духтарона,Ғ,Ғизол,Гизол,Ghizol,ҒИЗОЛ,ГИЗОЛ,GHIZOL,True,"Қарори Ҳукумати Ҷумҳурии Тоҷикистон аз 26 феврали соли 2026, №98",False,,,Тоҷикӣ / Форсӣ,,
tj_f_ghizolson_321,321,female,Женский,Духтарона,Ғ,Ғизолсон,Гизолсон,Ghizolson,ҒИЗОЛСОН,ГИЗОЛСОН,GHIZOLSON,True,"Қарори Ҳукумати Ҷумҳурии Тоҷикистон аз 26 феврали соли 2026, №98",False,,,Тоҷикӣ / Форсӣ,,
tj_f_ghuncha_322,322,female,Женский,Духтарона,Ғ,Ғунча,Гунча,Ghuncha,ҒУНЧА,ГУНЧА,GHUNCHA,True,"Қарори Ҳукумати Ҷумҳурии Тоҷикистон аз 26 феврали соли 2026, №98",False,,,Тоҷикӣ / Форсӣ,,
tj_f_ghunchabonu_323,323,female,Женский,Духтарона,Ғ,Ғунчабону,Гунчабону,Ghunchabonu,ҒУНЧАБОНУ,ГУНЧАБОНУ,GHUNCHABONU,True,"Қарори Ҳукумати Ҷумҳурии Тоҷикистон аз 26 феврали соли 2026, №98",False,,,Тоҷикӣ / Форсӣ,,
tj_f_ghunchabuy_324,324,female,Женский,Духтарона,Ғ,Ғунчабӯй,Гунчабуй,Ghunchabuy,ҒУНЧАБӮЙ,ГУНЧАБУЙ,GHUNCHABUY,True,"Қарори Ҳукумати Ҷумҳурии Тоҷикистон аз 26 феврали соли 2026, №98",False,,,Тоҷикӣ / Форсӣ,,
tj_f_ghunchagul_325,325,female,Женский,Духтарона,Ғ,Ғунчагул,Гунчагул,Ghunchagul,ҒУНЧАГУЛ,ГУНЧАГУЛ,GHUNCHAGUL,True,"Қарори Ҳукумати Ҷумҳурии Тоҷикистон аз 26 феврали соли 2026, №98",False,,,Тоҷикӣ / Форсӣ,,
tj_f_ghunchagun_326,326,female,Женский,Духтарона,Ғ,Ғунчагун,Гунчагун,Ghunchagun,ҒУНЧАГУН,ГУНЧАГУН,GHUNCHAGUN,True,"Қарори Ҳукумати Ҷумҳурии Тоҷикистон аз 26 феврали соли 2026, №98",False,,,Тоҷикӣ / Форсӣ,,
tj_f_ghunchadahon_327,327,female,Женский,Духтарона,Ғ,Ғунчадаҳон,Гунчадахон,Ghunchadahon,ҒУНЧАДАҲОН,ГУНЧАДАХОН,GHUNCHADAHON,True,"Қарори Ҳукумати Ҷумҳурии Тоҷикистон аз 26 феврали соли 2026, №98",False,,,Тоҷикӣ / Форсӣ,,
tj_f_ghunchalab_328,328,female,Женский,Духтарона,Ғ,Ғунчалаб,Гунчалаб,Ghunchalab,ҒУНЧАЛАБ,ГУНЧАЛАБ,GHUNCHALAB,True,"Қарори Ҳукумати Ҷумҳурии Тоҷикистон аз 26 феврали соли 2026, №98",False,,,Тоҷикӣ / Форсӣ,,
tj_f_ghunchakhand_329,329,female,Женский,Духтарона,Ғ,Ғунчаханд,Гунчаханд,Ghunchakhand,ҒУНЧАХАНД,ГУНЧАХАНД,GHUNCHAKHAND,True,"Қарори Ҳукумати Ҷумҳурии Тоҷикистон аз 26 феврали соли 2026, №98",False,,,Тоҷикӣ / Форсӣ,,
tj_f_daryo_330,330,female,Женский,Духтарона,Д,Дарё,Дарё,Daryo,ДАРЁ,ДАРЁ,DARYO,True,"Қарори Ҳукумати Ҷумҳурии Тоҷикистон аз 26 феврали соли 2026, №98",False,,,Тоҷикӣ / Форсӣ,,
tj_f_daryoguhar_331,331,female,Женский,Духтарона,Д,Дарёгуҳар,Дарёгухар,Daryoguhar,ДАРЁГУҲАР,ДАРЁГУХАР,DARYOGUHAR,True,"Қарори Ҳукумати Ҷумҳурии Тоҷикистон аз 26 феврали соли 2026, №98",False,,,Тоҷикӣ / Форсӣ,,
tj_f_daryomehr_332,332,female,Женский,Духтарона,Д,Дарёмеҳр,Дарёмехр,Daryomehr,ДАРЁМЕҲР,ДАРЁМЕХР,DARYOMEHR,True,"Қарори Ҳукумати Ҷумҳурии Тоҷикистон аз 26 феврали соли 2026, №98",False,,,Тоҷикӣ / Форсӣ,,
tj_f_daryopari_333,333,female,Женский,Духтарона,Д,Дарёпарӣ,Дарёпари,Daryopari,ДАРЁПАРӢ,ДАРЁПАРИ,DARYOPARI,True,"Қарори Ҳукумати Ҷумҳурии Тоҷикистон аз 26 феврали соли 2026, №98",False,,,Тоҷикӣ / Форсӣ,,
tj_f_dastagul_334,334,female,Женский,Духтарона,Д,Дастагул,Дастагул,Dastagul,ДАСТАГУЛ,ДАСТАГУЛ,DASTAGUL,True,"Қарори Ҳукумати Ҷумҳурии Тоҷикистон аз 26 феврали соли 2026, №98",False,,,Тоҷикӣ / Форсӣ,,
tj_f_debo_335,335,female,Женский,Духтарона,Д,Дебо,Дебо,Debo,ДЕБО,ДЕБО,DEBO,True,"Қарори Ҳукумати Ҷумҳурии Тоҷикистон аз 26 феврали соли 2026, №98",False,,,Тоҷикӣ / Форсӣ,,
tj_f_didaafruz_336,336,female,Женский,Духтарона,Д,Дидаафрӯз,Дидаафруз,Didaafruz,ДИДААФРӮЗ,ДИДААФРУЗ,DIDAAFRUZ,True,"Қарори Ҳукумати Ҷумҳурии Тоҷикистон аз 26 феврали соли 2026, №98",False,,,Тоҷикӣ / Форсӣ,,
tj_f_didadaro_337,337,female,Женский,Духтарона,Д,Дидадаро,Дидадаро,Didadaro,ДИДАДАРО,ДИДАДАРО,DIDADARO,True,"Қарори Ҳукумати Ҷумҳурии Тоҷикистон аз 26 феврали соли 2026, №98",False,,,Тоҷикӣ / Форсӣ,,
tj_f_didanavoz_338,338,female,Женский,Духтарона,Д,Диданавоз,Диданавоз,Didanavoz,ДИДАНАВОЗ,ДИДАНАВОЗ,DIDANAVOZ,True,"Қарори Ҳукумати Ҷумҳурии Тоҷикистон аз 26 феврали соли 2026, №98",False,,,Тоҷикӣ / Форсӣ,,
tj_f_didanamo_339,339,female,Женский,Духтарона,Д,Диданамо,Диданамо,Didanamo,ДИДАНАМО,ДИДАНАМО,DIDANAMO,True,"Қарори Ҳукумати Ҷумҳурии Тоҷикистон аз 26 феврали соли 2026, №98",False,,,Тоҷикӣ / Форсӣ,,
tj_f_didapisand_340,340,female,Женский,Духтарона,Д,Дидаписанд,Дидаписанд,Didapisand,ДИДАПИСАНД,ДИДАПИСАНД,DIDAPISAND,True,"Қарори Ҳукумати Ҷумҳурии Тоҷикистон аз 26 феврали соли 2026, №98",False,,,Тоҷикӣ / Форсӣ,,
tj_f_didafuruz_341,341,female,Женский,Духтарона,Д,Дидафурӯз,Дидафуруз,Didafuruz,ДИДАФУРӮЗ,ДИДАФУРУЗ,DIDAFURUZ,True,"Қарори Ҳукумати Ҷумҳурии Тоҷикистон аз 26 феврали соли 2026, №98",False,,,Тоҷикӣ / Форсӣ,,
tj_f_diyono_342,342,female,Женский,Духтарона,Д,Диёно,Диёно,Diyono,ДИЁНО,ДИЁНО,DIYONO,True,"Қарори Ҳукумати Ҷумҳурии Тоҷикистон аз 26 феврали соли 2026, №98",False,,,Тоҷикӣ / Форсӣ,,
tj_f_diyonu_343,343,female,Женский,Духтарона,Д,Диёну,Диёну,Diyonu,ДИЁНУ,ДИЁНУ,DIYONU,True,"Қарори Ҳукумати Ҷумҳурии Тоҷикистон аз 26 феврали соли 2026, №98",False,,,Тоҷикӣ / Форсӣ,,
tj_f_diyonush_344,344,female,Женский,Духтарона,Д,Диёнуш,Диёнуш,Diyonush,ДИЁНУШ,ДИЁНУШ,DIYONUSH,True,"Қарори Ҳукумати Ҷумҳурии Тоҷикистон аз 26 феврали соли 2026, №98",False,,,Тоҷикӣ / Форсӣ,,
tj_f_diyorgul_345,345,female,Женский,Духтарона,Д,Диёргул,Диёргул,Diyorgul,ДИЁРГУЛ,ДИЁРГУЛ,DIYORGUL,True,"Қарори Ҳукумати Ҷумҳурии Тоҷикистон аз 26 феврали соли 2026, №98",False,,,Тоҷикӣ / Форсӣ,,
tj_f_dilangez_346,346,female,Женский,Духтарона,Д,Дилангез,Дилангез,Dilangez,ДИЛАНГЕЗ,ДИЛАНГЕЗ,DILANGEZ,True,"Қарори Ҳукумати Ҷумҳурии Тоҷикистон аз 26 феврали соли 2026, №98",False,,,Тоҷикӣ / Форсӣ,,
tj_f_dilafzo_347,347,female,Женский,Духтарона,Д,Дилафзо,Дилафзо,Dilafzo,ДИЛАФЗО,ДИЛАФЗО,DILAFZO,True,"Қарори Ҳукумати Ҷумҳурии Тоҷикистон аз 26 феврали соли 2026, №98",False,,,Тоҷикӣ / Форсӣ,,
tj_f_dilafruz_348,348,female,Женский,Духтарона,Д,Дилафрӯз,Дилафруз,Dilafruz,ДИЛАФРӮЗ,ДИЛАФРУЗ,DILAFRUZ,True,"Қарори Ҳукумати Ҷумҳурии Тоҷикистон аз 26 феврали соли 2026, №98",False,,,Тоҷикӣ / Форсӣ,,
tj_f_dilband_349,349,female,Женский,Духтарона,Д,Дилбанд,Дилбанд,Dilband,ДИЛБАНД,ДИЛБАНД,DILBAND,True,"Қарори Ҳукумати Ҷумҳурии Тоҷикистон аз 26 феврали соли 2026, №98",False,,,Тоҷикӣ / Форсӣ,,
tj_f_dilbar_350,350,female,Женский,Духтарона,Д,Дилбар,Дилбар,Dilbar,ДИЛБАР,ДИЛБАР,DILBAR,True,"Қарори Ҳукумати Ҷумҳурии Тоҷикистон аз 26 феврали соли 2026, №98",False,,,Тоҷикӣ / Форсӣ,,
tj_f_dilbasta_351,351,female,Женский,Духтарона,Д,Дилбаста,Дилбаста,Dilbasta,ДИЛБАСТА,ДИЛБАСТА,DILBASTA,True,"Қарори Ҳукумати Ҷумҳурии Тоҷикистон аз 26 феврали соли 2026, №98",False,,,Тоҷикӣ / Форсӣ,,
tj_f_dilbahor_352,352,female,Женский,Духтарона,Д,Дилбаҳор,Дилбахор,Dilbahor,ДИЛБАҲОР,ДИЛБАХОР,DILBAHOR,True,"Қарори Ҳукумати Ҷумҳурии Тоҷикистон аз 26 феврали соли 2026, №98",False,,,Тоҷикӣ / Форсӣ,,
tj_f_dilboz_353,353,female,Женский,Духтарона,Д,Дилбоз,Дилбоз,Dilboz,ДИЛБОЗ,ДИЛБОЗ,DILBOZ,True,"Қарори Ҳукумати Ҷумҳурии Тоҷикистон аз 26 феврали соли 2026, №98",False,,,Тоҷикӣ / Форсӣ,,
tj_f_dilbokhta_354,354,female,Женский,Духтарона,Д,Дилбохта,Дилбохта,Dilbokhta,ДИЛБОХТА,ДИЛБОХТА,DILBOKHTA,True,"Қарори Ҳукумати Ҷумҳурии Тоҷикистон аз 26 феврали соли 2026, №98",False,,,Тоҷикӣ / Форсӣ,,
tj_f_dildoda_355,355,female,Женский,Духтарона,Д,Дилдода,Дилдода,Dildoda,ДИЛДОДА,ДИЛДОДА,DILDODA,True,"Қарори Ҳукумати Ҷумҳурии Тоҷикистон аз 26 феврали соли 2026, №98",False,,,Тоҷикӣ / Форсӣ,,
tj_f_dilyor_356,356,female,Женский,Духтарона,Д,Дилёр,Дилёр,Dilyor,ДИЛЁР,ДИЛЁР,DILYOR,True,"Қарори Ҳукумати Ҷумҳурии Тоҷикистон аз 26 феврали соли 2026, №98",False,,,Тоҷикӣ / Форсӣ,,
tj_f_dilkusho_357,357,female,Женский,Духтарона,Д,Дилкушо,Дилкушо,Dilkusho,ДИЛКУШО,ДИЛКУШО,DILKUSHO,True,"Қарори Ҳукумати Ҷумҳурии Тоҷикистон аз 26 феврали соли 2026, №98",False,,,Тоҷикӣ / Форсӣ,,
tj_f_dilnavo_358,358,female,Женский,Духтарона,Д,Дилнаво,Дилнаво,Dilnavo,ДИЛНАВО,ДИЛНАВО,DILNAVO,True,"Қарори Ҳукумати Ҷумҳурии Тоҷикистон аз 26 феврали соли 2026, №98",False,,,Тоҷикӣ / Форсӣ,,
tj_f_dilnavoz_359,359,female,Женский,Духтарона,Д,Дилнавоз,Дилнавоз,Dilnavoz,ДИЛНАВОЗ,ДИЛНАВОЗ,DILNAVOZ,True,"Қарори Ҳукумати Ҷумҳурии Тоҷикистон аз 26 феврали соли 2026, №98",False,,,Тоҷикӣ / Форсӣ,,
tj_f_dilnigor_360,360,female,Женский,Духтарона,Д,Дилнигор,Дилнигор,Dilnigor,ДИЛНИГОР,ДИЛНИГОР,DILNIGOR,True,"Қарори Ҳукумати Ҷумҳурии Тоҷикистон аз 26 феврали соли 2026, №98",False,,,Тоҷикӣ / Форсӣ,,
tj_f_dilnishin_361,361,female,Женский,Духтарона,Д,Дилнишин,Дилнишин,Dilnishin,ДИЛНИШИН,ДИЛНИШИН,DILNISHIN,True,"Қарори Ҳукумати Ҷумҳурии Тоҷикистон аз 26 феврали соли 2026, №98",False,,,Тоҷикӣ / Форсӣ,,
tj_f_dilnoz_362,362,female,Женский,Духтарона,Д,Дилноз,Дилноз,Dilnoz,ДИЛНОЗ,ДИЛНОЗ,DILNOZ,True,"Қарори Ҳукумати Ҷумҳурии Тоҷикистон аз 26 феврали соли 2026, №98",False,,,Тоҷикӣ / Форсӣ,,
tj_f_dilovez_363,363,female,Женский,Духтарона,Д,Диловез,Диловез,Dilovez,ДИЛОВЕЗ,ДИЛОВЕЗ,DILOVEZ,True,"Қарори Ҳукумати Ҷумҳурии Тоҷикистон аз 26 феврали соли 2026, №98",False,,,Тоҷикӣ / Форсӣ,,
tj_f_dilogoh_364,364,female,Женский,Духтарона,Д,Дилогоҳ,Дилогох,Dilogoh,ДИЛОГОҲ,ДИЛОГОХ,DILOGOH,True,"Қарори Ҳукумати Ҷумҳурии Тоҷикистон аз 26 феврали соли 2026, №98",False,,,Тоҷикӣ / Форсӣ,,
tj_f_diloro_365,365,female,Женский,Духтарона,Д,Дилоро,Дилоро,Diloro,ДИЛОРО,ДИЛОРО,DILORO,True,"Қарори Ҳукумати Ҷумҳурии Тоҷикистон аз 26 феврали соли 2026, №98",False,,,Тоҷикӣ / Форсӣ,,
tj_f_dilorom_366,366,female,Женский,Духтарона,Д,Дилором,Дилором,Dilorom,ДИЛОРОМ,ДИЛОРОМ,DILOROM,True,"Қарори Ҳукумати Ҷумҳурии Тоҷикистон аз 26 феврали соли 2026, №98",False,,,Тоҷикӣ / Форсӣ,,
tj_f_diloso_367,367,female,Женский,Духтарона,Д,Дилосо,Дилосо,Diloso,ДИЛОСО,ДИЛОСО,DILOSO,True,"Қарори Ҳукумати Ҷумҳурии Тоҷикистон аз 26 феврали соли 2026, №98",False,,,Тоҷикӣ / Форсӣ,,
tj_f_diloshub_368,368,female,Женский,Духтарона,Д,Дилошӯб,Дилошуб,Diloshub,ДИЛОШӮБ,ДИЛОШУБ,DILOSHUB,True,"Қарори Ҳукумати Ҷумҳурии Тоҷикистон аз 26 феврали соли 2026, №98",False,,,Тоҷикӣ / Форсӣ,,
tj_f_dilpazir_369,369,female,Женский,Духтарона,Д,Дилпазир,Дилпазир,Dilpazir,ДИЛПАЗИР,ДИЛПАЗИР,DILPAZIR,True,"Қарори Ҳукумати Ҷумҳурии Тоҷикистон аз 26 феврали соли 2026, №98",False,,,Тоҷикӣ / Форсӣ,,
tj_f_dilpisand_370,370,female,Женский,Духтарона,Д,Дилписанд,Дилписанд,Dilpisand,ДИЛПИСАНД,ДИЛПИСАНД,DILPISAND,True,"Қарори Ҳукумати Ҷумҳурии Тоҷикистон аз 26 феврали соли 2026, №98",False,,,Тоҷикӣ / Форсӣ,,
tj_f_dilrabo_371,371,female,Женский,Духтарона,Д,Дилрабо,Дилрабо,Dilrabo,ДИЛРАБО,ДИЛРАБО,DILRABO,True,"Қарори Ҳукумати Ҷумҳурии Тоҷикистон аз 26 феврали соли 2026, №98",False,,,Тоҷикӣ / Форсӣ,,
tj_f_dilsiton_372,372,female,Женский,Духтарона,Д,Дилситон,Дилситон,Dilsiton,ДИЛСИТОН,ДИЛСИТОН,DILSITON,True,"Қарори Ҳукумати Ҷумҳурии Тоҷикистон аз 26 феврали соли 2026, №98",False,,,Тоҷикӣ / Форсӣ,,
tj_f_dilsuz_373,373,female,Женский,Духтарона,Д,Дилсӯз,Дилсуз,Dilsuz,ДИЛСӮЗ,ДИЛСУЗ,DILSUZ,True,"Қарори Ҳукумати Ҷумҳурии Тоҷикистон аз 26 феврали соли 2026, №98",False,,,Тоҷикӣ / Форсӣ,,
tj_f_dilfido_374,374,female,Женский,Духтарона,Д,Дилфидо,Дилфидо,Dilfido,ДИЛФИДО,ДИЛФИДО,DILFIDO,True,"Қарори Ҳукумати Ҷумҳурии Тоҷикистон аз 26 феврали соли 2026, №98",False,,,Тоҷикӣ / Форсӣ,,
tj_f_dilfizo_375,375,female,Женский,Духтарона,Д,Дилфизо,Дилфизо,Dilfizo,ДИЛФИЗО,ДИЛФИЗО,DILFIZO,True,"Қарори Ҳукумати Ҷумҳурии Тоҷикистон аз 26 феврали соли 2026, №98",False,,,Тоҷикӣ / Форсӣ,,
tj_f_dilfuruz_376,376,female,Женский,Духтарона,Д,Дилфурӯз,Дилфуруз,Dilfuruz,ДИЛФУРӮЗ,ДИЛФУРУЗ,DILFURUZ,True,"Қарори Ҳукумати Ҷумҳурии Тоҷикистон аз 26 феврали соли 2026, №98",False,,,Тоҷикӣ / Форсӣ,,
tj_f_dilkhosta_377,377,female,Женский,Духтарона,Д,Дилхоста,Дилхоста,Dilkhosta,ДИЛХОСТА,ДИЛХОСТА,DILKHOSTA,True,"Қарори Ҳукумати Ҷумҳурии Тоҷикистон аз 26 феврали соли 2026, №98",False,,,Тоҷикӣ / Форсӣ,,
tj_f_dilkhoh_378,378,female,Женский,Духтарона,Д,Дилхоҳ,Дилхох,Dilkhoh,ДИЛХОҲ,ДИЛХОХ,DILKHOH,True,"Қарори Ҳукумати Ҷумҳурии Тоҷикистон аз 26 феврали соли 2026, №98",False,,,Тоҷикӣ / Форсӣ,,
tj_f_dilju_379,379,female,Женский,Духтарона,Д,Дилҷӯ,Дилджу,Dilju,ДИЛҶӮ,ДИЛДЖУ,DILJU,True,"Қарори Ҳукумати Ҷумҳурии Тоҷикистон аз 26 феврали соли 2026, №98",False,,,Тоҷикӣ / Форсӣ,,
tj_f_dino_380,380,female,Женский,Духтарона,Д,Дино,Дино,Dino,ДИНО,ДИНО,DINO,True,"Қарори Ҳукумати Ҷумҳурии Тоҷикистон аз 26 феврали соли 2026, №98",True,dina,"Верующая, набожная, следующая религии",Арабское,верующая; набожная; мудрая; добрая; благородная,"От арабского دينا — производное от «дин» (دين — «религия, вера»). Имя символизирует приверженность исламской вере и образ жизни. В хадисах Пророка слово «дин» определяется как искренность (النصيحة), а значит, носительница этого имени воплощает в себе идеал религиозной искренности."
tj_f_dito_381,381,female,Женский,Духтарона,Д,Дито,Дито,Dito,ДИТО,ДИТО,DITO,True,"Қарори Ҳукумати Ҷумҳурии Тоҷикистон аз 26 феврали соли 2026, №98",False,,,Тоҷикӣ / Форсӣ,,
tj_f_donin_382,382,female,Женский,Духтарона,Д,Донин,Донин,Donin,ДОНИН,ДОНИН,DONIN,True,"Қарори Ҳукумати Ҷумҳурии Тоҷикистон аз 26 феврали соли 2026, №98",False,,,Тоҷикӣ / Форсӣ,,
tj_f_donu_383,383,female,Женский,Духтарона,Д,Дону,Дону,Donu,ДОНУ,ДОНУ,DONU,True,"Қарори Ҳукумати Ҷумҳурии Тоҷикистон аз 26 феврали соли 2026, №98",False,,,Тоҷикӣ / Форсӣ,,
tj_f_donush_384,384,female,Женский,Духтарона,Д,Донуш,Донуш,Donush,ДОНУШ,ДОНУШ,DONUSH,True,"Қарори Ҳукумати Ҷумҳурии Тоҷикистон аз 26 феврали соли 2026, №98",False,,,Тоҷикӣ / Форсӣ,,
tj_f_doris_385,385,female,Женский,Духтарона,Д,Дорис,Дорис,Doris,ДОРИС,ДОРИС,DORIS,True,"Қарори Ҳукумати Ҷумҳурии Тоҷикистон аз 26 феврали соли 2026, №98",False,,,Тоҷикӣ / Форсӣ,,
tj_f_durafshon_386,386,female,Женский,Духтарона,Д,Дурафшон,Дурафшон,Durafshon,ДУРАФШОН,ДУРАФШОН,DURAFSHON,True,"Қарори Ҳукумати Ҷумҳурии Тоҷикистон аз 26 феврали соли 2026, №98",False,,,Тоҷикӣ / Форсӣ,,
tj_f_durakhtar_387,387,female,Женский,Духтарона,Д,Дурахтар,Дурахтар,Durakhtar,ДУРАХТАР,ДУРАХТАР,DURAKHTAR,True,"Қарори Ҳукумати Ҷумҳурии Тоҷикистон аз 26 феврали соли 2026, №98",False,,,Тоҷикӣ / Форсӣ,,
tj_f_durakhshon_388,388,female,Женский,Духтарона,Д,Дурахшон,Дурахшон,Durakhshon,ДУРАХШОН,ДУРАХШОН,DURAKHSHON,True,"Қарори Ҳукумати Ҷумҳурии Тоҷикистон аз 26 феврали соли 2026, №98",False,,,Тоҷикӣ / Форсӣ,,
tj_f_durbibi_389,389,female,Женский,Духтарона,Д,Дурбибӣ,Дурбиби,Durbibi,ДУРБИБӢ,ДУРБИБИ,DURBIBI,True,"Қарори Ҳукумати Ҷумҳурии Тоҷикистон аз 26 феврали соли 2026, №98",False,,,Тоҷикӣ / Форсӣ,,
tj_f_durdona_390,390,female,Женский,Духтарона,Д,Дурдона,Дурдона,Durdona,ДУРДОНА,ДУРДОНА,DURDONA,True,"Қарори Ҳукумати Ҷумҳурии Тоҷикистон аз 26 феврали соли 2026, №98",False,,,Тоҷикӣ / Форсӣ,,
tj_f_durfom_391,391,female,Женский,Духтарона,Д,Дурфом,Дурфом,Durfom,ДУРФОМ,ДУРФОМ,DURFOM,True,"Қарори Ҳукумати Ҷумҳурии Тоҷикистон аз 26 феврали соли 2026, №98",False,,,Тоҷикӣ / Форсӣ,,
tj_f_durjahon_392,392,female,Женский,Духтарона,Д,Дурҷаҳон,Дурджахон,Durjahon,ДУРҶАҲОН,ДУРДЖАХОН,DURJAHON,True,"Қарори Ҳукумати Ҷумҳурии Тоҷикистон аз 26 феврали соли 2026, №98",False,,,Тоҷикӣ / Форсӣ,,
tj_f_dushoram_393,393,female,Женский,Духтарона,Д,Душорам,Душорам,Dushoram,ДУШОРАМ,ДУШОРАМ,DUSHORAM,True,"Қарори Ҳукумати Ҷумҳурии Тоҷикистон аз 26 феврали соли 2026, №98",False,,,Тоҷикӣ / Форсӣ,,
tj_f_yqut_394,394,female,Женский,Духтарона,Ё,Ёқут,Ёкут,Yоqut,ЁҚУТ,ЁКУТ,YОQUT,True,"Қарори Ҳукумати Ҷумҳурии Тоҷикистон аз 26 феврали соли 2026, №98",False,,,Тоҷикӣ / Форсӣ,,
tj_f_yoqutjamol_395,395,female,Женский,Духтарона,Ё,Ёқутҷамол,Ёкутджамол,Yoqutjamol,ЁҚУТҶАМОЛ,ЁКУТДЖАМОЛ,YOQUTJAMOL,True,"Қарори Ҳукумати Ҷумҳурии Тоҷикистон аз 26 феврали соли 2026, №98",False,,,Тоҷикӣ / Форсӣ,,
tj_f_yosamin_396,396,female,Женский,Духтарона,Ё,Ёсамин,Ёсамин,Yosamin,ЁСАМИН,ЁСАМИН,YOSAMIN,True,"Қарори Ҳукумати Ҷумҳурии Тоҷикистон аз 26 феврали соли 2026, №98",False,,,Тоҷикӣ / Форсӣ,,
tj_f_yosaminbu_397,397,female,Женский,Духтарона,Ё,Ёсаминбӯ,Ёсаминбу,Yosaminbu,ЁСАМИНБӮ,ЁСАМИНБУ,YOSAMINBU,True,"Қарори Ҳукумати Ҷумҳурии Тоҷикистон аз 26 феврали соли 2026, №98",False,,,Тоҷикӣ / Форсӣ,,
tj_f_yosaminru_398,398,female,Женский,Духтарона,Ё,Ёсаминрӯ,Ёсаминру,Yosaminru,ЁСАМИНРӮ,ЁСАМИНРУ,YOSAMINRU,True,"Қарори Ҳукумати Ҷумҳурии Тоҷикистон аз 26 феврали соли 2026, №98",False,,,Тоҷикӣ / Форсӣ,,
tj_f_yosuman_399,399,female,Женский,Духтарона,Ё,Ёсуман,Ёсуман,Yosuman,ЁСУМАН,ЁСУМАН,YOSUMAN,True,"Қарори Ҳукумати Ҷумҳурии Тоҷикистон аз 26 феврали соли 2026, №98",False,,,Тоҷикӣ / Форсӣ,,
tj_f_yosumanbu_400,400,female,Женский,Духтарона,Ё,Ёсуманбӯ,Ёсуманбу,Yosumanbu,ЁСУМАНБӮ,ЁСУМАНБУ,YOSUMANBU,True,"Қарори Ҳукумати Ҷумҳурии Тоҷикистон аз 26 феврали соли 2026, №98",False,,,Тоҷикӣ / Форсӣ,,
tj_f_yosumanru_401,401,female,Женский,Духтарона,Ё,Ёсуманрӯ,Ёсуманру,Yosumanru,ЁСУМАНРӮ,ЁСУМАНРУ,YOSUMANRU,True,"Қарори Ҳукумати Ҷумҳурии Тоҷикистон аз 26 феврали соли 2026, №98",False,,,Тоҷикӣ / Форсӣ,,
tj_f_zhilo_402,402,female,Женский,Духтарона,Ж,Жило,Жило,Zhilo,ЖИЛО,ЖИЛО,ZHILO,True,"Қарори Ҳукумати Ҷумҳурии Тоҷикистон аз 26 феврали соли 2026, №98",False,,,Тоҷикӣ / Форсӣ,,
tj_f_zhola_403,403,female,Женский,Духтарона,Ж,Жола,Жола,Zhola,ЖОЛА,ЖОЛА,ZHOLA,True,"Қарори Ҳукумати Ҷумҳурии Тоҷикистон аз 26 феврали соли 2026, №98",False,,,Тоҷикӣ / Форсӣ,,
tj_f_zhonito_404,404,female,Женский,Духтарона,Ж,Жонито,Жонито,Zhonito,ЖОНИТО,ЖОНИТО,ZHONITO,True,"Қарори Ҳукумати Ҷумҳурии Тоҷикистон аз 26 феврали соли 2026, №98",False,,,Тоҷикӣ / Форсӣ,,
tj_f_zabarjad_405,405,female,Женский,Духтарона,З,Забарҷад,Забарджад,Zabarjad,ЗАБАРҶАД,ЗАБАРДЖАД,ZABARJAD,True,"Қарори Ҳукумати Ҷумҳурии Тоҷикистон аз 26 феврали соли 2026, №98",False,,,Тоҷикӣ / Форсӣ,,
tj_f_zavanto_406,406,female,Женский,Духтарона,З,Заванто,Заванто,Zavanto,ЗАВАНТО,ЗАВАНТО,ZAVANTO,True,"Қарори Ҳукумати Ҷумҳурии Тоҷикистон аз 26 феврали соли 2026, №98",False,,,Тоҷикӣ / Форсӣ,,
tj_f_zavqiya_407,407,female,Женский,Духтарона,З,Завқия,Завкия,Zavqiya,ЗАВҚИЯ,ЗАВКИЯ,ZAVQIYA,True,"Қарори Ҳукумати Ҷумҳурии Тоҷикистон аз 26 феврали соли 2026, №98",False,,,Тоҷикӣ / Форсӣ,,
tj_f_zaiso_408,408,female,Женский,Духтарона,З,Заисо,Заисо,Zaiso,ЗАИСО,ЗАИСО,ZAISO,True,"Қарори Ҳукумати Ҷумҳурии Тоҷикистон аз 26 феврали соли 2026, №98",False,,,Тоҷикӣ / Форсӣ,,
tj_f_zaymaron_409,409,female,Женский,Духтарона,З,Займарон,Займарон,Zaymaron,ЗАЙМАРОН,ЗАЙМАРОН,ZAYMARON,True,"Қарори Ҳукумати Ҷумҳурии Тоҷикистон аз 26 феврали соли 2026, №98",False,,,Тоҷикӣ / Форсӣ,,
tj_f_zaynab_410,410,female,Женский,Духтарона,З,Зайнаб,Зайнаб,Zaynab,ЗАЙНАБ,ЗАЙНАБ,ZAYNAB,True,"Қарори Ҳукумати Ҷумҳурии Тоҷикистон аз 26 феврали соли 2026, №98",True,zainab_tt,"Украшение, краса отца",Арабское,красивая; добрая; верующая,Татарская форма имени Зейнаб. Популярно среди татар и башкир. Имя дочери Пророка Мухаммада.
tj_f_zaynura_411,411,female,Женский,Духтарона,З,Зайнура,Зайнура,Zaynura,ЗАЙНУРА,ЗАЙНУРА,ZAYNURA,True,"Қарори Ҳукумати Ҷумҳурии Тоҷикистон аз 26 феврали соли 2026, №98",False,,,Тоҷикӣ / Форсӣ,,
tj_f_zaytuna_412,412,female,Женский,Духтарона,З,Зайтуна,Зайтуна,Zaytuna,ЗАЙТУНА,ЗАЙТУНА,ZAYTUNA,True,"Қарори Ҳукумати Ҷумҳурии Тоҷикистон аз 26 феврали соли 2026, №98",False,,,Тоҷикӣ / Форсӣ,,
tj_f_zakiya_413,413,female,Женский,Духтарона,З,Закия,Закия,Zakiya,ЗАКИЯ,ЗАКИЯ,ZAKIYA,True,"Қарори Ҳукумати Ҷумҳурии Тоҷикистон аз 26 феврали соли 2026, №98",False,,,Тоҷикӣ / Форсӣ,,
tj_f_zakovat_414,414,female,Женский,Духтарона,З,Заковат,Заковат,Zakovat,ЗАКОВАТ,ЗАКОВАТ,ZAKOVAT,True,"Қарори Ҳукумати Ҷумҳурии Тоҷикистон аз 26 феврали соли 2026, №98",False,,,Тоҷикӣ / Форсӣ,,
tj_f_zamira_415,415,female,Женский,Духтарона,З,Замира,Замира,Zamira,ЗАМИРА,ЗАМИРА,ZAMIRA,True,"Қарори Ҳукумати Ҷумҳурии Тоҷикистон аз 26 феврали соли 2026, №98",True,samira,"Собеседница, развлекающая разговором ночью",Арабское,умная; красивая; общительная; добрая; жизнерадостная,"От арабского سميرة — женская форма от «Самир» («тот, кто развлекает собеседников ночью рассказами»). В арабской культуре «самар» — вечерняя беседа под звёздами — была одним из высших искусств. Имя несёт в себе образ женщины, чья мудрость и красноречие освещают ночи как звёзды."
tj_f_zarangez_416,416,female,Женский,Духтарона,З,Зарангез,Зарангез,Zarangez,ЗАРАНГЕЗ,ЗАРАНГЕЗ,ZARANGEZ,True,"Қарори Ҳукумати Ҷумҳурии Тоҷикистон аз 26 феврали соли 2026, №98",False,,,Тоҷикӣ / Форсӣ,,
tj_f_zarangis_417,417,female,Женский,Духтарона,З,Зарангис,Зарангис,Zarangis,ЗАРАНГИС,ЗАРАНГИС,ZARANGIS,True,"Қарори Ҳукумати Ҷумҳурии Тоҷикистон аз 26 феврали соли 2026, №98",False,,,Тоҷикӣ / Форсӣ,,
tj_f_zaranduz_418,418,female,Женский,Духтарона,З,Зарандӯз,Зарандуз,Zaranduz,ЗАРАНДӮЗ,ЗАРАНДУЗ,ZARANDUZ,True,"Қарори Ҳукумати Ҷумҳурии Тоҷикистон аз 26 феврали соли 2026, №98",False,,,Тоҷикӣ / Форсӣ,,
tj_f_zarandukht_419,419,female,Женский,Духтарона,З,Зарандухт,Зарандухт,Zarandukht,ЗАРАНДУХТ,ЗАРАНДУХТ,ZARANDUKHT,True,"Қарори Ҳукумати Ҷумҳурии Тоҷикистон аз 26 феврали соли 2026, №98",False,,,Тоҷикӣ / Форсӣ,,
tj_f_zarafzo_420,420,female,Женский,Духтарона,З,Зарафзо,Зарафзо,Zarafzo,ЗАРАФЗО,ЗАРАФЗО,ZARAFZO,True,"Қарори Ҳукумати Ҷумҳурии Тоҷикистон аз 26 феврали соли 2026, №98",False,,,Тоҷикӣ / Форсӣ,,
tj_f_zarafshon_421,421,female,Женский,Духтарона,З,Зарафшон,Зарафшон,Zarafshon,ЗАРАФШОН,ЗАРАФШОН,ZARAFSHON,True,"Қарори Ҳукумати Ҷумҳурии Тоҷикистон аз 26 феврали соли 2026, №98",False,,,Тоҷикӣ / Форсӣ,,
tj_f_zarakhtar_422,422,female,Женский,Духтарона,З,Зарахтар,Зарахтар,Zarakhtar,ЗАРАХТАР,ЗАРАХТАР,ZARAKHTAR,True,"Қарори Ҳукумати Ҷумҳурии Тоҷикистон аз 26 феврали соли 2026, №98",False,,,Тоҷикӣ / Форсӣ,,
tj_f_zarbakht_423,423,female,Женский,Духтарона,З,Зарбахт,Зарбахт,Zarbakht,ЗАРБАХТ,ЗАРБАХТ,ZARBAKHT,True,"Қарори Ҳукумати Ҷумҳурии Тоҷикистон аз 26 феврали соли 2026, №98",False,,,Тоҷикӣ / Форсӣ,,
tj_f_zarbonu_424,424,female,Женский,Духтарона,З,Зарбону,Зарбону,Zarbonu,ЗАРБОНУ,ЗАРБОНУ,ZARBONU,True,"Қарори Ҳукумати Ҷумҳурии Тоҷикистон аз 26 феврали соли 2026, №98",False,,,Тоҷикӣ / Форсӣ,,
tj_f_zargesu_425,425,female,Женский,Духтарона,З,Заргесу,Заргесу,Zargesu,ЗАРГЕСУ,ЗАРГЕСУ,ZARGESU,True,"Қарори Ҳукумати Ҷумҳурии Тоҷикистон аз 26 феврали соли 2026, №98",False,,,Тоҷикӣ / Форсӣ,,
tj_f_zargis_426,426,female,Женский,Духтарона,З,Заргис,Заргис,Zargis,ЗАРГИС,ЗАРГИС,ZARGIS,True,"Қарори Ҳукумати Ҷумҳурии Тоҷикистон аз 26 феврали соли 2026, №98",False,,,Тоҷикӣ / Форсӣ,,
tj_f_zargul_427,427,female,Женский,Духтарона,З,Заргул,Заргул,Zargul,ЗАРГУЛ,ЗАРГУЛ,ZARGUL,True,"Қарори Ҳукумати Ҷумҳурии Тоҷикистон аз 26 феврали соли 2026, №98",False,,,Тоҷикӣ / Форсӣ,,
tj_f_zargun_428,428,female,Женский,Духтарона,З,Заргун,Заргун,Zargun,ЗАРГУН,ЗАРГУН,ZARGUN,True,"Қарори Ҳукумати Ҷумҳурии Тоҷикистон аз 26 феврали соли 2026, №98",False,,,Тоҷикӣ / Форсӣ,,
tj_f_zargun_429,429,female,Женский,Духтарона,З,Заргуна,Заргуна,Zargunа,ЗАРГУНА,ЗАРГУНА,ZARGUNА,True,"Қарори Ҳукумати Ҷумҳурии Тоҷикистон аз 26 феврали соли 2026, №98",False,,,Тоҷикӣ / Форсӣ,,
tj_f_zardis_430,430,female,Женский,Духтарона,З,Зардис,Зардис,Zardis,ЗАРДИС,ЗАРДИС,ZARDIS,True,"Қарори Ҳукумати Ҷумҳурии Тоҷикистон аз 26 феврали соли 2026, №98",False,,,Тоҷикӣ / Форсӣ,,
tj_f_zardukht_431,431,female,Женский,Духтарона,З,Зардухт,Зардухт,Zardukht,ЗАРДУХТ,ЗАРДУХТ,ZARDUKHT,True,"Қарори Ҳукумати Ҷумҳурии Тоҷикистон аз 26 феврали соли 2026, №98",False,,,Тоҷикӣ / Форсӣ,,
tj_f_zarin_432,432,female,Женский,Духтарона,З,Зарин,Зарин,Zarin,ЗАРИН,ЗАРИН,ZARIN,True,"Қарори Ҳукумати Ҷумҳурии Тоҷикистон аз 26 феврали соли 2026, №98",False,,,Тоҷикӣ / Форсӣ,,
tj_f_zarina_433,433,female,Женский,Духтарона,З,Зарина,Зарина,Zarina,ЗАРИНА,ЗАРИНА,ZARINA,True,"Қарори Ҳукумати Ҷумҳурии Тоҷикистон аз 26 феврали соли 2026, №98",False,,,Тоҷикӣ / Форсӣ,,
tj_f_zaringesu_434,434,female,Женский,Духтарона,З,Зарингесу,Зарингесу,Zaringesu,ЗАРИНГЕСУ,ЗАРИНГЕСУ,ZARINGESU,True,"Қарори Ҳукумати Ҷумҳурии Тоҷикистон аз 26 феврали соли 2026, №98",False,,,Тоҷикӣ / Форсӣ,,
tj_f_zarintoj_435,435,female,Женский,Духтарона,З,Заринтоҷ,Заринтодж,Zarintoj,ЗАРИНТОҶ,ЗАРИНТОДЖ,ZARINTOJ,True,"Қарори Ҳукумати Ҷумҳурии Тоҷикистон аз 26 феврали соли 2026, №98",False,,,Тоҷикӣ / Форсӣ,,
tj_f_zarinjamol_436,436,female,Женский,Духтарона,З,Заринҷамол,Заринджaмол,Zarinjamol,ЗАРИНҶАМОЛ,ЗАРИНДЖAМОЛ,ZARINJAMOL,True,"Қарори Ҳукумати Ҷумҳурии Тоҷикистон аз 26 феврали соли 2026, №98",False,,,Тоҷикӣ / Форсӣ,,
tj_f_zarinjahon_437,437,female,Женский,Духтарона,З,Заринҷаҳон,Заринджaхон,Zarinjahon,ЗАРИНҶАҲОН,ЗАРИНДЖAХОН,ZARINJAHON,True,"Қарори Ҳукумати Ҷумҳурии Тоҷикистон аз 26 феврали соли 2026, №98",False,,,Тоҷикӣ / Форсӣ,,
tj_f_zarkokul_438,438,female,Женский,Духтарона,З,Заркокул,Заркокул,Zarkokul,ЗАРКОКУЛ,ЗАРКОКУЛ,ZARKOKUL,True,"Қарори Ҳукумати Ҷумҳурии Тоҷикистон аз 26 феврали соли 2026, №98",False,,,Тоҷикӣ / Форсӣ,,
tj_f_zarmehri_439,439,female,Женский,Духтарона,З,Зармеҳрӣ,Зармехри,Zarmehri,ЗАРМЕҲРӢ,ЗАРМЕХРИ,ZARMEHRI,True,"Қарори Ҳукумати Ҷумҳурии Тоҷикистон аз 26 феврали соли 2026, №98",False,,,Тоҷикӣ / Форсӣ,,
tj_f_zarmiya_440,440,female,Женский,Духтарона,З,Зармия,Зармия,Zarmiya,ЗАРМИЯ,ЗАРМИЯ,ZARMIYA,True,"Қарори Ҳукумати Ҷумҳурии Тоҷикистон аз 26 феврали соли 2026, №98",False,,,Тоҷикӣ / Форсӣ,,
tj_f_zarmo_441,441,female,Женский,Духтарона,З,Зармо,Зармо,Zarmo,ЗАРМО,ЗАРМО,ZARMO,True,"Қарори Ҳукумати Ҷумҳурии Тоҷикистон аз 26 феврали соли 2026, №98",False,,,Тоҷикӣ / Форсӣ,,
tj_f_zarnigor_442,442,female,Женский,Духтарона,З,Зарнигор,Зарнигор,Zarnigor,ЗАРНИГОР,ЗАРНИГОР,ZARNIGOR,True,"Қарори Ҳукумати Ҷумҳурии Тоҷикистон аз 26 феврали соли 2026, №98",False,,,Тоҷикӣ / Форсӣ,,
tj_f_zarniyo_443,443,female,Женский,Духтарона,З,Зарниё,Зарниё,Zarniyo,ЗАРНИЁ,ЗАРНИЁ,ZARNIYO,True,"Қарори Ҳукумати Ҷумҳурии Тоҷикистон аз 26 феврали соли 2026, №98",False,,,Тоҷикӣ / Форсӣ,,
tj_f_zarnisor_444,444,female,Женский,Духтарона,З,Зарнисор,Зарнисор,Zarnisor,ЗАРНИСОР,ЗАРНИСОР,ZARNISOR,True,"Қарори Ҳукумати Ҷумҳурии Тоҷикистон аз 26 феврали соли 2026, №98",False,,,Тоҷикӣ / Форсӣ,,
tj_f_zarnusha_445,445,female,Женский,Духтарона,З,Зарнуша,Зарнуша,Zarnusha,ЗАРНУША,ЗАРНУША,ZARNUSHA,True,"Қарори Ҳукумати Ҷумҳурии Тоҷикистон аз 26 феврали соли 2026, №98",False,,,Тоҷикӣ / Форсӣ,,
tj_f_zarovand_446,446,female,Женский,Духтарона,З,Зарованд,Зарованд,Zarovand,ЗАРОВАНД,ЗАРОВАНД,ZAROVAND,True,"Қарори Ҳукумати Ҷумҳурии Тоҷикистон аз 26 феврали соли 2026, №98",False,,,Тоҷикӣ / Форсӣ,,
tj_f_zaror_447,447,female,Женский,Духтарона,З,Зароро,Зароро,Zarorо,ЗАРОРО,ЗАРОРО,ZARORО,True,"Қарори Ҳукумати Ҷумҳурии Тоҷикистон аз 26 феврали соли 2026, №98",False,,,Тоҷикӣ / Форсӣ,,
tj_f_zarragul_448,448,female,Женский,Духтарона,З,Заррагул,Заррагул,Zarragul,ЗАРРАГУЛ,ЗАРРАГУЛ,ZARRAGUL,True,"Қарори Ҳукумати Ҷумҳурии Тоҷикистон аз 26 феврали соли 2026, №98",False,,,Тоҷикӣ / Форсӣ,,
tj_f_zarrukhon_449,449,female,Женский,Духтарона,З,Заррухон,Заррухон,Zarrukhon,ЗАРРУХОН,ЗАРРУХОН,ZARRUKHON,True,"Қарори Ҳукумати Ҷумҳурии Тоҷикистон аз 26 феврали соли 2026, №98",False,,,Тоҷикӣ / Форсӣ,,
tj_f_zartob_450,450,female,Женский,Духтарона,З,Зартоб,Зартоб,Zartob,ЗАРТОБ,ЗАРТОБ,ZARTOB,True,"Қарори Ҳукумати Ҷумҳурии Тоҷикистон аз 26 феврали соли 2026, №98",False,,,Тоҷикӣ / Форсӣ,,
tj_f_zartoj_451,451,female,Женский,Духтарона,З,Зартоҷ,Зартодж,Zartoj,ЗАРТОҶ,ЗАРТОДЖ,ZARTOJ,True,"Қарори Ҳукумати Ҷумҳурии Тоҷикистон аз 26 феврали соли 2026, №98",False,,,Тоҷикӣ / Форсӣ,,
tj_f_zarfom_452,452,female,Женский,Духтарона,З,Зарфом,Зарфом,Zarfom,ЗАРФОМ,ЗАРФОМ,ZARFOM,True,"Қарори Ҳукумати Ҷумҳурии Тоҷикистон аз 26 феврали соли 2026, №98",False,,,Тоҷикӣ / Форсӣ,,
tj_f_zarhal_453,453,female,Женский,Духтарона,З,Зарҳал,Зархал,Zarhal,ЗАРҲАЛ,ЗАРХАЛ,ZARHAL,True,"Қарори Ҳукумати Ҷумҳурии Тоҷикистон аз 26 феврали соли 2026, №98",False,,,Тоҷикӣ / Форсӣ,,
tj_f_zarjabin_454,454,female,Женский,Духтарона,З,Зарҷабин,Зарджабин,Zarjabin,ЗАРҶАБИН,ЗАРДЖАБИН,ZARJABIN,True,"Қарори Ҳукумати Ҷумҳурии Тоҷикистон аз 26 феврали соли 2026, №98",False,,,Тоҷикӣ / Форсӣ,,
tj_f_zarchehra_455,455,female,Женский,Духтарона,З,Зарчеҳра,Зарчехра,Zarchehra,ЗАРЧЕҲРА,ЗАРЧЕХРА,ZARCHEHRA,True,"Қарори Ҳукумати Ҷумҳурии Тоҷикистон аз 26 феврали соли 2026, №98",False,,,Тоҷикӣ / Форсӣ,,
tj_f_zahro_456,456,female,Женский,Духтарона,З,Заҳро,Захро,Zahro,ЗАҲРО,ЗАХРО,ZAHRO,True,"Қарори Ҳукумати Ҷумҳурии Тоҷикистон аз 26 феврали соли 2026, №98",True,zahraa,"Ослепительно белая, лучезарная, цветок",Арабское,лучезарная; чистая; белая; цветущая; особенная,"Арабское زَهْرَاء (захраа) — «ослепительно белая, цветущая, лучезарная». Аль-Захраа — почётный титул Фатимы бинт Мухаммад (605–632), дочери Пророка и жены Али. В суннитской и шиитской традициях Фатима — образец исламской женщины: учёная, набожная, скромная. Суфийские учёные считают её духовной преемницей Пророка. Медресе «Аль-Захраа» основано в её честь. Коранический «аль-Кавсар» (108:1–3) — «Мы даровали тебе аль-кавсар» — по мнению ряда тафсиров, это Фатима."
tj_f_zafaron_457,457,female,Женский,Духтарона,З,Заъфарон,Заъфарон,Za’faron,ЗАЪФАРОН,ЗАЪФАРОН,ZA’FARON,True,"Қарори Ҳукумати Ҷумҳурии Тоҷикистон аз 26 феврали соли 2026, №98",False,,,Тоҷикӣ / Форсӣ,,
tj_f_zebanda_458,458,female,Женский,Духтарона,З,Зебанда,Зебанда,Zebanda,ЗЕБАНДА,ЗЕБАНДА,ZEBANDA,True,"Қарори Ҳукумати Ҷумҳурии Тоҷикистон аз 26 феврали соли 2026, №98",False,,,Тоҷикӣ / Форсӣ,,
tj_f_zebida_459,459,female,Женский,Духтарона,З,Зебида,Зебида,Zebida,ЗЕБИДА,ЗЕБИДА,ZEBIDA,True,"Қарори Ҳукумати Ҷумҳурии Тоҷикистон аз 26 феврали соли 2026, №98",False,,,Тоҷикӣ / Форсӣ,,
tj_f_zebidamoh_460,460,female,Женский,Духтарона,З,Зебидамоҳ,Зебидамох,Zebidamoh,ЗЕБИДАМОҲ,ЗЕБИДАМОХ,ZEBIDAMOH,True,"Қарори Ҳукумати Ҷумҳурии Тоҷикистон аз 26 феврали соли 2026, №98",False,,,Тоҷикӣ / Форсӣ,,
tj_f_zebiniso_461,461,female,Женский,Духтарона,З,Зебинисо,Зебинисо,Zebiniso,ЗЕБИНИСО,ЗЕБИНИСО,ZEBINISO,True,"Қарори Ҳукумати Ҷумҳурии Тоҷикистон аз 26 феврали соли 2026, №98",False,,,Тоҷикӣ / Форсӣ,,
tj_f_zebijahon_462,462,female,Женский,Духтарона,З,Зебиҷаҳон,Зебиджахон,Zebijahon,ЗЕБИҶАҲОН,ЗЕБИДЖАХОН,ZEBIJAHON,True,"Қарори Ҳукумати Ҷумҳурии Тоҷикистон аз 26 феврали соли 2026, №98",False,,,Тоҷикӣ / Форсӣ,,
tj_f_zebi_463,463,female,Женский,Духтарона,З,Зебӣ,Зеби,Zebi,ЗЕБӢ,ЗЕБИ,ZEBI,True,"Қарори Ҳукумати Ҷумҳурии Тоҷикистон аз 26 феврали соли 2026, №98",False,,,Тоҷикӣ / Форсӣ,,
tj_f_zebo_464,464,female,Женский,Духтарона,З,Зебо,Зебо,Zebo,ЗЕБО,ЗЕБО,ZEBO,True,"Қарори Ҳукумати Ҷумҳурии Тоҷикистон аз 26 феврали соли 2026, №98",False,,,Тоҷикӣ / Форсӣ,,
tj_f_zebogul_465,465,female,Женский,Духтарона,З,Зебогул,Зебогул,Zebogul,ЗЕБОГУЛ,ЗЕБОГУЛ,ZEBOGUL,True,"Қарори Ҳукумати Ҷумҳурии Тоҷикистон аз 26 феврали соли 2026, №98",False,,,Тоҷикӣ / Форсӣ,,
tj_f_zebodukht_466,466,female,Женский,Духтарона,З,Зебодухт,Зебодухт,Zebodukht,ЗЕБОДУХТ,ЗЕБОДУХТ,ZEBODUKHT,True,"Қарори Ҳукумати Ҷумҳурии Тоҷикистон аз 26 феврали соли 2026, №98",False,,,Тоҷикӣ / Форсӣ,,
tj_f_zeboniso_467,467,female,Женский,Духтарона,З,Зебонисо,Зебонисо,Zeboniso,ЗЕБОНИСО,ЗЕБОНИСО,ZEBONISO,True,"Қарори Ҳукумати Ҷумҳурии Тоҷикистон аз 26 феврали соли 2026, №98",False,,,Тоҷикӣ / Форсӣ,,
tj_f_zeboru_468,468,female,Женский,Духтарона,З,Зеборӯ,Зебору,Zeboru,ЗЕБОРӮ,ЗЕБОРУ,ZEBORU,True,"Қарори Ҳукумати Ҷумҳурии Тоҷикистон аз 26 феврали соли 2026, №98",False,,,Тоҷикӣ / Форсӣ,,
tj_f_zeborukh_469,469,female,Женский,Духтарона,З,Зеборух,Зеборух,Zeborukh,ЗЕБОРУХ,ЗЕБОРУХ,ZEBORUKH,True,"Қарори Ҳукумати Ҷумҳурии Тоҷикистон аз 26 феврали соли 2026, №98",False,,,Тоҷикӣ / Форсӣ,,
tj_f_zebosanam_470,470,female,Женский,Духтарона,З,Зебосанам,Зебосанам,Zebosanam,ЗЕБОСАНАМ,ЗЕБОСАНАМ,ZEBOSANAM,True,"Қарори Ҳукумати Ҷумҳурии Тоҷикистон аз 26 феврали соли 2026, №98",False,,,Тоҷикӣ / Форсӣ,,
tj_f_zevar_471,471,female,Женский,Духтарона,З,Зевар,Зевар,Zevar,ЗЕВАР,ЗЕВАР,ZEVAR,True,"Қарори Ҳукумати Ҷумҳурии Тоҷикистон аз 26 феврали соли 2026, №98",False,,,Тоҷикӣ / Форсӣ,,
tj_f_zeviyo_472,472,female,Женский,Духтарона,З,Зевиё,Зевиё,Zeviyo,ЗЕВИЁ,ЗЕВИЁ,ZEVIYO,True,"Қарори Ҳукумати Ҷумҳурии Тоҷикистон аз 26 феврали соли 2026, №98",False,,,Тоҷикӣ / Форсӣ,,
tj_f_zinat_473,473,female,Женский,Духтарона,З,Зинат,Зинат,Zinat,ЗИНАТ,ЗИНАТ,ZINAT,True,"Қарори Ҳукумати Ҷумҳурии Тоҷикистон аз 26 феврали соли 2026, №98",True,zinat,"Украшение, орнамент, краса",Арабское,красивая; украшающая; элегантная; изысканная; радостная,
tj_f_zinatgul_474,474,female,Женский,Духтарона,З,Зинатгул,Зинатгул,Zinatgul,ЗИНАТГУЛ,ЗИНАТГУЛ,ZINATGUL,True,"Қарори Ҳукумати Ҷумҳурии Тоҷикистон аз 26 феврали соли 2026, №98",False,,,Тоҷикӣ / Форсӣ,,
tj_f_zinatmoh_475,475,female,Женский,Духтарона,З,Зинатмоҳ,Зинатмох,Zinatmoh,ЗИНАТМОҲ,ЗИНАТМОХ,ZINATMOH,True,"Қарори Ҳукумати Ҷумҳурии Тоҷикистон аз 26 феврали соли 2026, №98",False,,,Тоҷикӣ / Форсӣ,,
tj_f_zonis_476,476,female,Женский,Духтарона,З,Зонис,Зонис,Zonis,ЗОНИС,ЗОНИС,ZONIS,True,"Қарори Ҳукумати Ҷумҳурии Тоҷикистон аз 26 феврали соли 2026, №98",False,,,Тоҷикӣ / Форсӣ,,
tj_f_zuvo_477,477,female,Женский,Духтарона,З,Зуво,Зуво,Zuvo,ЗУВО,ЗУВО,ZUVO,True,"Қарори Ҳукумати Ҷумҳурии Тоҷикистон аз 26 феврали соли 2026, №98",False,,,Тоҷикӣ / Форсӣ,,
tj_f_zulaykho_478,478,female,Женский,Духтарона,З,Зулайхо,Зулайхо,Zulaykho,ЗУЛАЙХО,ЗУЛАЙХО,ZULAYKHO,True,"Қарори Ҳукумати Ҷумҳурии Тоҷикистон аз 26 феврали соли 2026, №98",False,,,Тоҷикӣ / Форсӣ,,
tj_f_zulol_479,479,female,Женский,Духтарона,З,Зулол,Зулол,Zulol,ЗУЛОЛ,ЗУЛОЛ,ZULOL,True,"Қарори Ҳукумати Ҷумҳурии Тоҷикистон аз 26 феврали соли 2026, №98",False,,,Тоҷикӣ / Форсӣ,,
tj_f_zulol_480,480,female,Женский,Духтарона,З,Зулола,Зулола,Zulolа,ЗУЛОЛА,ЗУЛОЛА,ZULOLА,True,"Қарори Ҳукумати Ҷумҳурии Тоҷикистон аз 26 феврали соли 2026, №98",False,,,Тоҷикӣ / Форсӣ,,
tj_f_zulf_481,481,female,Женский,Духтарона,З,Зулф,Зулф,Zulf,ЗУЛФ,ЗУЛФ,ZULF,True,"Қарори Ҳукумати Ҷумҳурии Тоҷикистон аз 26 феврали соли 2026, №98",False,,,Тоҷикӣ / Форсӣ,,
tj_f_zulfiya_482,482,female,Женский,Духтарона,З,Зулфия,Зулфия,Zulfiya,ЗУЛФИЯ,ЗУЛФИЯ,ZULFIYA,True,"Қарори Ҳукумати Ҷумҳурии Тоҷикистон аз 26 феврали соли 2026, №98",False,,,Тоҷикӣ / Форсӣ,,
tj_f_zulkhumor_483,483,female,Женский,Духтарона,З,Зулхумор,Зулхумор,Zulkhumor,ЗУЛХУМОР,ЗУЛХУМОР,ZULKHUMOR,True,"Қарори Ҳукумати Ҷумҳурии Тоҷикистон аз 26 феврали соли 2026, №98",False,,,Тоҷикӣ / Форсӣ,,
tj_f_zumrad_484,484,female,Женский,Духтарона,З,Зумрад,Зумрад,Zumrad,ЗУМРАД,ЗУМРАД,ZUMRAD,True,"Қарори Ҳукумати Ҷумҳурии Тоҷикистон аз 26 феврали соли 2026, №98",False,,,Тоҷикӣ / Форсӣ,,
tj_f_zumurrad_485,485,female,Женский,Духтарона,З,Зумуррад,Зумуррад,Zumurrad,ЗУМУРРАД,ЗУМУРРАД,ZUMURRAD,True,"Қарори Ҳукумати Ҷумҳурии Тоҷикистон аз 26 феврали соли 2026, №98",True,zumurrud,"Изумруд, драгоценный зелёный камень",Арабское,красивая; ценная; умная; элегантная; верующая,От арабского زُمُرُّد (zumurrud) — «изумруд». В исламской традиции драгоценные камни — символы райских богатств: в Коране (55:58) описываются гурии как подобные рубинам и кораллам. Изумруд особо почитался в исламском ювелирном искусстве; Великая мечеть в Мекке украшена изумрудами и другими камнями.
tj_f_zuhro_486,486,female,Женский,Духтарона,З,Зуҳро,Зухро,Zuhro,ЗУҲРО,ЗУХРО,ZUHRO,True,"Қарори Ҳукумати Ҷумҳурии Тоҷикистон аз 26 феврали соли 2026, №98",False,,,Тоҷикӣ / Форсӣ,,
tj_f_zusho_487,487,female,Женский,Духтарона,З,Зушо,Зушо,Zusho,ЗУШО,ЗУШО,ZUSHO,True,"Қарори Ҳукумати Ҷумҳурии Тоҷикистон аз 26 феврали соли 2026, №98",False,,,Тоҷикӣ / Форсӣ,,
tj_f_ibodat_488,488,female,Женский,Духтарона,И,Ибодат,Ибодат,Ibodat,ИБОДАТ,ИБОДАТ,IBODAT,True,"Қарори Ҳукумати Ҷумҳурии Тоҷикистон аз 26 феврали соли 2026, №98",False,,,Тоҷикӣ / Форсӣ,,
tj_f_idigul_489,489,female,Женский,Духтарона,И,Идигул,Идигул,Idigul,ИДИГУЛ,ИДИГУЛ,IDIGUL,True,"Қарори Ҳукумати Ҷумҳурии Тоҷикистон аз 26 феврали соли 2026, №98",False,,,Тоҷикӣ / Форсӣ,,
tj_f_intizor_490,490,female,Женский,Духтарона,И,Интизор,Интизор,Intizor,ИНТИЗОР,ИНТИЗОР,INTIZOR,True,"Қарори Ҳукумати Ҷумҳурии Тоҷикистон аз 26 феврали соли 2026, №98",True,intisaar,"Победа, торжество",Арабское,победоносная; стойкая; смелая; решительная; сильная,"Арабское اِنْتِصَار (интисар) — «победа, торжество». В Коране (3:123): «Воистину, Аллах помог вам при Бадре, когда вы были слабы» — победа как Дар Аллаха. «Насрун мин Аллах ва фатхун кариб» (победа от Аллаха и скорое открытие) (61:13) — заверение Пророка умме. В арабской культуре «интисар» — не только военная, но и духовная, моральная победа. Имя несёт образ торжества над трудностями."
tj_f_iram_491,491,female,Женский,Духтарона,И,Ирам,Ирам,Iram,ИРАМ,ИРАМ,IRAM,True,"Қарори Ҳукумати Ҷумҳурии Тоҷикистон аз 26 феврали соли 2026, №98",False,,,Тоҷикӣ / Форсӣ,,
tj_f_iramgul_492,492,female,Женский,Духтарона,И,Ирамгул,Ирамгул,Iramgul,ИРАМГУЛ,ИРАМГУЛ,IRAMGUL,True,"Қарори Ҳукумати Ҷумҳурии Тоҷикистон аз 26 феврали соли 2026, №98",False,,,Тоҷикӣ / Форсӣ,,
tj_f_irampari_493,493,female,Женский,Духтарона,И,Ирампарӣ,Ирампари,Irampari,ИРАМПАРӢ,ИРАМПАРИ,IRAMPARI,True,"Қарори Ҳукумати Ҷумҳурии Тоҷикистон аз 26 феврали соли 2026, №98",False,,,Тоҷикӣ / Форсӣ,,
tj_f_iroda_494,494,female,Женский,Духтарона,И,Ирода,Ирода,Iroda,ИРОДА,ИРОДА,IRODA,True,"Қарори Ҳукумати Ҷумҳурии Тоҷикистон аз 26 феврали соли 2026, №98",False,,,Тоҷикӣ / Форсӣ,,
tj_f_irodat_495,495,female,Женский,Духтарона,И,Иродат,Иродат,Irodat,ИРОДАТ,ИРОДАТ,IRODAT,True,"Қарори Ҳукумати Ҷумҳурии Тоҷикистон аз 26 феврали соли 2026, №98",False,,,Тоҷикӣ / Форсӣ,,
tj_f_istora_496,496,female,Женский,Духтарона,И,Истора,Истора,Istora,ИСТОРА,ИСТОРА,ISTORA,True,"Қарори Ҳукумати Ҷумҳурии Тоҷикистон аз 26 феврали соли 2026, №98",False,,,Тоҷикӣ / Форсӣ,,
tj_f_istorabonu_497,497,female,Женский,Духтарона,И,Исторабону,Исторабону,Istorabonu,ИСТОРАБОНУ,ИСТОРАБОНУ,ISTORABONU,True,"Қарори Ҳукумати Ҷумҳурии Тоҷикистон аз 26 феврали соли 2026, №98",False,,,Тоҷикӣ / Форсӣ,,
tj_f_kayonbonu_498,498,female,Женский,Духтарона,К,Каёнбону,Каёнбону,Kayonbonu,КАЁНБОНУ,КАЁНБОНУ,KAYONBONU,True,"Қарори Ҳукумати Ҷумҳурии Тоҷикистон аз 26 феврали соли 2026, №98",False,,,Тоҷикӣ / Форсӣ,,
tj_f_kayonvash_499,499,female,Женский,Духтарона,К,Каёнваш,Каёнваш,Kayonvash,КАЁНВАШ,КАЁНВАШ,KAYONVASH,True,"Қарори Ҳукумати Ҷумҳурии Тоҷикистон аз 26 феврали соли 2026, №98",False,,,Тоҷикӣ / Форсӣ,,
tj_f_kayono_500,500,female,Женский,Духтарона,К,Каёно,Каёно,Kayono,КАЁНО,КАЁНО,KAYONO,True,"Қарори Ҳукумати Ҷумҳурии Тоҷикистон аз 26 феврали соли 2026, №98",False,,,Тоҷикӣ / Форсӣ,,
tj_f_kayonpari_501,501,female,Женский,Духтарона,К,Каёнпарӣ,Каёнпари,Kayonpari,КАЁНПАРӢ,КАЁНПАРИ,KAYONPARI,True,"Қарори Ҳукумати Ҷумҳурии Тоҷикистон аз 26 феврали соли 2026, №98",False,,,Тоҷикӣ / Форсӣ,,
tj_f_kayonchehra_502,502,female,Женский,Духтарона,К,Каёнчеҳра,Каёнчехра,Kayonchehra,КАЁНЧЕҲРА,КАЁНЧЕХРА,KAYONCHEHRA,True,"Қарори Ҳукумати Ҷумҳурии Тоҷикистон аз 26 феврали соли 2026, №98",False,,,Тоҷикӣ / Форсӣ,,
tj_f_kainoz_503,503,female,Женский,Духтарона,К,Кайноз,Кайноз,Kainoz,КАЙНОЗ,КАЙНОЗ,KAINOZ,True,"Қарори Ҳукумати Ҷумҳурии Тоҷикистон аз 26 феврали соли 2026, №98",False,,,Тоҷикӣ / Форсӣ,,
tj_f_kamonabru_504,504,female,Женский,Духтарона,К,Камонабру,Камонабру,Kamonabru,КАМОНАБРУ,КАМОНАБРУ,KAMONABRU,True,"Қарори Ҳукумати Ҷумҳурии Тоҷикистон аз 26 феврали соли 2026, №98",False,,,Тоҷикӣ / Форсӣ,,
tj_f_karashma_505,505,female,Женский,Духтарона,К,Карашма,Карашма,Karashma,КАРАШМА,КАРАШМА,KARASHMA,True,"Қарори Ҳукумати Ҷумҳурии Тоҷикистон аз 26 феврали соли 2026, №98",False,,,Тоҷикӣ / Форсӣ,,
tj_f_katoyun_506,506,female,Женский,Духтарона,К,Катоюн,Катоюн,Katoyun,КАТОЮН,КАТОЮН,KATOYUN,True,"Қарори Ҳукумати Ҷумҳурии Тоҷикистон аз 26 феврали соли 2026, №98",False,,,Тоҷикӣ / Форсӣ,,
tj_f_kibriyo_507,507,female,Женский,Духтарона,К,Кибриё,Кибриё,Kibriyo,КИБРИЁ,КИБРИЁ,KIBRIYO,True,"Қарори Ҳукумати Ҷумҳурии Тоҷикистон аз 26 феврали соли 2026, №98",False,,,Тоҷикӣ / Форсӣ,,
tj_f_kimiyo_508,508,female,Женский,Духтарона,К,Кимиё,Кимиё,Kimiyo,КИМИЁ,КИМИЁ,KIMIYO,True,"Қарори Ҳукумати Ҷумҳурии Тоҷикистон аз 26 феврали соли 2026, №98",False,,,Тоҷикӣ / Форсӣ,,
tj_f_kimkho_509,509,female,Женский,Духтарона,К,Кимхо,Кимхо,Kimkho,КИМХО,КИМХО,KIMKHO,True,"Қарори Ҳукумати Ҷумҳурии Тоҷикистон аз 26 феврали соли 2026, №98",False,,,Тоҷикӣ / Форсӣ,,
tj_f_koson_510,510,female,Женский,Духтарона,К,Косон,Косон,Koson,КОСОН,КОСОН,KOSON,True,"Қарори Ҳукумати Ҷумҳурии Тоҷикистон аз 26 феврали соли 2026, №98",True,ghassan,"Юность, пора расцвета, молодой источник",Арабское,молодой; энергичный; стремительный; жизнерадостный; смелый,"Арабское غَسَّان (гассан) означает «родник с пресной водой» и «юность, пора расцвета». Гассаниды — знаменитая арабская династия в Сирии (III–VII вв.), вассалы Византии. После прихода ислама многие из них приняли новую веру. Гассан Канафани (1936–1972) — выдающийся палестинский писатель и интеллектуал, автор романа «Возвращение в Хайфу». Имя популярно в Сирии, Ливане и Иордании."
tj_f_qadriya_511,511,female,Женский,Духтарона,Қ,Қадрия,Кадрия,Qadriya,ҚАДРИЯ,КАДРИЯ,QADRIYA,True,"Қарори Ҳукумати Ҷумҳурии Тоҷикистон аз 26 феврали соли 2026, №98",True,qadriya,"Могущественная, способная",Арабское,способная; сильная; могущественная; уверенная; компетентная,"Прилагательное от قَدِير (кадир) — «всемогущий»: قَدِيرَة или قَدْرِيَّة (кадрийя) — «та, кому дана мощь». Аль-Кадир и аль-Кадир — имена Аллаха (41:39). В Коране (2:20): «Воистину, Аллах — над всем властен» (إِنَّ اللَّهَ عَلَى كُلِّ شَيْءٍ قَدِيرٌ) — встречается более 40 раз. Кадрийя Хасан — алжирская поэтесса XX века. Имя несёт пожелание силы и способностей."
tj_f_qandina_512,512,female,Женский,Духтарона,Қ,Қандина,Кандина,Qandina,ҚАНДИНА,КАНДИНА,QANDINA,True,"Қарори Ҳукумати Ҷумҳурии Тоҷикистон аз 26 феврали соли 2026, №98",False,,,Тоҷикӣ / Форсӣ,,
tj_f_qumri_513,513,female,Женский,Духтарона,Қ,Қумрӣ,Кумри,Qumri,ҚУМРӢ,КУМРИ,QUMRI,True,"Қарори Ҳукумати Ҷумҳурии Тоҷикистон аз 26 феврали соли 2026, №98",False,,,Тоҷикӣ / Форсӣ,,
tj_f_qumriniso_514,514,female,Женский,Духтарона,Қ,Қумринисо,Кумринисо,Qumriniso,ҚУМРИНИСО,КУМРИНИСО,QUMRINISO,True,"Қарори Ҳукумати Ҷумҳурии Тоҷикистон аз 26 феврали соли 2026, №98",False,,,Тоҷикӣ / Форсӣ,,
tj_f_qutbiya_515,515,female,Женский,Духтарона,Қ,Қутбия,Кутбия,Qutbiya,ҚУТБИЯ,КУТБИЯ,QUTBIYA,True,"Қарори Ҳукумати Ҷумҳурии Тоҷикистон аз 26 феврали соли 2026, №98",False,,,Тоҷикӣ / Форсӣ,,
tj_f_laylipari_516,516,female,Женский,Духтарона,Л,Лайлипарӣ,Лайлипари,Laylipari,ЛАЙЛИПАРӢ,ЛАЙЛИПАРИ,LAYLIPARI,True,"Қарори Ҳукумати Ҷумҳурии Тоҷикистон аз 26 феврали соли 2026, №98",False,,,Тоҷикӣ / Форсӣ,,
tj_f_laylisimo_517,517,female,Женский,Духтарона,Л,Лайлисимо,Лайлисимо,Laylisimo,ЛАЙЛИСИМО,ЛАЙЛИСИМО,LAYLISIMO,True,"Қарори Ҳукумати Ҷумҳурии Тоҷикистон аз 26 феврали соли 2026, №98",False,,,Тоҷикӣ / Форсӣ,,
tj_f_laylichehra_518,518,female,Женский,Духтарона,Л,Лайличеҳра,Лайличехра,Laylichehra,ЛАЙЛИЧЕҲРА,ЛАЙЛИЧЕХРА,LAYLICHEHRA,True,"Қарори Ҳукумати Ҷумҳурии Тоҷикистон аз 26 феврали соли 2026, №98",False,,,Тоҷикӣ / Форсӣ,,
tj_f_layli_519,519,female,Женский,Духтарона,Л,Лайлӣ,Лайли,Layli,ЛАЙЛӢ,ЛАЙЛИ,LAYLI,True,"Қарори Ҳукумати Ҷумҳурии Тоҷикистон аз 26 феврали соли 2026, №98",False,,,Тоҷикӣ / Форсӣ,,
tj_f_laylo_520,520,female,Женский,Духтарона,Л,Лайло,Лайло,Laylo,ЛАЙЛО,ЛАЙЛО,LAYLO,True,"Қарори Ҳукумати Ҷумҳурии Тоҷикистон аз 26 феврали соли 2026, №98",False,,,Тоҷикӣ / Форсӣ,,
tj_f_laylopari_521,521,female,Женский,Духтарона,Л,Лайлопарӣ,Лайлопари,Laylopari,ЛАЙЛОПАРӢ,ЛАЙЛОПАРИ,LAYLOPARI,True,"Қарори Ҳукумати Ҷумҳурии Тоҷикистон аз 26 феврали соли 2026, №98",False,,,Тоҷикӣ / Форсӣ,,
tj_f_laylosanam_522,522,female,Женский,Духтарона,Л,Лайлосанам,Лайлосанам,Laylosanam,ЛАЙЛОСАНАМ,ЛАЙЛОСАНАМ,LAYLOSANAM,True,"Қарори Ҳукумати Ҷумҳурии Тоҷикистон аз 26 феврали соли 2026, №98",False,,,Тоҷикӣ / Форсӣ,,
tj_f_laylosimo_523,523,female,Женский,Духтарона,Л,Лайлосимо,Лайлосимо,Laylosimo,ЛАЙЛОСИМО,ЛАЙЛОСИМО,LAYLOSIMO,True,"Қарори Ҳукумати Ҷумҳурии Тоҷикистон аз 26 феврали соли 2026, №98",False,,,Тоҷикӣ / Форсӣ,,
tj_f_laylosifat_524,524,female,Женский,Духтарона,Л,Лайлосифат,Лайлосифат,Laylosifat,ЛАЙЛОСИФАТ,ЛАЙЛОСИФАТ,LAYLOSIFAT,True,"Қарори Ҳукумати Ҷумҳурии Тоҷикистон аз 26 феврали соли 2026, №98",False,,,Тоҷикӣ / Форсӣ,,
tj_f_latofat_525,525,female,Женский,Духтарона,Л,Латофат,Латофат,Latofat,ЛАТОФАТ,ЛАТОФАТ,LATOFAT,True,"Қарори Ҳукумати Ҷумҳурии Тоҷикистон аз 26 феврали соли 2026, №98",False,,,Тоҷикӣ / Форсӣ,,
tj_f_lal_526,526,female,Женский,Духтарона,Л,Лаъл,Лаъл,La’l,ЛАЪЛ,ЛАЪЛ,LA’L,True,"Қарори Ҳукумати Ҷумҳурии Тоҷикистон аз 26 феврали соли 2026, №98",False,,,Тоҷикӣ / Форсӣ,,
tj_f_lalgun_527,527,female,Женский,Духтарона,Л,Лаългуна,Лаългуна,Laʼlgunа,ЛАЪЛГУНА,ЛАЪЛГУНА,LAʼLGUNА,True,"Қарори Ҳукумати Ҷумҳурии Тоҷикистон аз 26 феврали соли 2026, №98",False,,,Тоҷикӣ / Форсӣ,,
tj_f_lalniso_528,528,female,Женский,Духтарона,Л,Лаълнисо,Лаълнисо,La’lniso,ЛАЪЛНИСО,ЛАЪЛНИСО,LA’LNISO,True,"Қарори Ҳукумати Ҷумҳурии Тоҷикистон аз 26 феврали соли 2026, №98",False,,,Тоҷикӣ / Форсӣ,,
tj_f_lalson_529,529,female,Женский,Духтарона,Л,Лаълсон,Лаълсон,La’lson,ЛАЪЛСОН,ЛАЪЛСОН,LA’LSON,True,"Қарори Ҳукумати Ҷумҳурии Тоҷикистон аз 26 феврали соли 2026, №98",False,,,Тоҷикӣ / Форсӣ,,
tj_f_lalfom_530,530,female,Женский,Духтарона,Л,Лаълфом,Лаълфом,La’lfom,ЛАЪЛФОМ,ЛАЪЛФОМ,LA’LFOM,True,"Қарори Ҳукумати Ҷумҳурии Тоҷикистон аз 26 феврали соли 2026, №98",False,,,Тоҷикӣ / Форсӣ,,
tj_f_lola_531,531,female,Женский,Духтарона,Л,Лола,Лола,Lola,ЛОЛА,ЛОЛА,LOLA,True,"Қарори Ҳукумати Ҷумҳурии Тоҷикистон аз 26 феврали соли 2026, №98",False,,,Тоҷикӣ / Форсӣ,,
tj_f_lolavash_532,532,female,Женский,Духтарона,Л,Лолаваш,Лолаваш,Lolavash,ЛОЛАВАШ,ЛОЛАВАШ,LOLAVASH,True,"Қарори Ҳукумати Ҷумҳурии Тоҷикистон аз 26 феврали соли 2026, №98",False,,,Тоҷикӣ / Форсӣ,,
tj_f_lolagun_533,533,female,Женский,Духтарона,Л,Лолагун,Лолагун,Lolagun,ЛОЛАГУН,ЛОЛАГУН,LOLAGUN,True,"Қарори Ҳукумати Ҷумҳурии Тоҷикистон аз 26 феврали соли 2026, №98",False,,,Тоҷикӣ / Форсӣ,,
tj_f_lolarukh_534,534,female,Женский,Духтарона,Л,Лоларух,Лоларух,Lolarukh,ЛОЛАРУХ,ЛОЛАРУХ,LOLARUKH,True,"Қарори Ҳукумати Ҷумҳурии Тоҷикистон аз 26 феврали соли 2026, №98",False,,,Тоҷикӣ / Форсӣ,,
tj_f_lolasimo_535,535,female,Женский,Духтарона,Л,Лоласимо,Лоласимо,Lolasimo,ЛОЛАСИМО,ЛОЛАСИМО,LOLASIMO,True,"Қарори Ҳукумати Ҷумҳурии Тоҷикистон аз 26 феврали соли 2026, №98",False,,,Тоҷикӣ / Форсӣ,,
tj_f_lolason_536,536,female,Женский,Духтарона,Л,Лоласон,Лоласон,Lolason,ЛОЛАСОН,ЛОЛАСОН,LOLASON,True,"Қарори Ҳукумати Ҷумҳурии Тоҷикистон аз 26 феврали соли 2026, №98",False,,,Тоҷикӣ / Форсӣ,,
tj_f_lolachehr_537,537,female,Женский,Духтарона,Л,Лолачеҳр,Лолачехр,Lolachehr,ЛОЛАЧЕҲР,ЛОЛАЧЕХР,LOLACHEHR,True,"Қарори Ҳукумати Ҷумҳурии Тоҷикистон аз 26 феврали соли 2026, №98",False,,,Тоҷикӣ / Форсӣ,,
tj_f_lojvard_538,538,female,Женский,Духтарона,Л,Лоҷвард,Лоджвард,Lojvard,ЛОҶВАРД,ЛОДЖВАРД,LOJVARD,True,"Қарори Ҳукумати Ҷумҳурии Тоҷикистон аз 26 феврали соли 2026, №98",False,,,Тоҷикӣ / Форсӣ,,
tj_f_lutfimoh_539,539,female,Женский,Духтарона,Л,Лутфимоҳ,Лутфимох,Lutfimoh,ЛУТФИМОҲ,ЛУТФИМОХ,LUTFIMOH,True,"Қарори Ҳукумати Ҷумҳурии Тоҷикистон аз 26 феврали соли 2026, №98",False,,,Тоҷикӣ / Форсӣ,,
tj_f_lutfiya_540,540,female,Женский,Духтарона,Л,Лутфия,Лутфия,Lutfiya,ЛУТФИЯ,ЛУТФИЯ,LUTFIYA,True,"Қарори Ҳукумати Ҷумҳурии Тоҷикистон аз 26 феврали соли 2026, №98",False,,,Тоҷикӣ / Форсӣ,,
tj_f_lubat_541,541,female,Женский,Духтарона,Л,Луъбат,Луъбат,Luʼbat,ЛУЪБАТ,ЛУЪБАТ,LUʼBAT,True,"Қарори Ҳукумати Ҷумҳурии Тоҷикистон аз 26 феврали соли 2026, №98",False,,,Тоҷикӣ / Форсӣ,,
tj_f_mavzuna_542,542,female,Женский,Духтарона,М,Мавзуна,Мавзуна,Mavzuna,МАВЗУНА,МАВЗУНА,MAVZUNA,True,"Қарори Ҳукумати Ҷумҳурии Тоҷикистон аз 26 феврали соли 2026, №98",False,,,Тоҷикӣ / Форсӣ,,
tj_f_mavluda_543,543,female,Женский,Духтарона,М,Мавлуда,Мавлуда,Mavluda,МАВЛУДА,МАВЛУДА,MAVLUDA,True,"Қарори Ҳукумати Ҷумҳурии Тоҷикистон аз 26 феврали соли 2026, №98",False,,,Тоҷикӣ / Форсӣ,,
tj_f_mavj_544,544,female,Женский,Духтарона,М,Мавҷ,Мавдж,Mavj,МАВҶ,МАВДЖ,MAVJ,True,"Қарори Ҳукумати Ҷумҳурии Тоҷикистон аз 26 феврали соли 2026, №98",False,,,Тоҷикӣ / Форсӣ,,
tj_f_mavjigul_545,545,female,Женский,Духтарона,М,Мавҷигул,Мавджигул,Mavjigul,МАВҶИГУЛ,МАВДЖИГУЛ,MAVJIGUL,True,"Қарори Ҳукумати Ҷумҳурии Тоҷикистон аз 26 феврали соли 2026, №98",False,,,Тоҷикӣ / Форсӣ,,
tj_f_mavji_546,546,female,Женский,Духтарона,М,Мавҷӣ,Мавджи,Mavji,МАВҶӢ,МАВДЖИ,MAVJI,True,"Қарори Ҳукумати Ҷумҳурии Тоҷикистон аз 26 феврали соли 2026, №98",False,,,Тоҷикӣ / Форсӣ,,
tj_f_mavjuda_547,547,female,Женский,Духтарона,М,Мавҷуда,Мавджуда,Mavjuda,МАВҶУДА,МАВДЖУДА,MAVJUDA,True,"Қарори Ҳукумати Ҷумҳурии Тоҷикистон аз 26 феврали соли 2026, №98",False,,,Тоҷикӣ / Форсӣ,,
tj_f_madina_548,548,female,Женский,Духтарона,М,Мадина,Мадина,Madina,МАДИНА,МАДИНА,MADINA,True,"Қарори Ҳукумати Ҷумҳурии Тоҷикистон аз 26 феврали соли 2026, №98",True,madina,"Город (Пророка), благородная",Арабское,верующая; красивая; нежная; благородная,"Имя в честь священного города Медины (аль-Мадина аль-Мунаввара), куда совершил хиджру Пророк Мухаммад."
tj_f_mazno_549,549,female,Женский,Духтарона,М,Мазно,Мазно,Mazno,МАЗНО,МАЗНО,MAZNO,True,"Қарори Ҳукумати Ҷумҳурии Тоҷикистон аз 26 феврали соли 2026, №98",False,,,Тоҷикӣ / Форсӣ,,
tj_f_maydagul_550,550,female,Женский,Духтарона,М,Майдагул,Майдагул,Maydagul,МАЙДАГУЛ,МАЙДАГУЛ,MAYDAGUL,True,"Қарори Ҳукумати Ҷумҳурии Тоҷикистон аз 26 феврали соли 2026, №98",False,,,Тоҷикӣ / Форсӣ,,
tj_f_mayniso_551,551,female,Женский,Духтарона,М,Майнисо,Майнисо,Mayniso,МАЙНИСО,МАЙНИСО,MAYNISO,True,"Қарори Ҳукумати Ҷумҳурии Тоҷикистон аз 26 феврали соли 2026, №98",False,,,Тоҷикӣ / Форсӣ,,
tj_f_maysa_552,552,female,Женский,Духтарона,М,Майса,Майса,Maysa,МАЙСА,МАЙСА,MAYSA,True,"Қарори Ҳукумати Ҷумҳурии Тоҷикистон аз 26 феврали соли 2026, №98",True,maysa,"Идущая с гордой осанкой, горделивая",Арабское,грациозная; красивая; элегантная; добрая; стойкая,"От арабского ميساء (maysāʾ) — «идущая с горделивой грацией, покачиваясь». В арабской поэтике «майс» — плавное колыхание ветки под ветром или грациозная походка красавицы. Имя воплощает идеал женской красоты в движении — не надменной, а исполненной природного достоинства."
tj_f_maysagul_553,553,female,Женский,Духтарона,М,Майсагул,Майсагул,Maysagul,МАЙСАГУЛ,МАЙСАГУЛ,MAYSAGUL,True,"Қарори Ҳукумати Ҷумҳурии Тоҷикистон аз 26 феврали соли 2026, №98",False,,,Тоҷикӣ / Форсӣ,,
tj_f_maysara_554,554,female,Женский,Духтарона,М,Майсара,Майсара,Maysara,МАЙСАРА,МАЙСАРА,MAYSARA,True,"Қарори Ҳукумати Ҷумҳурии Тоҷикистон аз 26 феврали соли 2026, №98",True,maysarah,"Лёгкость, достаток, благополучие без трудностей. Корень يَسَرَ (йасара) — быть лёгким, доступным. مَيْسَرَة — «то, что обретается без усилий, лёгкий путь»",Арабское,благополучный; удачливый; лёгкий; щедрый; благодатный,"Арабское مَيْسَرَة (майсара) — «лёгкость, достаток». Майсара — слуга (мавла) Хадиджи бинт Хувайлид ﷓, сопровождавший молодого Мухаммада ﷺ в торговых поездках в Сирию до начала пророчества. Именно его рассказы о честности и достоинстве Мухаммада помогли Хадидже принять решение о замужестве. В Коране (2:280): «فَنَظِرَةٌ إِلَى مَيْسَرَةٍ» — «предоставьте отсрочку до наступления достатка». «Аль-йусру ма"
tj_f_maknuna_555,555,female,Женский,Духтарона,М,Макнуна,Макнуна,Maknuna,МАКНУНА,МАКНУНА,MAKNUNA,True,"Қарори Ҳукумати Ҷумҳурии Тоҷикистон аз 26 феврали соли 2026, №98",False,,,Тоҷикӣ / Форсӣ,,
tj_f_maqbula_556,556,female,Женский,Духтарона,М,Мақбула,Макбула,Maqbula,МАҚБУЛА,МАКБУЛА,MAQBULA,True,"Қарори Ҳукумати Ҷумҳурии Тоҷикистон аз 26 феврали соли 2026, №98",False,,,Тоҷикӣ / Форсӣ,,
tj_f_maleha_557,557,female,Женский,Духтарона,М,Малеҳа,Малеха,Maleha,МАЛЕҲА,МАЛЕХА,MALEHA,True,"Қарори Ҳукумати Ҷумҳурии Тоҷикистон аз 26 феврали соли 2026, №98",False,,,Тоҷикӣ / Форсӣ,,
tj_f_malika_558,558,female,Женский,Духтарона,М,Малика,Малика,Malika,МАЛИКА,МАЛИКА,MALIKA,True,"Қарори Ҳукумати Ҷумҳурии Тоҷикистон аз 26 феврали соли 2026, №98",False,,,Тоҷикӣ / Форсӣ,,
tj_f_malikabonu_559,559,female,Женский,Духтарона,М,Маликабону,Маликабону,Malikabonu,МАЛИКАБОНУ,МАЛИКАБОНУ,MALIKABONU,True,"Қарори Ҳукумати Ҷумҳурии Тоҷикистон аз 26 феврали соли 2026, №98",False,,,Тоҷикӣ / Форсӣ,,
tj_f_malikamoh_560,560,female,Женский,Духтарона,М,Маликамоҳ,Маликамох,Malikamoh,МАЛИКАМОҲ,МАЛИКАМОХ,MALIKAMOH,True,"Қарори Ҳукумати Ҷумҳурии Тоҷикистон аз 26 феврали соли 2026, №98",False,,,Тоҷикӣ / Форсӣ,,
tj_f_malikasimo_561,561,female,Женский,Духтарона,М,Маликасимо,Маликасимо,Malikasimo,МАЛИКАСИМО,МАЛИКАСИМО,MALIKASIMO,True,"Қарори Ҳукумати Ҷумҳурии Тоҷикистон аз 26 феврали соли 2026, №98",False,,,Тоҷикӣ / Форсӣ,,
tj_f_maliknoz_562,562,female,Женский,Духтарона,М,Маликноз,Маликноз,Maliknoz,МАЛИКНОЗ,МАЛИКНОЗ,MALIKNOZ,True,"Қарори Ҳукумати Ҷумҳурии Тоҷикистон аз 26 феврали соли 2026, №98",False,,,Тоҷикӣ / Форсӣ,,
tj_f_malohat_563,563,female,Женский,Духтарона,М,Малоҳат,Малохат,Malohat,МАЛОҲАТ,МАЛОХАТ,MALOHAT,True,"Қарори Ҳукумати Ҷумҳурии Тоҷикистон аз 26 феврали соли 2026, №98",False,,,Тоҷикӣ / Форсӣ,,
tj_f_mamnuna_564,564,female,Женский,Духтарона,М,Мамнуна,Мамнуна,Mamnuna,МАМНУНА,МАМНУНА,MAMNUNA,True,"Қарори Ҳукумати Ҷумҳурии Тоҷикистон аз 26 феврали соли 2026, №98",False,,,Тоҷикӣ / Форсӣ,,
tj_f_mandana_565,565,female,Женский,Духтарона,М,Мандана,Мандана,Mandana,МАНДАНА,МАНДАНА,MANDANA,True,"Қарори Ҳукумати Ҷумҳурии Тоҷикистон аз 26 феврали соли 2026, №98",False,,,Тоҷикӣ / Форсӣ,,
tj_f_manzuma_566,566,female,Женский,Духтарона,М,Манзума,Манзума,Manzuma,МАНЗУМА,МАНЗУМА,MANZUMA,True,"Қарори Ҳукумати Ҷумҳурии Тоҷикистон аз 26 феврали соли 2026, №98",False,,,Тоҷикӣ / Форсӣ,,
tj_f_manzura_567,567,female,Женский,Духтарона,М,Манзура,Манзура,Manzura,МАНЗУРА,МАНЗУРА,MANZURA,True,"Қарори Ҳукумати Ҷумҳурии Тоҷикистон аз 26 феврали соли 2026, №98",False,,,Тоҷикӣ / Форсӣ,,
tj_f_manizha_568,568,female,Женский,Духтарона,М,Манижа,Манижа,Manizha,МАНИЖА,МАНИЖА,MANIZHA,True,"Қарори Ҳукумати Ҷумҳурии Тоҷикистон аз 26 феврали соли 2026, №98",False,,,Тоҷикӣ / Форсӣ,,
tj_f_maniso_569,569,female,Женский,Духтарона,М,Манисо,Манисо,Maniso,МАНИСО,МАНИСО,MANISO,True,"Қарори Ҳукумати Ҷумҳурии Тоҷикистон аз 26 феврали соли 2026, №98",False,,,Тоҷикӣ / Форсӣ,,
tj_f_manusho_570,570,female,Женский,Духтарона,М,Манушо,Манушо,Manusho,МАНУШО,МАНУШО,MANUSHO,True,"Қарори Ҳукумати Ҷумҳурии Тоҷикистон аз 26 феврали соли 2026, №98",False,,,Тоҷикӣ / Форсӣ,,
tj_f_manushfar_571,571,female,Женский,Духтарона,М,Манушфар,Манушфар,Manushfar,МАНУШФАР,МАНУШФАР,MANUSHFAR,True,"Қарори Ҳукумати Ҷумҳурии Тоҷикистон аз 26 феврали соли 2026, №98",False,,,Тоҷикӣ / Форсӣ,,
tj_f_marvbonu_572,572,female,Женский,Духтарона,М,Марвбону,Марвбону,Marvbonu,МАРВБОНУ,МАРВБОНУ,MARVBONU,True,"Қарори Ҳукумати Ҷумҳурии Тоҷикистон аз 26 феврали соли 2026, №98",False,,,Тоҷикӣ / Форсӣ,,
tj_f_marvigul_573,573,female,Женский,Духтарона,М,Марвигул,Марвигул,Marvigul,МАРВИГУЛ,МАРВИГУЛ,MARVIGUL,True,"Қарори Ҳукумати Ҷумҳурии Тоҷикистон аз 26 феврали соли 2026, №98",False,,,Тоҷикӣ / Форсӣ,,
tj_f_marviya_574,574,female,Женский,Духтарона,М,Марвия,Марвия,Marviya,МАРВИЯ,МАРВИЯ,MARVIYA,True,"Қарори Ҳукумати Ҷумҳурии Тоҷикистон аз 26 феврали соли 2026, №98",False,,,Тоҷикӣ / Форсӣ,,
tj_f_marvorid_575,575,female,Женский,Духтарона,М,Марворид,Марворид,Marvorid,МАРВОРИД,МАРВОРИД,MARVORID,True,"Қарори Ҳукумати Ҷумҳурии Тоҷикистон аз 26 феврали соли 2026, №98",False,,,Тоҷикӣ / Форсӣ,,
tj_f_marzibonu_576,576,female,Женский,Духтарона,М,Марзибону,Марзибону,Marzibonu,МАРЗИБОНУ,МАРЗИБОНУ,MARZIBONU,True,"Қарори Ҳукумати Ҷумҳурии Тоҷикистон аз 26 феврали соли 2026, №98",False,,,Тоҷикӣ / Форсӣ,,
tj_f_marziya_577,577,female,Женский,Духтарона,М,Марзия,Марзия,Marziya,МАРЗИЯ,МАРЗИЯ,MARZIYA,True,"Қарори Ҳукумати Ҷумҳурии Тоҷикистон аз 26 феврали соли 2026, №98",False,,,Тоҷикӣ / Форсӣ,,
tj_f_marhabo_578,578,female,Женский,Духтарона,М,Марҳабо,Мархабо,Marhabo,МАРҲАБО,МАРХАБО,MARHABO,True,"Қарори Ҳукумати Ҷумҳурии Тоҷикистон аз 26 феврали соли 2026, №98",False,,,Тоҷикӣ / Форсӣ,,
tj_f_marhamat_579,579,female,Женский,Духтарона,М,Марҳамат,Мархамат,Marhamat,МАРҲАМАТ,МАРХАМАТ,MARHAMAT,True,"Қарори Ҳукумати Ҷумҳурии Тоҷикистон аз 26 феврали соли 2026, №98",False,,,Тоҷикӣ / Форсӣ,,
tj_f_marjon_580,580,female,Женский,Духтарона,М,Марҷон,Марджон,Marjon,МАРҶОН,МАРДЖОН,MARJON,True,"Қарори Ҳукумати Ҷумҳурии Тоҷикистон аз 26 феврали соли 2026, №98",False,,,Тоҷикӣ / Форсӣ,,
tj_f_marjona_581,581,female,Женский,Духтарона,М,Марҷона,Марджона,Marjona,МАРҶОНА,МАРДЖОНА,MARJONA,True,"Қарори Ҳукумати Ҷумҳурии Тоҷикистон аз 26 феврали соли 2026, №98",False,,,Тоҷикӣ / Форсӣ,,
tj_f_maryam_582,582,female,Женский,Духтарона,М,Марям,Марям,Maryam,МАРЯМ,МАРЯМ,MARYAM,True,"Қарори Ҳукумати Ҷумҳурии Тоҷикистон аз 26 феврали соли 2026, №98",True,maryam,"Служительница Аллаха, набожная",Арабское,верующая; чистая; терпеливая; красивая,"Единственная женщина, упомянутая по имени в Коране. Целая сура (19-я) названа в её честь. Образец веры и чистоты."
tj_f_mastona_583,583,female,Женский,Духтарона,М,Мастон,Мастона,Mastona,МАСТОН,МАСТОНА,MASTONA,True,"Қарори Ҳукумати Ҷумҳурии Тоҷикистон аз 26 феврали соли 2026, №98",False,,,Тоҷикӣ / Форсӣ,,
tj_f_mastona_584,584,female,Женский,Духтарона,М,Мастона,Мастона,Mastona,МАСТОНА,МАСТОНА,MASTONA,True,"Қарори Ҳукумати Ҷумҳурии Тоҷикистон аз 26 феврали соли 2026, №98",False,,,Тоҷикӣ / Форсӣ,,
tj_f_mastura_585,585,female,Женский,Духтарона,М,Мастура,Мастура,Mastura,МАСТУРА,МАСТУРА,MASTURA,True,"Қарори Ҳукумати Ҷумҳурии Тоҷикистон аз 26 феврали соли 2026, №98",False,,,Тоҷикӣ / Форсӣ,,
tj_f_matluba_586,586,female,Женский,Духтарона,М,Матлуба,Матлуба,Matluba,МАТЛУБА,МАТЛУБА,MATLUBA,True,"Қарори Ҳукумати Ҷумҳурии Тоҷикистон аз 26 феврали соли 2026, №98",False,,,Тоҷикӣ / Форсӣ,,
tj_f_maftuna_587,587,female,Женский,Духтарона,М,Мафтуна,Мафтуна,Maftuna,МАФТУНА,МАФТУНА,MAFTUNA,True,"Қарори Ҳукумати Ҷумҳурии Тоҷикистон аз 26 феврали соли 2026, №98",False,,,Тоҷикӣ / Форсӣ,,
tj_f_mahasto_588,588,female,Женский,Духтарона,М,Маҳасто,Махасто,Mahasto,МАҲАСТО,МАХАСТО,MAHASTO,True,"Қарори Ҳукумати Ҷумҳурии Тоҷикистон аз 26 феврали соли 2026, №98",False,,,Тоҷикӣ / Форсӣ,,
tj_f_mahasti_589,589,female,Женский,Духтарона,М,Маҳастӣ,Махасти,Mahasti,МАҲАСТӢ,МАХАСТИ,MAHASTI,True,"Қарори Ҳукумати Ҷумҳурии Тоҷикистон аз 26 феврали соли 2026, №98",False,,,Тоҷикӣ / Форсӣ,,
tj_f_mafruz_590,590,female,Женский,Духтарона,М,Маҳафрӯз,Махафруз,Mafruz,МАҲАФРӮЗ,МАХАФРУЗ,MAFRUZ,True,"Қарори Ҳукумати Ҷумҳурии Тоҷикистон аз 26 феврали соли 2026, №98",False,,,Тоҷикӣ / Форсӣ,,
tj_f_mahdonu_591,591,female,Женский,Духтарона,М,Маҳбону,Махбону,Mahdonu,МАҲБОНУ,МАХБОНУ,MAHDONU,True,"Қарори Ҳукумати Ҷумҳурии Тоҷикистон аз 26 феврали соли 2026, №98",False,,,Тоҷикӣ / Форсӣ,,
tj_f_mahbuba_592,592,female,Женский,Духтарона,М,Маҳбуба,Махбуба,Mahbuba,МАҲБУБА,МАХБУБА,MAHBUBA,True,"Қарори Ҳукумати Ҷумҳурии Тоҷикистон аз 26 феврали соли 2026, №98",False,,,Тоҷикӣ / Форсӣ,,
tj_f_mahvash_593,593,female,Женский,Духтарона,М,Маҳваш,Махваш,Mahvash,МАҲВАШ,МАХВАШ,MAHVASH,True,"Қарори Ҳукумати Ҷумҳурии Тоҷикистон аз 26 феврали соли 2026, №98",False,,,Тоҷикӣ / Форсӣ,,
tj_f_mahvor_594,594,female,Женский,Духтарона,М,Маҳвор,Махвор,Mahvor,МАҲВОР,МАХВОР,MAHVOR,True,"Қарори Ҳукумати Ҷумҳурии Тоҷикистон аз 26 феврали соли 2026, №98",False,,,Тоҷикӣ / Форсӣ,,
tj_f_mahgul_595,595,female,Женский,Духтарона,М,Маҳгул,Махгул,Mahgul,МАҲГУЛ,МАХГУЛ,MAHGUL,True,"Қарори Ҳукумати Ҷумҳурии Тоҷикистон аз 26 феврали соли 2026, №98",False,,,Тоҷикӣ / Форсӣ,,
tj_f_mahdis_596,596,female,Женский,Духтарона,М,Маҳдис,Махдис,Mahdis,МАҲДИС,МАХДИС,MAHDIS,True,"Қарори Ҳукумати Ҷумҳурии Тоҷикистон аз 26 феврали соли 2026, №98",False,,,Тоҷикӣ / Форсӣ,,
tj_f_mahin_597,597,female,Женский,Духтарона,М,Маҳин,Махин,Mahin,МАҲИН,МАХИН,MAHIN,True,"Қарори Ҳукумати Ҷумҳурии Тоҷикистон аз 26 феврали соли 2026, №98",False,,,Тоҷикӣ / Форсӣ,,
tj_f_mahin_598,598,female,Женский,Духтарона,М,Маҳина,Махина,Mahinа,МАҲИНА,МАХИНА,MAHINА,True,"Қарори Ҳукумати Ҷумҳурии Тоҷикистон аз 26 феврали соли 2026, №98",False,,,Тоҷикӣ / Форсӣ,,
tj_f_mahinbonu_599,599,female,Женский,Духтарона,М,Маҳинабону,Махинабону,Mahinаbonu,МАҲИНАБОНУ,МАХИНАБОНУ,MAHINАBONU,True,"Қарори Ҳукумати Ҷумҳурии Тоҷикистон аз 26 феврали соли 2026, №98",False,,,Тоҷикӣ / Форсӣ,,
tj_f_mahinbonu_600,600,female,Женский,Духтарона,М,Маҳинбону,Махинбону,Mahinbonu,МАҲИНБОНУ,МАХИНБОНУ,MAHINBONU,True,"Қарори Ҳукумати Ҷумҳурии Тоҷикистон аз 26 феврали соли 2026, №98",False,,,Тоҷикӣ / Форсӣ,,
tj_f_mahingul_601,601,female,Женский,Духтарона,М,Маҳингул,Махингул,Mahingul,МАҲИНГУЛ,МАХИНГУЛ,MAHINGUL,True,"Қарори Ҳукумати Ҷумҳурии Тоҷикистон аз 26 феврали соли 2026, №98",False,,,Тоҷикӣ / Форсӣ,,
tj_f_mahliyo_602,602,female,Женский,Духтарона,М,Маҳлиё,Махлиё,Mahliyo,МАҲЛИЁ,МАХЛИЁ,MAHLIYO,True,"Қарори Ҳукумати Ҷумҳурии Тоҷикистон аз 26 феврали соли 2026, №98",False,,,Тоҷикӣ / Форсӣ,,
tj_f_mahliqo_603,603,female,Женский,Духтарона,М,Маҳлиқо,Махлико,Mahliqo,МАҲЛИҚО,МАХЛИКО,MAHLIQO,True,"Қарори Ҳукумати Ҷумҳурии Тоҷикистон аз 26 феврали соли 2026, №98",False,,,Тоҷикӣ / Форсӣ,,
tj_f_mahniso_604,604,female,Женский,Духтарона,М,Маҳнисо,Махнисо,Mahniso,МАҲНИСО,МАХНИСО,MAHNISO,True,"Қарори Ҳукумати Ҷумҳурии Тоҷикистон аз 26 феврали соли 2026, №98",False,,,Тоҷикӣ / Форсӣ,,
tj_f_mahnoz_605,605,female,Женский,Духтарона,М,Маҳноз,Махноз,Mahnoz,МАҲНОЗ,МАХНОЗ,MAHNOZ,True,"Қарори Ҳукумати Ҷумҳурии Тоҷикистон аз 26 феврали соли 2026, №98",False,,,Тоҷикӣ / Форсӣ,,
tj_f_mahnur_606,606,female,Женский,Духтарона,М,Маҳнур,Махнур,Mahnur,МАҲНУР,МАХНУР,MAHNUR,True,"Қарори Ҳукумати Ҷумҳурии Тоҷикистон аз 26 феврали соли 2026, №98",False,,,Тоҷикӣ / Форсӣ,,
tj_f_mahnush_607,607,female,Женский,Духтарона,М,Маҳнуш,Махнуш,Mahnush,МАҲНУШ,МАХНУШ,MAHNUSH,True,"Қарори Ҳукумати Ҷумҳурии Тоҷикистон аз 26 феврали соли 2026, №98",False,,,Тоҷикӣ / Форсӣ,,
tj_f_mahpari_608,608,female,Женский,Духтарона,М,Маҳпарӣ,Махпари,Mahpari,МАҲПАРӢ,МАХПАРИ,MAHPARI,True,"Қарори Ҳукумати Ҷумҳурии Тоҷикистон аз 26 феврали соли 2026, №98",False,,,Тоҷикӣ / Форсӣ,,
tj_f_mahpora_609,609,female,Женский,Духтарона,М,Маҳпора,Махпора,Mahpora,МАҲПОРА,МАХПОРА,MAHPORA,True,"Қарори Ҳукумати Ҷумҳурии Тоҷикистон аз 26 феврали соли 2026, №98",False,,,Тоҷикӣ / Форсӣ,,
tj_f_mahrez_610,610,female,Женский,Духтарона,М,Маҳрез,Махрез,Mahrez,МАҲРЕЗ,МАХРЕЗ,MAHREZ,True,"Қарори Ҳукумати Ҷумҳурии Тоҷикистон аз 26 феврали соли 2026, №98",False,,,Тоҷикӣ / Форсӣ,,
tj_f_mahru_611,611,female,Женский,Духтарона,М,Маҳрӯ,Махру,Mahru,МАҲРӮ,МАХРУ,MAHRU,True,"Қарори Ҳукумати Ҷумҳурии Тоҷикистон аз 26 феврали соли 2026, №98",False,,,Тоҷикӣ / Форсӣ,,
tj_f_mahruy_612,612,female,Женский,Духтарона,М,Маҳрӯй,Махруй,Mahruy,МАҲРӮЙ,МАХРУЙ,MAHRUY,True,"Қарори Ҳукумати Ҷумҳурии Тоҷикистон аз 26 феврали соли 2026, №98",False,,,Тоҷикӣ / Форсӣ,,
tj_f_ahruya_613,613,female,Женский,Духтарона,М,Маҳрӯя,Махруя,Мahruya,МАҲРӮЯ,МАХРУЯ,МAHRUYA,True,"Қарори Ҳукумати Ҷумҳурии Тоҷикистон аз 26 феврали соли 2026, №98",False,,,Тоҷикӣ / Форсӣ,,
tj_f_mahsimo_614,614,female,Женский,Духтарона,М,Маҳсимо,Махсимо,Mahsimo,МАҲСИМО,МАХСИМО,MAHSIMO,True,"Қарори Ҳукумати Ҷумҳурии Тоҷикистон аз 26 феврали соли 2026, №98",False,,,Тоҷикӣ / Форсӣ,,
tj_f_mahso_615,615,female,Женский,Духтарона,М,Маҳсо,Махсо,Mahso,МАҲСО,МАХСО,MAHSO,True,"Қарори Ҳукумати Ҷумҳурии Тоҷикистон аз 26 феврали соли 2026, №98",False,,,Тоҷикӣ / Форсӣ,,
tj_f_mahson_616,616,female,Женский,Духтарона,М,Маҳсон,Махсон,Mahson,МАҲСОН,МАХСОН,MAHSON,True,"Қарори Ҳукумати Ҷумҳурии Тоҷикистон аз 26 феврали соли 2026, №98",False,,,Тоҷикӣ / Форсӣ,,
tj_f_mahto_617,617,female,Женский,Духтарона,М,Маҳто,Махто,Mahto,МАҲТО,МАХТО,MAHTO,True,"Қарори Ҳукумати Ҷумҳурии Тоҷикистон аз 26 феврали соли 2026, №98",False,,,Тоҷикӣ / Форсӣ,,
tj_f_mahtob_618,618,female,Женский,Духтарона,М,Маҳтоб,Махтоб,Mahtob,МАҲТОБ,МАХТОБ,MAHTOB,True,"Қарори Ҳукумати Ҷумҳурии Тоҷикистон аз 26 феврали соли 2026, №98",False,,,Тоҷикӣ / Форсӣ,,
tj_f_mahtoj_619,619,female,Женский,Духтарона,М,Маҳтоҷ,Махтодж,Mahtoj,МАҲТОҶ,МАХТОДЖ,MAHTOJ,True,"Қарори Ҳукумати Ҷумҳурии Тоҷикистон аз 26 феврали соли 2026, №98",False,,,Тоҷикӣ / Форсӣ,,
tj_f_mahfuza_620,620,female,Женский,Духтарона,М,Маҳфуза,Махфуза,Mahfuza,МАҲФУЗА,МАХФУЗА,MAHFUZA,True,"Қарори Ҳукумати Ҷумҳурии Тоҷикистон аз 26 феврали соли 2026, №98",False,,,Тоҷикӣ / Форсӣ,,
tj_f_mashhura_621,621,female,Женский,Духтарона,М,Машҳура,Машхура,Mashhura,МАШҲУРА,МАШХУРА,MASHHURA,True,"Қарори Ҳукумати Ҷумҳурии Тоҷикистон аз 26 феврали соли 2026, №98",False,,,Тоҷикӣ / Форсӣ,,
tj_f_ahchehra_622,622,female,Женский,Духтарона,М,Маҳчеҳра,Махчехра,Мahchehra,МАҲЧЕҲРА,МАХЧЕХРА,МAHCHEHRA,True,"Қарори Ҳукумати Ҷумҳурии Тоҷикистон аз 26 феврали соли 2026, №98",False,,,Тоҷикӣ / Форсӣ,,
tj_f_mahjabin_623,623,female,Женский,Духтарона,М,Маҳҷабин,Маджабин,Mahjabin,МАҲҶАБИН,МАДЖАБИН,MAHJABIN,True,"Қарори Ҳукумати Ҷумҳурии Тоҷикистон аз 26 феврали соли 2026, №98",False,,,Тоҷикӣ / Форсӣ,,
tj_f_mahshed_624,624,female,Женский,Духтарона,М,Маҳшед,Махшед,Mahshed,МАҲШЕД,МАХШЕД,MAHSHED,True,"Қарори Ҳукумати Ҷумҳурии Тоҷикистон аз 26 феврали соли 2026, №98",False,,,Тоҷикӣ / Форсӣ,,
tj_f_marifat_625,625,female,Женский,Духтарона,М,Маърифат,Маърифат,Ma’rifat,МАЪРИФАТ,МАЪРИФАТ,MA’RIFAT,True,"Қарори Ҳукумати Ҷумҳурии Тоҷикистон аз 26 феврали соли 2026, №98",False,,,Тоҷикӣ / Форсӣ,,
tj_f_mehinbony_626,626,female,Женский,Духтарона,М,Меҳинбону,Мехинбону,Mehinbony,МЕҲИНБОНУ,МЕХИНБОНУ,MEHINBONY,True,"Қарори Ҳукумати Ҷумҳурии Тоҷикистон аз 26 феврали соли 2026, №98",False,,,Тоҷикӣ / Форсӣ,,
tj_f_mehr_627,627,female,Женский,Духтарона,М,Меҳр,Мехр,Mehr,МЕҲР,МЕХР,MEHR,True,"Қарори Ҳукумати Ҷумҳурии Тоҷикистон аз 26 феврали соли 2026, №98",False,,,Тоҷикӣ / Форсӣ,,
tj_f_mehrangez_628,628,female,Женский,Духтарона,М,Меҳрангез,Мехрангез,Mehrangez,МЕҲРАНГЕЗ,МЕХРАНГЕЗ,MEHRANGEZ,True,"Қарори Ҳукумати Ҷумҳурии Тоҷикистон аз 26 феврали соли 2026, №98",False,,,Тоҷикӣ / Форсӣ,,
tj_f_mehrafzun_629,629,female,Женский,Духтарона,М,Меҳрафзун,Мехрафзун,Mehrafzun,МЕҲРАФЗУН,МЕХРАФЗУН,MEHRAFZUN,True,"Қарори Ҳукумати Ҷумҳурии Тоҷикистон аз 26 феврали соли 2026, №98",False,,,Тоҷикӣ / Форсӣ,,
tj_f_mehrafruz_630,630,female,Женский,Духтарона,М,Меҳрафрӯз,Мехрафруз,Mehrafruz,МЕҲРАФРӮЗ,МЕХРАФРУЗ,MEHRAFRUZ,True,"Қарори Ҳукумати Ҷумҳурии Тоҷикистон аз 26 феврали соли 2026, №98",False,,,Тоҷикӣ / Форсӣ,,
tj_f_mehrvash_631,631,female,Женский,Духтарона,М,Меҳрваш,Мехрваш,Mehrvash,МЕҲРВАШ,МЕХРВАШ,MEHRVASH,True,"Қарори Ҳукумати Ҷумҳурии Тоҷикистон аз 26 феврали соли 2026, №98",False,,,Тоҷикӣ / Форсӣ,,
tj_f_mehrgon_632,632,female,Женский,Духтарона,М,Меҳргона,Мехргона,Mehrgonа,МЕҲРГОНА,МЕХРГОНА,MEHRGONА,True,"Қарори Ҳукумати Ҷумҳурии Тоҷикистон аз 26 феврали соли 2026, №98",False,,,Тоҷикӣ / Форсӣ,,
tj_f_mehrimoh_633,633,female,Женский,Духтарона,М,Меҳримоҳ,Мехримох,Mehrimoh,МЕҲРИМОҲ,МЕХРИМОХ,MEHRIMOH,True,"Қарори Ҳукумати Ҷумҳурии Тоҷикистон аз 26 феврали соли 2026, №98",False,,,Тоҷикӣ / Форсӣ,,
tj_f_mehriniso_634,634,female,Женский,Духтарона,М,Меҳринисо,Мехринисо,Mehriniso,МЕҲРИНИСО,МЕХРИНИСО,MEHRINISO,True,"Қарори Ҳукумати Ҷумҳурии Тоҷикистон аз 26 феврали соли 2026, №98",False,,,Тоҷикӣ / Форсӣ,,
tj_f_mehri_635,635,female,Женский,Духтарона,М,Меҳрӣ,Мехри,Mehri,МЕҲРӢ,МЕХРИ,MEHRI,True,"Қарори Ҳукумати Ҷумҳурии Тоҷикистон аз 26 феврали соли 2026, №98",False,,,Тоҷикӣ / Форсӣ,,
tj_f_mehrmoh_636,636,female,Женский,Духтарона,М,Меҳрмоҳ,Мехрмох,Mehrmoh,МЕҲРМОҲ,МЕХРМОХ,MEHRMOH,True,"Қарори Ҳукумати Ҷумҳурии Тоҷикистон аз 26 феврали соли 2026, №98",False,,,Тоҷикӣ / Форсӣ,,
tj_f_mehrnamo_637,637,female,Женский,Духтарона,М,Меҳрнамо,Мехрнамо,Mehrnamo,МЕҲРНАМО,МЕХРНАМО,MEHRNAMO,True,"Қарори Ҳукумати Ҷумҳурии Тоҷикистон аз 26 феврали соли 2026, №98",False,,,Тоҷикӣ / Форсӣ,,
tj_f_mehrnigor_638,638,female,Женский,Духтарона,М,Меҳрнигор,Мехрнигор,Mehrnigor,МЕҲРНИГОР,МЕХРНИГОР,MEHRNIGOR,True,"Қарори Ҳукумати Ҷумҳурии Тоҷикистон аз 26 феврали соли 2026, №98",False,,,Тоҷикӣ / Форсӣ,,
tj_f_mehrnigoh_639,639,female,Женский,Духтарона,М,Меҳрнигоҳ,Мехрнигох,Mehrnigoh,МЕҲРНИГОҲ,МЕХРНИГОХ,MEHRNIGOH,True,"Қарори Ҳукумати Ҷумҳурии Тоҷикистон аз 26 феврали соли 2026, №98",False,,,Тоҷикӣ / Форсӣ,,
tj_f_mehrnoz_640,640,female,Женский,Духтарона,М,Меҳрноз,Мехрноз,Mehrnoz,МЕҲРНОЗ,МЕХРНОЗ,MEHRNOZ,True,"Қарори Ҳукумати Ҷумҳурии Тоҷикистон аз 26 феврали соли 2026, №98",False,,,Тоҷикӣ / Форсӣ,,
tj_f_mehrnush_641,641,female,Женский,Духтарона,М,Меҳрнуш,Мехрнуш,Mehrnush,МЕҲРНУШ,МЕХРНУШ,MEHRNUSH,True,"Қарори Ҳукумати Ҷумҳурии Тоҷикистон аз 26 феврали соли 2026, №98",False,,,Тоҷикӣ / Форсӣ,,
tj_f_mehro_642,642,female,Женский,Духтарона,М,Меҳро,Мехро,Mehro,МЕҲРО,МЕХРО,MEHRO,True,"Қарори Ҳукумати Ҷумҳурии Тоҷикистон аз 26 феврали соли 2026, №98",False,,,Тоҷикӣ / Форсӣ,,
tj_f_mehrogin_643,643,female,Женский,Духтарона,М,Меҳрогин,Мехрогин,Mehrogin,МЕҲРОГИН,МЕХРОГИН,MEHROGIN,True,"Қарори Ҳукумати Ҷумҳурии Тоҷикистон аз 26 феврали соли 2026, №98",False,,,Тоҷикӣ / Форсӣ,,
tj_f_mehrozin_644,644,female,Женский,Духтарона,М,Меҳрозин,Мехрозин,Mehrozin,МЕҲРОЗИН,МЕХРОЗИН,MEHROZIN,True,"Қарори Ҳукумати Ҷумҳурии Тоҷикистон аз 26 феврали соли 2026, №98",False,,,Тоҷикӣ / Форсӣ,,
tj_f_mehrozod_645,645,female,Женский,Духтарона,М,Меҳрозод,Мехрозод,Mehrozod,МЕҲРОЗОД,МЕХРОЗОД,MEHROZOD,True,"Қарори Ҳукумати Ҷумҳурии Тоҷикистон аз 26 феврали соли 2026, №98",False,,,Тоҷикӣ / Форсӣ,,
tj_f_mehrona_646,646,female,Женский,Духтарона,М,Меҳрона,Мехрона,Mehrona,МЕҲРОНА,МЕХРОНА,MEHRONA,True,"Қарори Ҳукумати Ҷумҳурии Тоҷикистон аз 26 феврали соли 2026, №98",False,,,Тоҷикӣ / Форсӣ,,
tj_f_mehronush_647,647,female,Женский,Духтарона,М,Меҳронуш,Мехронуш,Mehronush,МЕҲРОНУШ,МЕХРОНУШ,MEHRONUSH,True,"Қарори Ҳукумати Ҷумҳурии Тоҷикистон аз 26 феврали соли 2026, №98",False,,,Тоҷикӣ / Форсӣ,,
tj_f_mehroro_648,648,female,Женский,Духтарона,М,Меҳроро,Мехроро,Mehroro,МЕҲРОРО,МЕХРОРО,MEHRORO,True,"Қарори Ҳукумати Ҷумҳурии Тоҷикистон аз 26 феврали соли 2026, №98",False,,,Тоҷикӣ / Форсӣ,,
tj_f_mehroso_649,649,female,Женский,Духтарона,М,Меҳросо,Мехросо,Mehroso,МЕҲРОСО,МЕХРОСО,MEHROSO,True,"Қарори Ҳукумати Ҷумҳурии Тоҷикистон аз 26 феврали соли 2026, №98",False,,,Тоҷикӣ / Форсӣ,,
tj_f_mehrofarid_650,650,female,Женский,Духтарона,М,Меҳрофарид,Мехрофарид,Mehrofarid,МЕҲРОФАРИД,МЕХРОФАРИД,MEHROFARID,True,"Қарори Ҳукумати Ҷумҳурии Тоҷикистон аз 26 феврали соли 2026, №98",False,,,Тоҷикӣ / Форсӣ,,
tj_f_mehrofarin_651,651,female,Женский,Духтарона,М,Меҳрофарин,Мехрофарин,Mehrofarin,МЕҲРОФАРИН,МЕХРОФАРИН,MEHROFARIN,True,"Қарори Ҳукумати Ҷумҳурии Тоҷикистон аз 26 феврали соли 2026, №98",False,,,Тоҷикӣ / Форсӣ,,
tj_f_mehrubon_652,652,female,Женский,Духтарона,М,Меҳрубон,Мехрубон,Mehrubon,МЕҲРУБОН,МЕХРУБОН,MEHRUBON,True,"Қарори Ҳукумати Ҷумҳурии Тоҷикистон аз 26 феврали соли 2026, №98",False,,,Тоҷикӣ / Форсӣ,,
tj_f_mehruz_653,653,female,Женский,Духтарона,М,Меҳрӯз,Мехруз,Mehruz,МЕҲРӮЗ,МЕХРУЗ,MEHRUZ,True,"Қарори Ҳукумати Ҷумҳурии Тоҷикистон аз 26 феврали соли 2026, №98",False,,,Тоҷикӣ / Форсӣ,,
tj_f_mizhgon_654,654,female,Женский,Духтарона,М,Мижгон,Мижгон,Mizhgon,МИЖГОН,МИЖГОН,MIZHGON,True,"Қарори Ҳукумати Ҷумҳурии Тоҷикистон аз 26 феврали соли 2026, №98",False,,,Тоҷикӣ / Форсӣ,,
tj_f_mino_655,655,female,Женский,Духтарона,М,Мино,Мино,Mino,МИНО,МИНО,MINO,True,"Қарори Ҳукумати Ҷумҳурии Тоҷикистон аз 26 феврали соли 2026, №98",False,,,Тоҷикӣ / Форсӣ,,
tj_f_minovash_656,656,female,Женский,Духтарона,М,Миноваш,Миноваш,Minovash,МИНОВАШ,МИНОВАШ,MINOVASH,True,"Қарори Ҳукумати Ҷумҳурии Тоҷикистон аз 26 феврали соли 2026, №98",False,,,Тоҷикӣ / Форсӣ,,
tj_f_minu_657,657,female,Женский,Духтарона,М,Мину,Мину,Minu,МИНУ,МИНУ,MINU,True,"Қарори Ҳукумати Ҷумҳурии Тоҷикистон аз 26 феврали соли 2026, №98",False,,,Тоҷикӣ / Форсӣ,,
tj_f_minunazhod_658,658,female,Женский,Духтарона,М,Минунажод,Минунажод,Minunazhod,МИНУНАЖОД,МИНУНАЖОД,MINUNAZHOD,True,"Қарори Ҳукумати Ҷумҳурии Тоҷикистон аз 26 феврали соли 2026, №98",False,,,Тоҷикӣ / Форсӣ,,
tj_f_minufar_659,659,female,Женский,Духтарона,М,Минуфар,Минуфар,Minufar,МИНУФАР,МИНУФАР,MINUFAR,True,"Қарори Ҳукумати Ҷумҳурии Тоҷикистон аз 26 феврали соли 2026, №98",False,,,Тоҷикӣ / Форсӣ,,
tj_f_mitra_660,660,female,Женский,Духтарона,М,Митра,Митра,Mitra,МИТРА,МИТРА,MITRA,True,"Қарори Ҳукумати Ҷумҳурии Тоҷикистон аз 26 феврали соли 2026, №98",False,,,Тоҷикӣ / Форсӣ,,
tj_f_mitro_661,661,female,Женский,Духтарона,М,Митро,Митро,Mitro,МИТРО,МИТРО,MITRO,True,"Қарори Ҳукумати Ҷумҳурии Тоҷикистон аз 26 феврали соли 2026, №98",False,,,Тоҷикӣ / Форсӣ,,
tj_f_moniyo_662,662,female,Женский,Духтарона,М,Мониё,Мониё,Moniyo,МОНИЁ,МОНИЁ,MONIYO,True,"Қарори Ҳукумати Ҷумҳурии Тоҷикистон аз 26 феврали соли 2026, №98",False,,,Тоҷикӣ / Форсӣ,,
tj_f_moniko_663,663,female,Женский,Духтарона,М,Монико,Монико,Moniko,МОНИКО,МОНИКО,MONIKO,True,"Қарори Ҳукумати Ҷумҳурии Тоҷикистон аз 26 феврали соли 2026, №98",False,,,Тоҷикӣ / Форсӣ,,
tj_f_monis_664,664,female,Женский,Духтарона,М,Монис,Монис,Monis,МОНИС,МОНИС,MONIS,True,"Қарори Ҳукумати Ҷумҳурии Тоҷикистон аз 26 феврали соли 2026, №98",False,,,Тоҷикӣ / Форсӣ,,
tj_f_monu_665,665,female,Женский,Духтарона,М,Мону,Мону,Monu,МОНУ,МОНУ,MONU,True,"Қарори Ҳукумати Ҷумҳурии Тоҷикистон аз 26 феврали соли 2026, №98",False,,,Тоҷикӣ / Форсӣ,,
tj_f_monush_666,666,female,Женский,Духтарона,М,Монуш,Монуш,Monush,МОНУШ,МОНУШ,MONUSH,True,"Қарори Ҳукумати Ҷумҳурии Тоҷикистон аз 26 феврали соли 2026, №98",False,,,Тоҷикӣ / Форсӣ,,
tj_f_monusho_667,667,female,Женский,Духтарона,М,Монушо,Монушо,Monusho,МОНУШО,МОНУШО,MONUSHO,True,"Қарори Ҳукумати Ҷумҳурии Тоҷикистон аз 26 феврали соли 2026, №98",False,,,Тоҷикӣ / Форсӣ,,
tj_f_moh_668,668,female,Женский,Духтарона,М,Моҳ,Мох,Moh,МОҲ,МОХ,MOH,True,"Қарори Ҳукумати Ҷумҳурии Тоҷикистон аз 26 феврали соли 2026, №98",False,,,Тоҷикӣ / Форсӣ,,
tj_f_mohafruz_669,669,female,Женский,Духтарона,М,Моҳафрӯз,Мохафруз,Mohafruz,МОҲАФРӮЗ,МОХАФРУЗ,MOHAFRUZ,True,"Қарори Ҳукумати Ҷумҳурии Тоҷикистон аз 26 феврали соли 2026, №98",False,,,Тоҷикӣ / Форсӣ,,
tj_f_mohdis_670,670,female,Женский,Духтарона,М,Моҳдис,Мохдис,Mohdis,МОҲДИС,МОХДИС,MOHDIS,True,"Қарори Ҳукумати Ҷумҳурии Тоҷикистон аз 26 феврали соли 2026, №98",False,,,Тоҷикӣ / Форсӣ,,
tj_f_mohdisa_671,671,female,Женский,Духтарона,М,Моҳдиса,Мохдиса,Mohdisa,МОҲДИСА,МОХДИСА,MOHDISA,True,"Қарори Ҳукумати Ҷумҳурии Тоҷикистон аз 26 феврали соли 2026, №98",False,,,Тоҷикӣ / Форсӣ,,
tj_f_mohyor_672,672,female,Женский,Духтарона,М,Моҳёр,Мохёр,Mohyor,МОҲЁР,МОХЁР,MOHYOR,True,"Қарори Ҳукумати Ҷумҳурии Тоҷикистон аз 26 феврали соли 2026, №98",False,,,Тоҷикӣ / Форсӣ,,
tj_f_mohin_673,673,female,Женский,Духтарона,М,Моҳин,Мохин,Mohin,МОҲИН,МОХИН,MOHIN,True,"Қарори Ҳукумати Ҷумҳурии Тоҷикистон аз 26 феврали соли 2026, №98",False,,,Тоҷикӣ / Форсӣ,,
tj_f_mohinav_674,674,female,Женский,Духтарона,М,Моҳинав,Мохинав,Mohinav,МОҲИНАВ,МОХИНАВ,MOHINAV,True,"Қарори Ҳукумати Ҷумҳурии Тоҷикистон аз 26 феврали соли 2026, №98",False,,,Тоҷикӣ / Форсӣ,,
tj_f_mohinur_675,675,female,Женский,Духтарона,М,Моҳинур,Мохинур,Mohinur,МОҲИНУР,МОХИНУР,MOHINUR,True,"Қарори Ҳукумати Ҷумҳурии Тоҷикистон аз 26 феврали соли 2026, №98",False,,,Тоҷикӣ / Форсӣ,,
tj_f_mohiolam_676,676,female,Женский,Духтарона,М,Моҳиолам,Мохиолам,Mohiolam,МОҲИОЛАМ,МОХИОЛАМ,MOHIOLAM,True,"Қарори Ҳукумати Ҷумҳурии Тоҷикистон аз 26 феврали соли 2026, №98",False,,,Тоҷикӣ / Форсӣ,,
tj_f_mohira_677,677,female,Женский,Духтарона,М,Моҳира,Мохира,Mohira,МОҲИРА,МОХИРА,MOHIRA,True,"Қарори Ҳукумати Ҷумҳурии Тоҷикистон аз 26 феврали соли 2026, №98",True,mahira,"Умелая, искусная, мастерица",Арабское,умелая; искусная; способная; компетентная; трудолюбивая,"Женская форма от مَاهِر (махир) — «умелый»: مَاهِرَة (махира). В исламе мастерство и профессионализм — форма поклонения: «Аллах предписал ихсан во всём» (Сахих Муслим). Хадис о грамотной чтице Корана: «Та, кто читает Коран умело (ماهرة بالقرآن)» — с благородными ангелами-писцами (Сахих Муслим). Имя несёт смысл стремления к мастерству как духовной практики."
tj_f_mohiston_678,678,female,Женский,Духтарона,М,Моҳистон,Мохистон,Mohiston,МОҲИСТОН,МОХИСТОН,MOHISTON,True,"Қарори Ҳукумати Ҷумҳурии Тоҷикистон аз 26 феврали соли 2026, №98",False,,,Тоҷикӣ / Форсӣ,,
tj_f_mohitobon_679,679,female,Женский,Духтарона,М,Моҳитобон,Мохитобон,Mohitobon,МОҲИТОБОН,МОХИТОБОН,MOHITOBON,True,"Қарори Ҳукумати Ҷумҳурии Тоҷикистон аз 26 феврали соли 2026, №98",False,,,Тоҷикӣ / Форсӣ,,
tj_f_mohikhosa_680,680,female,Женский,Духтарона,М,Моҳихоса,Мохихоса,Mohikhosa,МОҲИХОСА,МОХИХОСА,MOHIKHOSA,True,"Қарори Ҳукумати Ҷумҳурии Тоҷикистон аз 26 феврали соли 2026, №98",False,,,Тоҷикӣ / Форсӣ,,
tj_f_mohliqo_681,681,female,Женский,Духтарона,М,Моҳлиқо,Мохлико,Mohliqo,МОҲЛИҚО,МОХЛИКО,MOHLIQO,True,"Қарори Ҳукумати Ҷумҳурии Тоҷикистон аз 26 феврали соли 2026, №98",False,,,Тоҷикӣ / Форсӣ,,
tj_f_mohmino_682,682,female,Женский,Духтарона,М,Моҳмино,Мохмино,Mohmino,МОҲМИНО,МОХМИНО,MOHMINO,True,"Қарори Ҳукумати Ҷумҳурии Тоҷикистон аз 26 феврали соли 2026, №98",False,,,Тоҷикӣ / Форсӣ,,
tj_f_mohnamo_683,683,female,Женский,Духтарона,М,Моҳнамо,Мохнамо,Mohnamo,МОҲНАМО,МОХНАМО,MOHNAMO,True,"Қарори Ҳукумати Ҷумҳурии Тоҷикистон аз 26 феврали соли 2026, №98",False,,,Тоҷикӣ / Форсӣ,,
tj_f_mohniso_684,684,female,Женский,Духтарона,М,Моҳнисо,Мохнисо,Mohniso,МОҲНИСО,МОХНИСО,MOHNISO,True,"Қарори Ҳукумати Ҷумҳурии Тоҷикистон аз 26 феврали соли 2026, №98",False,,,Тоҷикӣ / Форсӣ,,
tj_f_mohnur_685,685,female,Женский,Духтарона,М,Моҳнур,Мохнур,Mohnur,МОҲНУР,МОХНУР,MOHNUR,True,"Қарори Ҳукумати Ҷумҳурии Тоҷикистон аз 26 феврали соли 2026, №98",False,,,Тоҷикӣ / Форсӣ,,
tj_f_mohnush_686,686,female,Женский,Духтарона,М,Моҳнуш,Мохнуш,Mohnush,МОҲНУШ,МОХНУШ,MOHNUSH,True,"Қарори Ҳукумати Ҷумҳурии Тоҷикистон аз 26 феврали соли 2026, №98",False,,,Тоҷикӣ / Форсӣ,,
tj_f_mohon_687,687,female,Женский,Духтарона,М,Моҳон,Мохон,Mohon,МОҲОН,МОХОН,MOHON,True,"Қарори Ҳукумати Ҷумҳурии Тоҷикистон аз 26 феврали соли 2026, №98",False,,,Тоҷикӣ / Форсӣ,,
tj_f_mohonchehra_688,688,female,Женский,Духтарона,М,Моҳончеҳра,Мохончехра,Mohonchehra,МОҲОНЧЕҲРА,МОХОНЧЕХРА,MOHONCHEHRA,True,"Қарори Ҳукумати Ҷумҳурии Тоҷикистон аз 26 феврали соли 2026, №98",False,,,Тоҷикӣ / Форсӣ,,
tj_f_mohoro_689,689,female,Женский,Духтарона,М,Моҳоро,Мохоро,Mohoro,МОҲОРО,МОХОРО,MOHORO,True,"Қарори Ҳукумати Ҷумҳурии Тоҷикистон аз 26 феврали соли 2026, №98",False,,,Тоҷикӣ / Форсӣ,,
tj_f_mohso_690,690,female,Женский,Духтарона,М,Моҳосо,Мохосо,Mohоso,МОҲОСО,МОХОСО,MOHОSO,True,"Қарори Ҳукумати Ҷумҳурии Тоҷикистон аз 26 феврали соли 2026, №98",False,,,Тоҷикӣ / Форсӣ,,
tj_f_mohofarid_691,691,female,Женский,Духтарона,М,Моҳофарид,Мохофарид,Mohofarid,МОҲОФАРИД,МОХОФАРИД,MOHOFARID,True,"Қарори Ҳукумати Ҷумҳурии Тоҷикистон аз 26 феврали соли 2026, №98",False,,,Тоҷикӣ / Форсӣ,,
tj_f_mohofarin_692,692,female,Женский,Духтарона,М,Моҳофарин,Мохофарин,Mohofarin,МОҲОФАРИН,МОХОФАРИН,MOHOFARIN,True,"Қарори Ҳукумати Ҷумҳурии Тоҷикистон аз 26 феврали соли 2026, №98",False,,,Тоҷикӣ / Форсӣ,,
tj_f_mohpaykar_693,693,female,Женский,Духтарона,М,Моҳпайкар,Мохпайкар,Mohpaykar,МОҲПАЙКАР,МОХПАЙКАР,MOHPAYKAR,True,"Қарори Ҳукумати Ҷумҳурии Тоҷикистон аз 26 феврали соли 2026, №98",False,,,Тоҷикӣ / Форсӣ,,
tj_f_mohpari_694,694,female,Женский,Духтарона,М,Моҳпарӣ,Мохпари,Mohpari,МОҲПАРӢ,МОХПАРИ,MOHPARI,True,"Қарори Ҳукумати Ҷумҳурии Тоҷикистон аз 26 феврали соли 2026, №98",False,,,Тоҷикӣ / Форсӣ,,
tj_f_mohpora_695,695,female,Женский,Духтарона,М,Моҳпора,Мохпора,Mohpora,МОҲПОРА,МОХПОРА,MOHPORA,True,"Қарори Ҳукумати Ҷумҳурии Тоҷикистон аз 26 феврали соли 2026, №98",False,,,Тоҷикӣ / Форсӣ,,
tj_f_mohrukh_696,696,female,Женский,Духтарона,М,Моҳрух,Мохрух,Mohrukh,МОҲРУХ,МОХРУХ,MOHRUKH,True,"Қарори Ҳукумати Ҷумҳурии Тоҷикистон аз 26 феврали соли 2026, №98",False,,,Тоҷикӣ / Форсӣ,,
tj_f_mohrukhsor_697,697,female,Женский,Духтарона,М,Моҳрухсор,Мохрухсор,Mohrukhsor,МОҲРУХСОР,МОХРУХСОР,MOHRUKHSOR,True,"Қарори Ҳукумати Ҷумҳурии Тоҷикистон аз 26 феврали соли 2026, №98",False,,,Тоҷикӣ / Форсӣ,,
tj_f_mohru_698,698,female,Женский,Духтарона,М,Моҳрӯ,Мохру,Mohru,МОҲРӮ,МОХРУ,MOHRU,True,"Қарори Ҳукумати Ҷумҳурии Тоҷикистон аз 26 феврали соли 2026, №98",False,,,Тоҷикӣ / Форсӣ,,
tj_f_mohruz_699,699,female,Женский,Духтарона,М,Моҳрӯз,Мохруз,Mohruz,МОҲРӮЗ,МОХРУЗ,MOHRUZ,True,"Қарори Ҳукумати Ҷумҳурии Тоҷикистон аз 26 феврали соли 2026, №98",False,,,Тоҷикӣ / Форсӣ,,
tj_f_mohruy_700,700,female,Женский,Духтарона,М,Моҳрӯй,Мохруй,Mohruy,МОҲРӮЙ,МОХРУЙ,MOHRUY,True,"Қарори Ҳукумати Ҷумҳурии Тоҷикистон аз 26 феврали соли 2026, №98",False,,,Тоҷикӣ / Форсӣ,,
tj_f_mohsafar_701,701,female,Женский,Духтарона,М,Моҳсафар,Мохсафар,Mohsafar,МОҲСАФАР,МОХСАФАР,MOHSAFAR,True,"Қарори Ҳукумати Ҷумҳурии Тоҷикистон аз 26 феврали соли 2026, №98",False,,,Тоҷикӣ / Форсӣ,,
tj_f_mohsimo_702,702,female,Женский,Духтарона,М,Моҳсимо,Мохсимо,Mohsimo,МОҲСИМО,МОХСИМО,MOHSIMO,True,"Қарори Ҳукумати Ҷумҳурии Тоҷикистон аз 26 феврали соли 2026, №98",False,,,Тоҷикӣ / Форсӣ,,
tj_f_mohso_703,703,female,Женский,Духтарона,М,Моҳсо,Мохсо,Mohso,МОҲСО,МОХСО,MOHSO,True,"Қарори Ҳукумати Ҷумҳурии Тоҷикистон аз 26 феврали соли 2026, №98",False,,,Тоҷикӣ / Форсӣ,,
tj_f_mohson_704,704,female,Женский,Духтарона,М,Моҳсон,Мохсон,Mohson,МОҲСОН,МОХСОН,MOHSON,True,"Қарори Ҳукумати Ҷумҳурии Тоҷикистон аз 26 феврали соли 2026, №98",False,,,Тоҷикӣ / Форсӣ,,
tj_f_mohtob_705,705,female,Женский,Духтарона,М,Моҳтоб,Мохтоб,Mohtob,МОҲТОБ,МОХТОБ,MOHTOB,True,"Қарори Ҳукумати Ҷумҳурии Тоҷикистон аз 26 феврали соли 2026, №98",False,,,Тоҷикӣ / Форсӣ,,
tj_f_mohu_706,706,female,Женский,Духтарона,М,Моҳу,Моху,Mohu,МОҲУ,МОХУ,MOHU,True,"Қарори Ҳукумати Ҷумҳурии Тоҷикистон аз 26 феврали соли 2026, №98",False,,,Тоҷикӣ / Форсӣ,,
tj_f_mohuzh_707,707,female,Женский,Духтарона,М,Моҳуж,Мохуж,Mohuzh,МОҲУЖ,МОХУЖ,MOHUZH,True,"Қарори Ҳукумати Ҷумҳурии Тоҷикистон аз 26 феврали соли 2026, №98",False,,,Тоҷикӣ / Форсӣ,,
tj_f_mohuy_708,708,female,Женский,Духтарона,М,Моҳуй,Мохуй,Mohuy,МОҲУЙ,МОХУЙ,MOHUY,True,"Қарори Ҳукумати Ҷумҳурии Тоҷикистон аз 26 феврали соли 2026, №98",False,,,Тоҷикӣ / Форсӣ,,
tj_f_mohush_709,709,female,Женский,Духтарона,М,Моҳуш,Мохуш,Mohush,МОҲУШ,МОХУШ,MOHUSH,True,"Қарори Ҳукумати Ҷумҳурии Тоҷикистон аз 26 феврали соли 2026, №98",False,,,Тоҷикӣ / Форсӣ,,
tj_f_mohuya_710,710,female,Женский,Духтарона,М,Моҳуя,Мохуя,Mohuya,МОҲУЯ,МОХУЯ,MOHUYA,True,"Қарори Ҳукумати Ҷумҳурии Тоҷикистон аз 26 феврали соли 2026, №98",False,,,Тоҷикӣ / Форсӣ,,
tj_f_mohfar_711,711,female,Женский,Духтарона,М,Моҳфар,Мохфар,Mohfar,МОҲФАР,МОХФАР,MOHFAR,True,"Қарори Ҳукумати Ҷумҳурии Тоҷикистон аз 26 феврали соли 2026, №98",False,,,Тоҷикӣ / Форсӣ,,
tj_f_mohchehra_712,712,female,Женский,Духтарона,М,Моҳчеҳра,Мохчехра,Mohchehra,МОҲЧЕҲРА,МОХЧЕХРА,MOHCHEHRA,True,"Қарори Ҳукумати Ҷумҳурии Тоҷикистон аз 26 феврали соли 2026, №98",False,,,Тоҷикӣ / Форсӣ,,
tj_f_mohjabin_713,713,female,Женский,Духтарона,М,Моҳҷабин,Мохджабин,Mohjabin,МОҲҶАБИН,МОХДЖАБИН,MOHJABIN,True,"Қарори Ҳукумати Ҷумҳурии Тоҷикистон аз 26 феврали соли 2026, №98",False,,,Тоҷикӣ / Форсӣ,,
tj_f_mohjal_714,714,female,Женский,Духтарона,М,Моҳҷамол,Мохджамол,Mohjaмоl,МОҲҶАМОЛ,МОХДЖАМОЛ,MOHJAМОL,True,"Қарори Ҳукумати Ҷумҳурии Тоҷикистон аз 26 феврали соли 2026, №98",False,,,Тоҷикӣ / Форсӣ,,
tj_f_mohsharif_715,715,female,Женский,Духтарона,М,Моҳшариф,Мохшариф,Mohsharif,МОҲШАРИФ,МОХШАРИФ,MOHSHARIF,True,"Қарори Ҳукумати Ҷумҳурии Тоҷикистон аз 26 феврали соли 2026, №98",False,,,Тоҷикӣ / Форсӣ,,
tj_f_muazzama_716,716,female,Женский,Духтарона,М,Муаззама,Муаззама,Muazzama,МУАЗЗАМА,МУАЗЗАМА,MUAZZAMA,True,"Қарори Ҳукумати Ҷумҳурии Тоҷикистон аз 26 феврали соли 2026, №98",False,,,Тоҷикӣ / Форсӣ,,
tj_f_muattara_717,717,female,Женский,Духтарона,М,Муаттара,Муаттара,Muattara,МУАТТАРА,МУАТТАРА,MUATTARA,True,"Қарори Ҳукумати Ҷумҳурии Тоҷикистон аз 26 феврали соли 2026, №98",False,,,Тоҷикӣ / Форсӣ,,
tj_f_mubina_718,718,female,Женский,Духтарона,М,Мубина,Мубина,Mubina,МУБИНА,МУБИНА,MUBINA,True,"Қарори Ҳукумати Ҷумҳурии Тоҷикистон аз 26 феврали соли 2026, №98",False,,,Тоҷикӣ / Форсӣ,,
tj_f_muborak_719,719,female,Женский,Духтарона,М,Муборак,Муборак,Muborak,МУБОРАК,МУБОРАК,MUBORAK,True,"Қарори Ҳукумати Ҷумҳурии Тоҷикистон аз 26 феврали соли 2026, №98",True,mubarak,"Благословенный, удачливый",Арабское,благословенный; счастливый; удачливый; добродетельный; щедрый,"От арабского بَارَكَ (барака) — «благословлять»: مُبَارَك (мубарак) — «благословлённый». В Коране Иса (Иисус) говорит о себе: «Он сделал меня благословенным» (وَجَعَلَنِي مُبَارَكًا, сура Марьям 19:31). Коран описывает Кааба как «мубарак» — «благословенный». «Аль-Мубарак» — эпитет Пророка Мухаммада в ряде хадисов. В арабском мире «мубарак» — стандартное поздравление: «Мубарак!» (Поздравляю!)."
tj_f_muzhda_720,720,female,Женский,Духтарона,М,Мужда,Мужда,Muzhda,МУЖДА,МУЖДА,MUZHDA,True,"Қарори Ҳукумати Ҷумҳурии Тоҷикистон аз 26 феврали соли 2026, №98",False,,,Тоҷикӣ / Форсӣ,,
tj_f_muzhdabahor_721,721,female,Женский,Духтарона,М,Муждабаҳор,Муждабаҳор,Muzhdabahor,МУЖДАБАҲОР,МУЖДАБАҲОР,MUZHDABAHOR,True,"Қарори Ҳукумати Ҷумҳурии Тоҷикистон аз 26 феврали соли 2026, №98",False,,,Тоҷикӣ / Форсӣ,,
tj_f_muzhdabonu_722,722,female,Женский,Духтарона,М,Муждабону,Муждабону,Muzhdabonu,МУЖДАБОНУ,МУЖДАБОНУ,MUZHDABONU,True,"Қарори Ҳукумати Ҷумҳурии Тоҷикистон аз 26 феврали соли 2026, №98",False,,,Тоҷикӣ / Форсӣ,,
tj_f_muzhdagoni_723,723,female,Женский,Духтарона,М,Муждагонӣ,Муждагони,Muzhdagoni,МУЖДАГОНӢ,МУЖДАГОНИ,MUZHDAGONI,True,"Қарори Ҳукумати Ҷумҳурии Тоҷикистон аз 26 феврали соли 2026, №98",False,,,Тоҷикӣ / Форсӣ,,
tj_f_muzhdanisor_724,724,female,Женский,Духтарона,М,Мужданисор,Мужданисор,Muzhdanisor,МУЖДАНИСОР,МУЖДАНИСОР,MUZHDANISOR,True,"Қарори Ҳукумати Ҷумҳурии Тоҷикистон аз 26 феврали соли 2026, №98",False,,,Тоҷикӣ / Форсӣ,,
tj_f_muzhdaovar_725,725,female,Женский,Духтарона,М,Муждаовар,Муждаовар,Muzhdaovar,МУЖДАОВАР,МУЖДАОВАР,MUZHDAOVAR,True,"Қарори Ҳукумати Ҷумҳурии Тоҷикистон аз 26 феврали соли 2026, №98",False,,,Тоҷикӣ / Форсӣ,,
tj_f_muzhdapay_726,726,female,Женский,Духтарона,М,Муждапай,Муждапай,Muzhdapay,МУЖДАПАЙ,МУЖДАПАЙ,MUZHDAPAY,True,"Қарори Ҳукумати Ҷумҳурии Тоҷикистон аз 26 феврали соли 2026, №98",False,,,Тоҷикӣ / Форсӣ,,
tj_f_muzhdarason_727,727,female,Женский,Духтарона,М,Муждарасон,Муждарасон,Muzhdarason,МУЖДАРАСОН,МУЖДАРАСОН,MUZHDARASON,True,"Қарори Ҳукумати Ҷумҳурии Тоҷикистон аз 26 феврали соли 2026, №98",False,,,Тоҷикӣ / Форсӣ,,
tj_f_muqaddas_728,728,female,Женский,Духтарона,М,Муқаддас,Мукаддас,Muqaddas,МУҚАДДАС,МУКАДДАС,MUQADDAS,True,"Қарори Ҳукумати Ҷумҳурии Тоҷикистон аз 26 феврали соли 2026, №98",False,,,Тоҷикӣ / Форсӣ,,
tj_f_mumtoz_729,729,female,Женский,Духтарона,М,Мумтоз,Мумтоз,Mumtoz,МУМТОЗ,МУМТОЗ,MUMTOZ,True,"Қарори Ҳукумати Ҷумҳурии Тоҷикистон аз 26 феврали соли 2026, №98",True,mumtaz,"Выдающийся, отличившийся, привилегированный",Арабское,выдающийся; превосходный; избранный; блестящий; элитный,"Арабское مُمْتَاز (мумтаз) — «выдающийся, отличившийся». Мумтаз-Махал (1593–1631) — персидская принцесса, любимая жена могольского императора Шах-Джахана; умерла при родах 14-го ребёнка. В её память Шах-Джахан построил Тадж-Махал (1632–1653) — мавзолей из белого мрамора, признанный одним из семи чудес света. Её полное имя — Арджуманд Бану Бегам; «Мумтаз-Махал» (Избранница Дворца) — титул. Символ вечной любви в исламском мире."
tj_f_munavvara_730,730,female,Женский,Духтарона,М,Мунаввара,Мунаввара,Munavvara,МУНАВВАРА,МУНАВВАРА,MUNAVVARA,True,"Қарори Ҳукумати Ҷумҳурии Тоҷикистон аз 26 феврали соли 2026, №98",False,,,Тоҷикӣ / Форсӣ,,
tj_f_munzifa_731,731,female,Женский,Духтарона,М,Мунзифа,Мунзифа,Munzifa,МУНЗИФА,МУНЗИФА,MUNZIFA,True,"Қарори Ҳукумати Ҷумҳурии Тоҷикистон аз 26 феврали соли 2026, №98",False,,,Тоҷикӣ / Форсӣ,,
tj_f_munira_732,732,female,Женский,Духтарона,М,Мунира,Мунира,Munira,МУНИРА,МУНИРА,MUNIRA,True,"Қарори Ҳукумати Ҷумҳурии Тоҷикистон аз 26 феврали соли 2026, №98",True,munira,"Лучезарная, освещающая других",Арабское,лучезарная; просветлённая; светлая; яркая; вдохновляющая,Женская форма от مُنِير (мунир) — «лучезарный»: مُنِيرَة (мунира). В Коране (33:46): «И светильником освещающим» (وَسِرَاجًا مُنِيرًا) — описание Пророка как источника света. В суре Ан-Нур (24:35) раскрывается великий образ Аллаха как Света небес и земли. Нур (свет) — центральный образ исламской мистики. Хунаин ибн Исхак и другие переводчики называли просветительскую деятельность «ал-Мунир».
tj_f_munisa_733,733,female,Женский,Духтарона,М,Муниса,Муниса,Munisa,МУНИСА,МУНИСА,MUNISA,True,"Қарори Ҳукумати Ҷумҳурии Тоҷикистон аз 26 феврали соли 2026, №98",False,,,Тоҷикӣ / Форсӣ,,
tj_f_murodgul_734,734,female,Женский,Духтарона,М,Муродгул,Муродгул,Murodgul,МУРОДГУЛ,МУРОДГУЛ,MURODGUL,True,"Қарори Ҳукумати Ҷумҳурии Тоҷикистон аз 26 феврали соли 2026, №98",False,,,Тоҷикӣ / Форсӣ,,
tj_f_musallam_735,735,female,Женский,Духтарона,М,Мусаллама,Мусаллама,Musallamа,МУСАЛЛАМА,МУСАЛЛАМА,MUSALLAMА,True,"Қарори Ҳукумати Ҷумҳурии Тоҷикистон аз 26 феврали соли 2026, №98",False,,,Тоҷикӣ / Форсӣ,,
tj_f_muslima_736,736,female,Женский,Духтарона,М,Муслима,Муслима,Muslima,МУСЛИМА,МУСЛИМА,MUSLIMA,True,"Қарори Ҳукумати Ҷумҳурии Тоҷикистон аз 26 феврали соли 2026, №98",False,,,Тоҷикӣ / Форсӣ,,
tj_f_mutriba_737,737,female,Женский,Духтарона,М,Мутриба,Мутриба,Mutriba,МУТРИБА,МУТРИБА,MUTRIBA,True,"Қарори Ҳукумати Ҷумҳурии Тоҷикистон аз 26 феврали соли 2026, №98",False,,,Тоҷикӣ / Форсӣ,,
tj_f_muhabbat_738,738,female,Женский,Духтарона,М,Муҳаббат,Мухаббат,Muhabbat,МУҲАББАТ,МУХАББАТ,MUHABBAT,True,"Қарори Ҳукумати Ҷумҳурии Тоҷикистон аз 26 феврали соли 2026, №98",False,,,Тоҷикӣ / Форсӣ,,
tj_f_muhayyo_739,739,female,Женский,Духтарона,М,Муҳайё,Мухайё,Muhayyo,МУҲАЙЁ,МУХАЙЁ,MUHAYYO,True,"Қарори Ҳукумати Ҷумҳурии Тоҷикистон аз 26 феврали соли 2026, №98",False,,,Тоҷикӣ / Форсӣ,,
tj_f_muharrama_740,740,female,Женский,Духтарона,М,Муҳаррама,Мухаррама,Muharrama,МУҲАРРАМА,МУХАРРАМА,MUHARRAMA,True,"Қарори Ҳукумати Ҷумҳурии Тоҷикистон аз 26 феврали соли 2026, №98",False,,,Тоҷикӣ / Форсӣ,,
tj_f_muhiba_741,741,female,Женский,Духтарона,М,Муҳиба,Мухиба,Muhiba,МУҲИБА,МУХИБА,MUHIBA,True,"Қарори Ҳукумати Ҷумҳурии Тоҷикистон аз 26 феврали соли 2026, №98",False,,,Тоҷикӣ / Форсӣ,,
tj_f_musharrafa_742,742,female,Женский,Духтарона,М,Мушаррафа,Мушаррафа,Musharrafa,МУШАРРАФА,МУШАРРАФА,MUSHARRAFA,True,"Қарори Ҳукумати Ҷумҳурии Тоҷикистон аз 26 феврали соли 2026, №98",False,,,Тоҷикӣ / Форсӣ,,
tj_f_mushkbu_743,743,female,Женский,Духтарона,М,Мушкбӯ,Мушкбу,Mushkbu,МУШКБӮ,МУШКБУ,MUSHKBU,True,"Қарори Ҳукумати Ҷумҳурии Тоҷикистон аз 26 феврали соли 2026, №98",False,,,Тоҷикӣ / Форсӣ,,
tj_f_mushkin_744,744,female,Женский,Духтарона,М,Мушкин,Мушкин,Mushkin,МУШКИН,МУШКИН,MUSHKIN,True,"Қарори Ҳукумати Ҷумҳурии Тоҷикистон аз 26 феврали соли 2026, №98",False,,,Тоҷикӣ / Форсӣ,,
tj_f_mushkina_745,745,female,Женский,Духтарона,М,Мушкина,Мушкина,Mushkina,МУШКИНА,МУШКИНА,MUSHKINA,True,"Қарори Ҳукумати Ҷумҳурии Тоҷикистон аз 26 феврали соли 2026, №98",False,,,Тоҷикӣ / Форсӣ,,
tj_f_mushkinbonu_746,746,female,Женский,Духтарона,М,Мушкинбону,Мушкинбону,Mushkinbonu,МУШКИНБОНУ,МУШКИНБОНУ,MUSHKINBONU,True,"Қарори Ҳукумати Ҷумҳурии Тоҷикистон аз 26 феврали соли 2026, №98",False,,,Тоҷикӣ / Форсӣ,,
tj_f_mushkinnoz_747,747,female,Женский,Духтарона,М,Мушкинноз,Мушкинноз,Mushkinnoz,МУШКИННОЗ,МУШКИННОЗ,MUSHKINNOZ,True,"Қарори Ҳукумати Ҷумҳурии Тоҷикистон аз 26 феврали соли 2026, №98",False,,,Тоҷикӣ / Форсӣ,,
tj_f_mushkinoz_748,748,female,Женский,Духтарона,М,Мушкиноз,Мушкиноз,Mushkinoz,МУШКИНОЗ,МУШКИНОЗ,MUSHKINOZ,True,"Қарори Ҳукумати Ҷумҳурии Тоҷикистон аз 26 феврали соли 2026, №98",False,,,Тоҷикӣ / Форсӣ,,
tj_f_mushkiya_749,749,female,Женский,Духтарона,М,Мушкия,Мушкия,Mushkiya,МУШКИЯ,МУШКИЯ,MUSHKIYA,True,"Қарори Ҳукумати Ҷумҳурии Тоҷикистон аз 26 феврали соли 2026, №98",False,,,Тоҷикӣ / Форсӣ,,
tj_f_mushknoz_750,750,female,Женский,Духтарона,М,Мушкноз,Мушкноз,Mushknoz,МУШКНОЗ,МУШКНОЗ,MUSHKNOZ,True,"Қарори Ҳукумати Ҷумҳурии Тоҷикистон аз 26 феврали соли 2026, №98",False,,,Тоҷикӣ / Форсӣ,,
tj_f_mushkfishon_751,751,female,Женский,Духтарона,М,Мушкфишон,Мушкфишон,Mushkfishon,МУШКФИШОН,МУШКФИШОН,MUSHKFISHON,True,"Қарори Ҳукумати Ҷумҳурии Тоҷикистон аз 26 феврали соли 2026, №98",False,,,Тоҷикӣ / Форсӣ,,
tj_f_mutabar_752,752,female,Женский,Духтарона,М,Муътабар,Муътабар,Mu’tabar,МУЪТАБАР,МУЪТАБАР,MU’TABAR,True,"Қарори Ҳукумати Ҷумҳурии Тоҷикистон аз 26 феврали соли 2026, №98",False,,,Тоҷикӣ / Форсӣ,,
tj_f_muyassara_753,753,female,Женский,Духтарона,М,Муяссара,Муяссара,Muyassara,МУЯССАРА,МУЯССАРА,MUYASSARA,True,"Қарори Ҳукумати Ҷумҳурии Тоҷикистон аз 26 феврали соли 2026, №98",False,,,Тоҷикӣ / Форсӣ,,
tj_f_navbahor_754,754,female,Женский,Духтарона,Н,Навбаҳор,Навбахор,Navbahor,НАВБАҲОР,НАВБАХОР,NAVBAHOR,True,"Қарори Ҳукумати Ҷумҳурии Тоҷикистон аз 26 феврали соли 2026, №98",False,,,Тоҷикӣ / Форсӣ,,
tj_f_navo_755,755,female,Женский,Духтарона,Н,Наво,Наво,Navo,НАВО,НАВО,NAVO,True,"Қарори Ҳукумати Ҷумҳурии Тоҷикистон аз 26 феврали соли 2026, №98",True,nawa,"Намерение, желание; плодовая косточка",Арабское,целеустремлённая; устремлённая; осознанная; внутренняя; глубокая,"Арабское نَوَى (нава) — «намерение; косточка плода». В исламе «ниййа» (намерение) — основа всех поступков: «Поистине, деяния по намерениям» (إِنَّمَا الأَعْمَالُ بِالنِّيَّاتِ, Сахих Бухари). «Нава аль-хайр» («намерение добра») освящает действие, делая его формой поклонения. В арабской поэзии «нава» — «место назначения путника», что добавляет смысл устремлённости в пути."
tj_f_navoda_756,756,female,Женский,Духтарона,Н,Навода,Навода,Navoda,НАВОДА,НАВОДА,NAVODA,True,"Қарори Ҳукумати Ҷумҳурии Тоҷикистон аз 26 феврали соли 2026, №98",False,,,Тоҷикӣ / Форсӣ,,
tj_f_navrasta_757,757,female,Женский,Духтарона,Н,Наврaста,Наврaста,Navrasta,НАВРAСТА,НАВРAСТА,NAVRASTA,True,"Қарори Ҳукумати Ҷумҳурии Тоҷикистон аз 26 феврали соли 2026, №98",False,,,Тоҷикӣ / Форсӣ,,
tj_f_navrusta_758,758,female,Женский,Духтарона,Н,Навруста,Навруста,Navrusta,НАВРУСТА,НАВРУСТА,NAVRUSTA,True,"Қарори Ҳукумати Ҷумҳурии Тоҷикистон аз 26 феврали соли 2026, №98",False,,,Тоҷикӣ / Форсӣ,,
tj_f_naghzigul_759,759,female,Женский,Духтарона,Н,Нағзигул,Нагзигул,Naghzigul,НАҒЗИГУЛ,НАГЗИГУЛ,NAGHZIGUL,True,"Қарори Ҳукумати Ҷумҳурии Тоҷикистон аз 26 феврали соли 2026, №98",False,,,Тоҷикӣ / Форсӣ,,
tj_f_nazhma_760,760,female,Женский,Духтарона,Н,Нажма,Нажма,Nazhma,НАЖМА,НАЖМА,NAZHMA,True,"Қарори Ҳукумати Ҷумҳурии Тоҷикистон аз 26 феврали соли 2026, №98",False,,,Тоҷикӣ / Форсӣ,,
tj_f_nazhmiya_761,761,female,Женский,Духтарона,Н,Нажмия,Нажмия,Nazhmiya,НАЖМИЯ,НАЖМИЯ,NAZHMIYA,True,"Қарори Ҳукумати Ҷумҳурии Тоҷикистон аз 26 феврали соли 2026, №98",False,,,Тоҷикӣ / Форсӣ,,
tj_f_nazrbakhsh_762,762,female,Женский,Духтарона,Н,Назарбахш,Назарбахш,Nazаrbakhsh,НАЗАРБАХШ,НАЗАРБАХШ,NAZАRBAKHSH,True,"Қарори Ҳукумати Ҷумҳурии Тоҷикистон аз 26 феврали соли 2026, №98",False,,,Тоҷикӣ / Форсӣ,,
tj_f_nazira_763,763,female,Женский,Духтарона,Н,Назира,Назира,Nazira,НАЗИРА,НАЗИРА,NAZIRA,True,"Қарори Ҳукумати Ҷумҳурии Тоҷикистон аз 26 феврали соли 2026, №98",False,,,Тоҷикӣ / Форсӣ,,
tj_f_nazifa_764,764,female,Женский,Духтарона,Н,Назифа,Назифа,Nazifa,НАЗИФА,НАЗИФА,NAZIFA,True,"Қарори Ҳукумати Ҷумҳурии Тоҷикистон аз 26 феврали соли 2026, №98",False,,,Тоҷикӣ / Форсӣ,,
tj_f_nazokat_765,765,female,Женский,Духтарона,Н,Назокат,Назокат,Nazokat,НАЗОКАТ,НАЗОКАТ,NAZOKAT,True,"Қарори Ҳукумати Ҷумҳурии Тоҷикистон аз 26 феврали соли 2026, №98",False,,,Тоҷикӣ / Форсӣ,,
tj_f_nazrbibi_766,766,female,Женский,Духтарона,Н,Назрбибӣ,Назрбиби,Nazrbibi,НАЗРБИБӢ,НАЗРБИБИ,NAZRBIBI,True,"Қарори Ҳукумати Ҷумҳурии Тоҷикистон аз 26 феврали соли 2026, №98",False,,,Тоҷикӣ / Форсӣ,,
tj_f_nazrigul_767,767,female,Женский,Духтарона,Н,Назригул,Назригул,Nazrigul,НАЗРИГУЛ,НАЗРИГУЛ,NAZRIGUL,True,"Қарори Ҳукумати Ҷумҳурии Тоҷикистон аз 26 феврали соли 2026, №98",False,,,Тоҷикӣ / Форсӣ,,
tj_f_nazrimoh_768,768,female,Женский,Духтарона,Н,Назримоҳ,Назримох,Nazrimoh,НАЗРИМОҲ,НАЗРИМОХ,NAZRIMOH,True,"Қарори Ҳукумати Ҷумҳурии Тоҷикистон аз 26 феврали соли 2026, №98",False,,,Тоҷикӣ / Форсӣ,,
tj_f_nazriya_769,769,female,Женский,Духтарона,Н,Назрия,Назрия,Nazriya,НАЗРИЯ,НАЗРИЯ,NAZRIYA,True,"Қарори Ҳукумати Ҷумҳурии Тоҷикистон аз 26 феврали соли 2026, №98",False,,,Тоҷикӣ / Форсӣ,,
tj_f_naima_770,770,female,Женский,Духтарона,Н,Наима,Наима,Naima,НАИМА,НАИМА,NAIMA,True,"Қарори Ҳукумати Ҷумҳурии Тоҷикистон аз 26 феврали соли 2026, №98",True,naima,"Живущая в неге, благополучная, спокойная",Арабское,спокойная; благополучная; нежная; счастливая; умиротворённая,"От арабского نَعِمَ (наима) — «жить в неге, благополучии». نَعِيمَة (наима) — «живущая в наслаждении и покое». В Коране «наим» — «блаженство, нега» — ключевое слово для описания рая: «аль-джаннат аль-наим» («сады блаженства») встречается более 10 раз. Хадис Пророка: «Рай — под ногами матерей». Наима Ахмар — известная марокканская певица. Имя популярно в Северной Африке и Египте."
tj_f_nayson_771,771,female,Женский,Духтарона,Н,Найсон,Найсон,Nayson,НАЙСОН,НАЙСОН,NAYSON,True,"Қарори Ҳукумати Ҷумҳурии Тоҷикистон аз 26 феврали соли 2026, №98",False,,,Тоҷикӣ / Форсӣ,,
tj_f_nakkhat_772,772,female,Женский,Духтарона,Н,Накҳат,Накхат,Nakkhat,НАКҲАТ,НАКХАТ,NAKKHAT,True,"Қарори Ҳукумати Ҷумҳурии Тоҷикистон аз 26 феврали соли 2026, №98",False,,,Тоҷикӣ / Форсӣ,,
tj_f_nakkhatafzo_773,773,female,Женский,Духтарона,Н,Накҳатафзо,Накхатафзо,Nakkhatafzo,НАКҲАТАФЗО,НАКХАТАФЗО,NAKKHATAFZO,True,"Қарори Ҳукумати Ҷумҳурии Тоҷикистон аз 26 феврали соли 2026, №98",False,,,Тоҷикӣ / Форсӣ,,
tj_f_nakkhatafshon_774,774,female,Женский,Духтарона,Н,Накҳатафшон,Накхатафшон,Nakkhatafshon,НАКҲАТАФШОН,НАКХАТАФШОН,NAKKHATAFSHON,True,"Қарори Ҳукумати Ҷумҳурии Тоҷикистон аз 26 феврали соли 2026, №98",False,,,Тоҷикӣ / Форсӣ,,
tj_f_nakkhatbakhsh_775,775,female,Женский,Духтарона,Н,Накҳатбахш,Накхатбахш,Nakkhatbakhsh,НАКҲАТБАХШ,НАКХАТБАХШ,NAKKHATBAKHSH,True,"Қарори Ҳукумати Ҷумҳурии Тоҷикистон аз 26 феврали соли 2026, №98",False,,,Тоҷикӣ / Форсӣ,,
tj_f_nakkhatbez_776,776,female,Женский,Духтарона,Н,Накҳатбез,Накхатбез,Nakkhatbez,НАКҲАТБЕЗ,НАКХАТБЕЗ,NAKKHATBEZ,True,"Қарори Ҳукумати Ҷумҳурии Тоҷикистон аз 26 феврали соли 2026, №98",False,,,Тоҷикӣ / Форсӣ,,
tj_f_nakkhatbor_777,777,female,Женский,Духтарона,Н,Накҳатбор,Накхатбор,Nakkhatbor,НАКҲАТБОР,НАКХАТБОР,NAKKHATBOR,True,"Қарори Ҳукумати Ҷумҳурии Тоҷикистон аз 26 феврали соли 2026, №98",False,,,Тоҷикӣ / Форсӣ,,
tj_f_nakkhatogin_778,778,female,Женский,Духтарона,Н,Накҳатогин,Накхатогин,Nakkhatogin,НАКҲАТОГИН,НАКХАТОГИН,NAKKHATOGIN,True,"Қарори Ҳукумати Ҷумҳурии Тоҷикистон аз 26 феврали соли 2026, №98",False,,,Тоҷикӣ / Форсӣ,,
tj_f_nakkhatoro_779,779,female,Женский,Духтарона,Н,Накҳаторо,Накхаторо,Nakkhatoro,НАКҲАТОРО,НАКХАТОРО,NAKKHATORO,True,"Қарори Ҳукумати Ҷумҳурии Тоҷикистон аз 26 феврали соли 2026, №98",False,,,Тоҷикӣ / Форсӣ,,
tj_f_nakkhatfishon_780,780,female,Женский,Духтарона,Н,Накҳатфишон,Накхатфишон,Nakkhatfishon,НАКҲАТФИШОН,НАКХАТФИШОН,NAKKHATFISHON,True,"Қарори Ҳукумати Ҷумҳурии Тоҷикистон аз 26 феврали соли 2026, №98",False,,,Тоҷикӣ / Форсӣ,,
tj_f_nargis_781,781,female,Женский,Духтарона,Н,Наргис,Наргис,Nargis,НАРГИС,НАРГИС,NARGIS,True,"Қарори Ҳукумати Ҷумҳурии Тоҷикистон аз 26 феврали соли 2026, №98",False,,,Тоҷикӣ / Форсӣ,,
tj_f_nargisbonu_782,782,female,Женский,Духтарона,Н,Наргисбону,Наргисбону,Nargisbonu,НАРГИСБОНУ,НАРГИСБОНУ,NARGISBONU,True,"Қарори Ҳукумати Ҷумҳурии Тоҷикистон аз 26 феврали соли 2026, №98",False,,,Тоҷикӣ / Форсӣ,,
tj_f_nargischashm_783,783,female,Женский,Духтарона,Н,Наргисчашм,Наргисчашм,Nargischashm,НАРГИСЧАШМ,НАРГИСЧАШМ,NARGISCHASHM,True,"Қарори Ҳукумати Ҷумҳурии Тоҷикистон аз 26 феврали соли 2026, №98",False,,,Тоҷикӣ / Форсӣ,,
tj_f_nasiba_784,784,female,Женский,Духтарона,Н,Насиба,Насиба,Nasiba,НАСИБА,НАСИБА,NASIBA,True,"Қарори Ҳукумати Ҷумҳурии Тоҷикистон аз 26 феврали соли 2026, №98",False,,,Тоҷикӣ / Форсӣ,,
tj_f_nasima_785,785,female,Женский,Духтарона,Н,Насима,Насима,Nasima,НАСИМА,НАСИМА,NASIMA,True,"Қарори Ҳукумати Ҷумҳурии Тоҷикистон аз 26 феврали соли 2026, №98",False,,,Тоҷикӣ / Форсӣ,,
tj_f_nasrin_786,786,female,Женский,Духтарона,Н,Насрин,Насрин,Nasrin,НАСРИН,НАСРИН,NASRIN,True,"Қарори Ҳукумати Ҷумҳурии Тоҷикистон аз 26 феврали соли 2026, №98",True,nasreen,"Дикая роза, шиповник",Персидское,нежная; красивая; свободная; свежая; душистая,"Персидское نسرین (насрин) — «дикая роза, шиповник». В персидской классической поэзии «насрин» — образ нежной, незащищённой, но прекрасной красоты, цветущей в дикой природе. Хафиз и Саади часто упоминают «насрин». В суфийской символике полевой цветок — душа, расцветающая без мирских опор. Имя особо распространено в Иране, Афганистане и Таджикистане."
tj_f_nasrina_787,787,female,Женский,Духтарона,Н,Насрина,Насрина,Nasrina,НАСРИНА,НАСРИНА,NASRINA,True,"Қарори Ҳукумати Ҷумҳурии Тоҷикистон аз 26 феврали соли 2026, №98",False,,,Тоҷикӣ / Форсӣ,,
tj_f_nasrinbuy_788,788,female,Женский,Духтарона,Н,Насринбӯй,Насринбуй,Nasrinbuy,НАСРИНБӮЙ,НАСРИНБУЙ,NASRINBUY,True,"Қарори Ҳукумати Ҷумҳурии Тоҷикистон аз 26 феврали соли 2026, №98",False,,,Тоҷикӣ / Форсӣ,,
tj_f_nasringul_789,789,female,Женский,Духтарона,Н,Насрингул,Насрингул,Nasringul,НАСРИНГУЛ,НАСРИНГУЛ,NASRINGUL,True,"Қарори Ҳукумати Ҷумҳурии Тоҷикистон аз 26 феврали соли 2026, №98",False,,,Тоҷикӣ / Форсӣ,,
tj_f_nasrinniso_790,790,female,Женский,Духтарона,Н,Насриннисо,Насриннисо,Nasrinniso,НАСРИННИСО,НАСРИННИСО,NASRINNISO,True,"Қарори Ҳукумати Ҷумҳурии Тоҷикистон аз 26 феврали соли 2026, №98",False,,,Тоҷикӣ / Форсӣ,,
tj_f_nasrinoro_791,791,female,Женский,Духтарона,Н,Насриноро,Насриноро,Nasrinoro,НАСРИНОРО,НАСРИНОРО,NASRINORO,True,"Қарори Ҳукумати Ҷумҳурии Тоҷикистон аз 26 феврали соли 2026, №98",False,,,Тоҷикӣ / Форсӣ,,
tj_f_nasrinfom_792,792,female,Женский,Духтарона,Н,Насринфом,Насринфом,Nasrinfom,НАСРИНФОМ,НАСРИНФОМ,NASRINFOM,True,"Қарори Ҳукумати Ҷумҳурии Тоҷикистон аз 26 феврали соли 2026, №98",False,,,Тоҷикӣ / Форсӣ,,
tj_f_nastaran_793,793,female,Женский,Духтарона,Н,Настаран,Настаран,Nastaran,НАСТАРАН,НАСТАРАН,NASTARAN,True,"Қарори Ҳукумати Ҷумҳурии Тоҷикистон аз 26 феврали соли 2026, №98",False,,,Тоҷикӣ / Форсӣ,,
tj_f_nafisa_794,794,female,Женский,Духтарона,Н,Нафиса,Нафиса,Nafisa,НАФИСА,НАФИСА,NAFISA,True,"Қарори Ҳукумати Ҷумҳурии Тоҷикистон аз 26 феврали соли 2026, №98",True,nafisa,"Драгоценная, ценная, редкостная",Арабское,драгоценная; редкая; ценная; учёная; духовная,"Арабское نَفِيسَة (нафиса) — «драгоценная, редкостная». Нафиса бинт аль-Хасан (762–824) — правнучка Пророка через Хасана; великая египетская учёная, переселившаяся в Египет в 193 г.х. У неё учился сам имам аш-Шафии; он просил её молиться за него и завещал пронести своё тело мимо её дома. Она исполняла ночные молитвы стоя 30 лет и совершила хадж 30 раз. Её мечеть в Каире — место паломничества."
tj_f_nakhliya_795,795,female,Женский,Духтарона,Н,Нахлия,Нахлия,Nakhliya,НАХЛИЯ,НАХЛИЯ,NAKHLIYA,True,"Қарори Ҳукумати Ҷумҳурии Тоҷикистон аз 26 феврали соли 2026, №98",False,,,Тоҷикӣ / Форсӣ,,
tj_f_najmiya_796,796,female,Женский,Духтарона,Н,Наҷмия,Наджмия,Najmiya,НАҶМИЯ,НАДЖМИЯ,NAJMIYA,True,"Қарори Ҳукумати Ҷумҳурии Тоҷикистон аз 26 феврали соли 2026, №98",False,,,Тоҷикӣ / Форсӣ,,
tj_f_neknoz_797,797,female,Женский,Духтарона,Н,Некноз,Некноз,Neknoz,НЕКНОЗ,НЕКНОЗ,NEKNOZ,True,"Қарори Ҳукумати Ҷумҳурии Тоҷикистон аз 26 феврали соли 2026, №98",False,,,Тоҷикӣ / Форсӣ,,
tj_f_neksirisht_798,798,female,Женский,Духтарона,Н,Нексиришт,Нексиришт,Neksirisht,НЕКСИРИШТ,НЕКСИРИШТ,NEKSIRISHT,True,"Қарори Ҳукумати Ҷумҳурии Тоҷикистон аз 26 феврали соли 2026, №98",False,,,Тоҷикӣ / Форсӣ,,
tj_f_neku_799,799,female,Женский,Духтарона,Н,Неку,Неку,Neku,НЕКУ,НЕКУ,NEKU,True,"Қарори Ҳукумати Ҷумҳурии Тоҷикистон аз 26 феврали соли 2026, №98",False,,,Тоҷикӣ / Форсӣ,,
tj_f_nekchehra_800,800,female,Женский,Духтарона,Н,Некчеҳра,Некчехра,Nekchehra,НЕКЧЕҲРА,НЕКЧЕХРА,NEKCHEHRA,True,"Қарори Ҳукумати Ҷумҳурии Тоҷикистон аз 26 феврали соли 2026, №98",False,,,Тоҷикӣ / Форсӣ,,
tj_f_nigin_801,801,female,Женский,Духтарона,Н,Нигин,Нигин,Nigin,НИГИН,НИГИН,NIGIN,True,"Қарори Ҳукумати Ҷумҳурии Тоҷикистон аз 26 феврали соли 2026, №98",False,,,Тоҷикӣ / Форсӣ,,
tj_f_nigina_802,802,female,Женский,Духтарона,Н,Нигина,Нигина,Nigina,НИГИНА,НИГИНА,NIGINA,True,"Қарори Ҳукумати Ҷумҳурии Тоҷикистон аз 26 феврали соли 2026, №98",False,,,Тоҷикӣ / Форсӣ,,
tj_f_niginbonu_803,803,female,Женский,Духтарона,Н,Нигинбону,Нигинбону,Niginbonu,НИГИНБОНУ,НИГИНБОНУ,NIGINBONU,True,"Қарори Ҳукумати Ҷумҳурии Тоҷикистон аз 26 феврали соли 2026, №98",False,,,Тоҷикӣ / Форсӣ,,
tj_f_nigintoj_804,804,female,Женский,Духтарона,Н,Нигинтоҷ,Нигинтодж,Nigintoj,НИГИНТОҶ,НИГИНТОДЖ,NIGINTOJ,True,"Қарори Ҳукумати Ҷумҳурии Тоҷикистон аз 26 феврали соли 2026, №98",False,,,Тоҷикӣ / Форсӣ,,
tj_f_nigor_805,805,female,Женский,Духтарона,Н,Нигор,Нигор,Nigor,НИГОР,НИГОР,NIGOR,True,"Қарори Ҳукумати Ҷумҳурии Тоҷикистон аз 26 феврали соли 2026, №98",False,,,Тоҷикӣ / Форсӣ,,
tj_f_nigora_806,806,female,Женский,Духтарона,Н,Нигора,Нигора,Nigora,НИГОРА,НИГОРА,NIGORA,True,"Қарори Ҳукумати Ҷумҳурии Тоҷикистон аз 26 феврали соли 2026, №98",False,,,Тоҷикӣ / Форсӣ,,
tj_f_nigorin_807,807,female,Женский,Духтарона,Н,Нигорин,Нигорин,Nigorin,НИГОРИН,НИГОРИН,NIGORIN,True,"Қарори Ҳукумати Ҷумҳурии Тоҷикистон аз 26 феврали соли 2026, №98",False,,,Тоҷикӣ / Форсӣ,,
tj_f_nizora_808,808,female,Женский,Духтарона,Н,Низора,Низора,Nizora,НИЗОРА,НИЗОРА,NIZORA,True,"Қарори Ҳукумати Ҷумҳурии Тоҷикистон аз 26 феврали соли 2026, №98",False,,,Тоҷикӣ / Форсӣ,,
tj_f_nilgun_809,809,female,Женский,Духтарона,Н,Нилгун,Нилгун,Nilgun,НИЛГУН,НИЛГУН,NILGUN,True,"Қарори Ҳукумати Ҷумҳурии Тоҷикистон аз 26 феврали соли 2026, №98",False,,,Тоҷикӣ / Форсӣ,,
tj_f_nilufar_810,810,female,Женский,Духтарона,Н,Нилуфар,Нилуфар,Nilufar,НИЛУФАР,НИЛУФАР,NILUFAR,True,"Қарори Ҳукумати Ҷумҳурии Тоҷикистон аз 26 феврали соли 2026, №98",False,,,Тоҷикӣ / Форсӣ,,
tj_f_niro_811,811,female,Женский,Духтарона,Н,Ниро,Ниро,Niro,НИРО,НИРО,NIRO,True,"Қарори Ҳукумати Ҷумҳурии Тоҷикистон аз 26 феврали соли 2026, №98",False,,,Тоҷикӣ / Форсӣ,,
tj_f_niso_812,812,female,Женский,Духтарона,Н,Нисо,Нисо,Niso,НИСО,НИСО,NISO,True,"Қарори Ҳукумати Ҷумҳурии Тоҷикистон аз 26 феврали соли 2026, №98",False,,,Тоҷикӣ / Форсӣ,,
tj_f_nihol_813,813,female,Женский,Духтарона,Н,Ниҳол,Нихол,Nihol,НИҲОЛ,НИХОЛ,NIHOL,True,"Қарори Ҳукумати Ҷумҳурии Тоҷикистон аз 26 феврали соли 2026, №98",False,,,Тоҷикӣ / Форсӣ,,
tj_f_nishona_814,814,female,Женский,Духтарона,Н,Нишона,Нишона,Nishona,НИШОНА,НИШОНА,NISHONA,True,"Қарори Ҳукумати Ҷумҳурии Тоҷикистон аз 26 феврали соли 2026, №98",False,,,Тоҷикӣ / Форсӣ,,
tj_f_nishot_815,815,female,Женский,Духтарона,Н,Нишот,Нишот,Nishot,НИШОТ,НИШОТ,NISHOT,True,"Қарори Ҳукумати Ҷумҳурии Тоҷикистон аз 26 феврали соли 2026, №98",False,,,Тоҷикӣ / Форсӣ,,
tj_f_niyusho_816,816,female,Женский,Духтарона,Н,Ниюшо,Ниюшо,Niyusho,НИЮШО,НИЮШО,NIYUSHO,True,"Қарори Ҳукумати Ҷумҳурии Тоҷикистон аз 26 феврали соли 2026, №98",False,,,Тоҷикӣ / Форсӣ,,
tj_f_nodira_817,817,female,Женский,Духтарона,Н,Нодира,Нодира,Nodira,НОДИРА,НОДИРА,NODIRA,True,"Қарори Ҳукумати Ҷумҳурии Тоҷикистон аз 26 феврали соли 2026, №98",True,nodira,"Редкая, уникальная",Персидское,красивая; умная; элегантная; талантливая,"От персидского «нодир» — «редкий, уникальный». Нодирабегим — одна из величайших узбекских поэтесс."
tj_f_nozanin_818,818,female,Женский,Духтарона,Н,Нозанин,Нозанин,Nozanin,НОЗАНИН,НОЗАНИН,NOZANIN,True,"Қарори Ҳукумати Ҷумҳурии Тоҷикистон аз 26 феврали соли 2026, №98",True,nazanin,"Возлюбленная, нежная, дорогая",Персидское,нежная; любимая; изящная; утончённая; дорогая,"Персидское نازنین (назанин) — «возлюбленная, нежная, дорогая». Это слово — одно из самых ласковых обращений в персидском языке и поэзии. Хафиз Ширази (1315–1390) использовал «назанин» в своих газелях как эпитет возлюбленной. Низами Гянджеви (1141–1209) — в поэме «Хосров и Ширин». Имя широко распространено в Иране, Афганистане и среди персоязычных мусульман. Назанин Загари-Рэтклифф — британско-иранский гражданский активист."
tj_f_nozbeh_819,819,female,Женский,Духтарона,Н,Нозбеҳ,Нозбех,Nozbeh,НОЗБЕҲ,НОЗБЕХ,NOZBEH,True,"Қарори Ҳукумати Ҷумҳурии Тоҷикистон аз 26 феврали соли 2026, №98",False,,,Тоҷикӣ / Форсӣ,,
tj_f_nozbonu_820,820,female,Женский,Духтарона,Н,Нозбону,Нозбону,Nozbonu,НОЗБОНУ,НОЗБОНУ,NOZBONU,True,"Қарори Ҳукумати Ҷумҳурии Тоҷикистон аз 26 феврали соли 2026, №98",False,,,Тоҷикӣ / Форсӣ,,
tj_f_nozgul_821,821,female,Женский,Духтарона,Н,Нозгул,Нозгул,Nozgul,НОЗГУЛ,НОЗГУЛ,NOZGUL,True,"Қарори Ҳукумати Ҷумҳурии Тоҷикистон аз 26 феврали соли 2026, №98",False,,,Тоҷикӣ / Форсӣ,,
tj_f_nozdona_822,822,female,Женский,Духтарона,Н,Ноздона,Ноздона,Nozdona,НОЗДОНА,НОЗДОНА,NOZDONA,True,"Қарори Ҳукумати Ҷумҳурии Тоҷикистон аз 26 феврали соли 2026, №98",False,,,Тоҷикӣ / Форсӣ,,
tj_f_nozdukht_823,823,female,Женский,Духтарона,Н,Ноздухт,Ноздухт,Nozdukht,НОЗДУХТ,НОЗДУХТ,NOZDUKHT,True,"Қарори Ҳукумати Ҷумҳурии Тоҷикистон аз 26 феврали соли 2026, №98",False,,,Тоҷикӣ / Форсӣ,,
tj_f_nozyob_824,824,female,Женский,Духтарона,Н,Нозёб,Нозёб,Nozyob,НОЗЁБ,НОЗЁБ,NOZYOB,True,"Қарори Ҳукумати Ҷумҳурии Тоҷикистон аз 26 феврали соли 2026, №98",False,,,Тоҷикӣ / Форсӣ,,
tj_f_nozigul_825,825,female,Женский,Духтарона,Н,Нозигул,Нозигул,Nozigul,НОЗИГУЛ,НОЗИГУЛ,NOZIGUL,True,"Қарори Ҳукумати Ҷумҳурии Тоҷикистон аз 26 феврали соли 2026, №98",False,,,Тоҷикӣ / Форсӣ,,
tj_f_nozina_826,826,female,Женский,Духтарона,Н,Нозина,Нозина,Nozina,НОЗИНА,НОЗИНА,NOZINA,True,"Қарори Ҳукумати Ҷумҳурии Тоҷикистон аз 26 феврали соли 2026, №98",False,,,Тоҷикӣ / Форсӣ,,
tj_f_noziya_827,827,female,Женский,Духтарона,Н,Нозия,Нозия,Noziya,НОЗИЯ,НОЗИЯ,NOZIYA,True,"Қарори Ҳукумати Ҷумҳурии Тоҷикистон аз 26 феврали соли 2026, №98",False,,,Тоҷикӣ / Форсӣ,,
tj_f_nozi_828,828,female,Женский,Духтарона,Н,Нозӣ,Нози,Nozi,НОЗӢ,НОЗИ,NOZI,True,"Қарори Ҳукумати Ҷумҳурии Тоҷикистон аз 26 феврали соли 2026, №98",False,,,Тоҷикӣ / Форсӣ,,
tj_f_noznush_829,829,female,Женский,Духтарона,Н,Нознуш,Нознуш,Noznush,НОЗНУШ,НОЗНУШ,NOZNUSH,True,"Қарори Ҳукумати Ҷумҳурии Тоҷикистон аз 26 феврали соли 2026, №98",False,,,Тоҷикӣ / Форсӣ,,
tj_f_nozon_830,830,female,Женский,Духтарона,Н,Нозон,Нозон,Nozon,НОЗОН,НОЗОН,NOZON,True,"Қарори Ҳукумати Ҷумҳурии Тоҷикистон аз 26 феврали соли 2026, №98",False,,,Тоҷикӣ / Форсӣ,,
tj_f_nozofar_831,831,female,Женский,Духтарона,Н,Нозофар,Нозофар,Nozofar,НОЗОФАР,НОЗОФАР,NOZOFAR,True,"Қарори Ҳукумати Ҷумҳурии Тоҷикистон аз 26 феврали соли 2026, №98",False,,,Тоҷикӣ / Форсӣ,,
tj_f_nozofarid_832,832,female,Женский,Духтарона,Н,Нозофарид,Нозофарид,Nozofarid,НОЗОФАРИД,НОЗОФАРИД,NOZOFARID,True,"Қарори Ҳукумати Ҷумҳурии Тоҷикистон аз 26 феврали соли 2026, №98",False,,,Тоҷикӣ / Форсӣ,,
tj_f_nozofarin_833,833,female,Женский,Духтарона,Н,Нозофарин,Нозофарин,Nozofarin,НОЗОФАРИН,НОЗОФАРИН,NOZOFARIN,True,"Қарори Ҳукумати Ҷумҳурии Тоҷикистон аз 26 феврали соли 2026, №98",False,,,Тоҷикӣ / Форсӣ,,
tj_f_nozpari_834,834,female,Женский,Духтарона,Н,Нозпарӣ,Нозпари,Nozpari,НОЗПАРӢ,НОЗПАРИ,NOZPARI,True,"Қарори Ҳукумати Ҷумҳурии Тоҷикистон аз 26 феврали соли 2026, №98",False,,,Тоҷикӣ / Форсӣ,,
tj_f_nozpuna_835,835,female,Женский,Духтарона,Н,Нозпуна,Нозпуна,Nozpuna,НОЗПУНА,НОЗПУНА,NOZPUNA,True,"Қарори Ҳукумати Ҷумҳурии Тоҷикистон аз 26 феврали соли 2026, №98",False,,,Тоҷикӣ / Форсӣ,,
tj_f_nozrukh_836,836,female,Женский,Духтарона,Н,Нозрух,Нозрух,Nozrukh,НОЗРУХ,НОЗРУХ,NOZRUKH,True,"Қарори Ҳукумати Ҷумҳурии Тоҷикистон аз 26 феврали соли 2026, №98",False,,,Тоҷикӣ / Форсӣ,,
tj_f_nozrukhsor_837,837,female,Женский,Духтарона,Н,Нозрухсор,Нозрухсор,Nozrukhsor,НОЗРУХСОР,НОЗРУХСОР,NOZRUKHSOR,True,"Қарори Ҳукумати Ҷумҳурии Тоҷикистон аз 26 феврали соли 2026, №98",False,,,Тоҷикӣ / Форсӣ,,
tj_f_nozchehr_838,838,female,Женский,Духтарона,Н,Нозчеҳр,Нозчехр,Nozchehr,НОЗЧЕҲР,НОЗЧЕХР,NOZCHEHR,True,"Қарори Ҳукумати Ҷумҳурии Тоҷикистон аз 26 феврали соли 2026, №98",False,,,Тоҷикӣ / Форсӣ,,
tj_f_noira_839,839,female,Женский,Духтарона,Н,Ноира,Ноира,Noira,НОИРА,НОИРА,NOIRA,True,"Қарори Ҳукумати Ҷумҳурии Тоҷикистон аз 26 феврали соли 2026, №98",False,,,Тоҷикӣ / Форсӣ,,
tj_f_norgul_840,840,female,Женский,Духтарона,Н,Норгул,Норгул,Norgul,НОРГУЛ,НОРГУЛ,NORGUL,True,"Қарори Ҳукумати Ҷумҳурии Тоҷикистон аз 26 феврали соли 2026, №98",False,,,Тоҷикӣ / Форсӣ,,
tj_f_nordona_841,841,female,Женский,Духтарона,Н,Нордона,Нордона,Nordona,НОРДОНА,НОРДОНА,NORDONA,True,"Қарори Ҳукумати Ҷумҳурии Тоҷикистон аз 26 феврали соли 2026, №98",False,,,Тоҷикӣ / Форсӣ,,
tj_f_norin_842,842,female,Женский,Духтарона,Н,Норин,Норин,Norin,НОРИН,НОРИН,NORIN,True,"Қарори Ҳукумати Ҷумҳурии Тоҷикистон аз 26 феврали соли 2026, №98",False,,,Тоҷикӣ / Форсӣ,,
tj_f_noriniso_843,843,female,Женский,Духтарона,Н,Норинисо,Норинисо,Noriniso,НОРИНИСО,НОРИНИСО,NORINISO,True,"Қарори Ҳукумати Ҷумҳурии Тоҷикистон аз 26 феврали соли 2026, №98",False,,,Тоҷикӣ / Форсӣ,,
tj_f_nori_844,844,female,Женский,Духтарона,Н,Норӣ,Нори,Nori,НОРӢ,НОРИ,NORI,True,"Қарори Ҳукумати Ҷумҳурии Тоҷикистон аз 26 феврали соли 2026, №98",False,,,Тоҷикӣ / Форсӣ,,
tj_f_nohid_845,845,female,Женский,Духтарона,Н,Ноҳид,Нохид,Nohid,НОҲИД,НОХИД,NOHID,True,"Қарори Ҳукумати Ҷумҳурии Тоҷикистон аз 26 феврали соли 2026, №98",False,,,Тоҷикӣ / Форсӣ,,
tj_f_nuqra_846,846,female,Женский,Духтарона,Н,Нуқра,Нукра,Nuqra,НУҚРА,НУКРА,NUQRA,True,"Қарори Ҳукумати Ҷумҳурии Тоҷикистон аз 26 феврали соли 2026, №98",False,,,Тоҷикӣ / Форсӣ,,
tj_f_nurangez_847,847,female,Женский,Духтарона,Н,Нурангез,Нурангез,Nurangez,НУРАНГЕЗ,НУРАНГЕЗ,NURANGEZ,True,"Қарори Ҳукумати Ҷумҳурии Тоҷикистон аз 26 феврали соли 2026, №98",False,,,Тоҷикӣ / Форсӣ,,
tj_f_nurafzo_848,848,female,Женский,Духтарона,Н,Нурафзо,Нурафзо,Nurafzo,НУРАФЗО,НУРАФЗО,NURAFZO,True,"Қарори Ҳукумати Ҷумҳурии Тоҷикистон аз 26 феврали соли 2026, №98",False,,,Тоҷикӣ / Форсӣ,,
tj_f_nurafshon_849,849,female,Женский,Духтарона,Н,Нурафшон,Нурафшон,Nurafshon,НУРАФШОН,НУРАФШОН,NURAFSHON,True,"Қарори Ҳукумати Ҷумҳурии Тоҷикистон аз 26 феврали соли 2026, №98",False,,,Тоҷикӣ / Форсӣ,,
tj_f_nurakhtar_850,850,female,Женский,Духтарона,Н,Нурахтар,Нурахтар,Nurakhtar,НУРАХТАР,НУРАХТАР,NURAKHTAR,True,"Қарори Ҳукумати Ҷумҳурии Тоҷикистон аз 26 феврали соли 2026, №98",False,,,Тоҷикӣ / Форсӣ,,
tj_f_nurbibi_851,851,female,Женский,Духтарона,Н,Нурбибӣ,Нурбиби,Nurbibi,НУРБИБӢ,НУРБИБИ,NURBIBI,True,"Қарори Ҳукумати Ҷумҳурии Тоҷикистон аз 26 феврали соли 2026, №98",False,,,Тоҷикӣ / Форсӣ,,
tj_f_nurbonu_852,852,female,Женский,Духтарона,Н,Нурбону,Нурбону,Nurbonu,НУРБОНУ,НУРБОНУ,NURBONU,True,"Қарори Ҳукумати Ҷумҳурии Тоҷикистон аз 26 феврали соли 2026, №98",False,,,Тоҷикӣ / Форсӣ,,
tj_f_nuriya_853,853,female,Женский,Духтарона,Н,Нурия,Нурия,Nuriya,НУРИЯ,НУРИЯ,NURIYA,True,"Қарори Ҳукумати Ҷумҳурии Тоҷикистон аз 26 феврали соли 2026, №98",False,,,Тоҷикӣ / Форсӣ,,
tj_f_nurona_854,854,female,Женский,Духтарона,Н,Нурона,Нурона,Nurona,НУРОНА,НУРОНА,NURONA,True,"Қарори Ҳукумати Ҷумҳурии Тоҷикистон аз 26 феврали соли 2026, №98",False,,,Тоҷикӣ / Форсӣ,,
tj_f_nursimo_855,855,female,Женский,Духтарона,Н,Нурсимо,Нурсимо,Nursimo,НУРСИМО,НУРСИМО,NURSIMO,True,"Қарори Ҳукумати Ҷумҳурии Тоҷикистон аз 26 феврали соли 2026, №98",False,,,Тоҷикӣ / Форсӣ,,
tj_f_nurfom_856,856,female,Женский,Духтарона,Н,Нурфом,Нурфом,Nurfom,НУРФОМ,НУРФОМ,NURFOM,True,"Қарори Ҳукумати Ҷумҳурии Тоҷикистон аз 26 феврали соли 2026, №98",False,,,Тоҷикӣ / Форсӣ,,
tj_f_nurjamol_857,857,female,Женский,Духтарона,Н,Нурҷамол,Нурджамол,Nurjamol,НУРҶАМОЛ,НУРДЖАМОЛ,NURJAMOL,True,"Қарори Ҳукумати Ҷумҳурии Тоҷикистон аз 26 феврали соли 2026, №98",False,,,Тоҷикӣ / Форсӣ,,
tj_f_nurjahon_858,858,female,Женский,Духтарона,Н,Нурҷаҳон,Нурджахон,Nurjahon,НУРҶАҲОН,НУРДЖАХОН,NURJAHON,True,"Қарори Ҳукумати Ҷумҳурии Тоҷикистон аз 26 феврали соли 2026, №98",False,,,Тоҷикӣ / Форсӣ,,
tj_f_nurchehra_859,859,female,Женский,Духтарона,Н,Нурчеҳра,Нурчехра,Nurchehra,НУРЧЕҲРА,НУРЧЕХРА,NURCHEHRA,True,"Қарори Ҳукумати Ҷумҳурии Тоҷикистон аз 26 феврали соли 2026, №98",False,,,Тоҷикӣ / Форсӣ,,
tj_f_nusha_860,860,female,Женский,Духтарона,Н,Нуша,Нуша,Nusha,НУША,НУША,NUSHA,True,"Қарори Ҳукумати Ҷумҳурии Тоҷикистон аз 26 феврали соли 2026, №98",False,,,Тоҷикӣ / Форсӣ,,
tj_f_nushangubin_861,861,female,Женский,Духтарона,Н,Нушангубин,Нушангубин,Nushangubin,НУШАНГУБИН,НУШАНГУБИН,NUSHANGUBIN,True,"Қарори Ҳукумати Ҷумҳурии Тоҷикистон аз 26 феврали соли 2026, №98",False,,,Тоҷикӣ / Форсӣ,,
tj_f_nushin_862,862,female,Женский,Духтарона,Н,Нушин,Нушин,Nushin,НУШИН,НУШИН,NUSHIN,True,"Қарори Ҳукумати Ҷумҳурии Тоҷикистон аз 26 феврали соли 2026, №98",False,,,Тоҷикӣ / Форсӣ,,
tj_f_nushina_863,863,female,Женский,Духтарона,Н,Нушина,Нушина,Nushina,НУШИНА,НУШИНА,NUSHINA,True,"Қарори Ҳукумати Ҷумҳурии Тоҷикистон аз 26 феврали соли 2026, №98",False,,,Тоҷикӣ / Форсӣ,,
tj_f_nusho_864,864,female,Женский,Духтарона,Н,Нушо,Нушо,Nusho,НУШО,НУШО,NUSHO,True,"Қарори Ҳукумати Ҷумҳурии Тоҷикистон аз 26 феврали соли 2026, №98",False,,,Тоҷикӣ / Форсӣ,,
tj_f_nushovar_865,865,female,Женский,Духтарона,Н,Нушовар,Нушовар,Nushovar,НУШОВАР,НУШОВАР,NUSHOVAR,True,"Қарори Ҳукумати Ҷумҳурии Тоҷикистон аз 26 феврали соли 2026, №98",False,,,Тоҷикӣ / Форсӣ,,
tj_f_nushozar_866,866,female,Женский,Духтарона,Н,Нушозар,Нушозар,Nushozar,НУШОЗАР,НУШОЗАР,NUSHOZAR,True,"Қарори Ҳукумати Ҷумҳурии Тоҷикистон аз 26 феврали соли 2026, №98",False,,,Тоҷикӣ / Форсӣ,,
tj_f_nushofarin_867,867,female,Женский,Духтарона,Н,Нушофарин,Нушофарин,Nushofarin,НУШОФАРИН,НУШОФАРИН,NUSHOFARIN,True,"Қарори Ҳукумати Ҷумҳурии Тоҷикистон аз 26 феврали соли 2026, №98",False,,,Тоҷикӣ / Форсӣ,,
tj_f_nushfar_868,868,female,Женский,Духтарона,Н,Нушфар,Нушфар,Nushfar,НУШФАР,НУШФАР,NUSHFAR,True,"Қарори Ҳукумати Ҷумҳурии Тоҷикистон аз 26 феврали соли 2026, №98",False,,,Тоҷикӣ / Форсӣ,,
tj_f_obon_869,869,female,Женский,Духтарона,О,Обон,Обон,Obon,ОБОН,ОБОН,OBON,True,"Қарори Ҳукумати Ҷумҳурии Тоҷикистон аз 26 феврали соли 2026, №98",False,,,Тоҷикӣ / Форсӣ,,
tj_f_obondukht_870,870,female,Женский,Духтарона,О,Обондухт,Обондухт,Obondukht,ОБОНДУХТ,ОБОНДУХТ,OBONDUKHT,True,"Қарори Ҳукумати Ҷумҳурии Тоҷикистон аз 26 феврали соли 2026, №98",False,,,Тоҷикӣ / Форсӣ,,
tj_f_odinoz_871,871,female,Женский,Духтарона,О,Одиноз,Одиноз,Odinoz,ОДИНОЗ,ОДИНОЗ,ODINOZ,True,"Қарори Ҳукумати Ҷумҳурии Тоҷикистон аз 26 феврали соли 2026, №98",False,,,Тоҷикӣ / Форсӣ,,
tj_f_ozarbakhsh_872,872,female,Женский,Духтарона,О,Озарбахш,Озарбахш,Ozarbakhsh,ОЗАРБАХШ,ОЗАРБАХШ,OZARBAKHSH,True,"Қарори Ҳукумати Ҷумҳурии Тоҷикистон аз 26 феврали соли 2026, №98",False,,,Тоҷикӣ / Форсӣ,,
tj_f_ozarbonu_873,873,female,Женский,Духтарона,О,Озарбону,Озарбону,Ozarbonu,ОЗАРБОНУ,ОЗАРБОНУ,OZARBONU,True,"Қарори Ҳукумати Ҷумҳурии Тоҷикистон аз 26 феврали соли 2026, №98",False,,,Тоҷикӣ / Форсӣ,,
tj_f_ozargul_874,874,female,Женский,Духтарона,О,Озаргул,Озаргул,Ozargul,ОЗАРГУЛ,ОЗАРГУЛ,OZARGUL,True,"Қарори Ҳукумати Ҷумҳурии Тоҷикистон аз 26 феврали соли 2026, №98",False,,,Тоҷикӣ / Форсӣ,,
tj_f_ozargun_875,875,female,Женский,Духтарона,О,Озаргун,Озаргун,Ozargun,ОЗАРГУН,ОЗАРГУН,OZARGUN,True,"Қарори Ҳукумати Ҷумҳурии Тоҷикистон аз 26 феврали соли 2026, №98",False,,,Тоҷикӣ / Форсӣ,,
tj_f_ozardis_876,876,female,Женский,Духтарона,О,Озардис,Озардис,Ozardis,ОЗАРДИС,ОЗАРДИС,OZARDIS,True,"Қарори Ҳукумати Ҷумҳурии Тоҷикистон аз 26 феврали соли 2026, №98",False,,,Тоҷикӣ / Форсӣ,,
tj_f_ozarin_877,877,female,Женский,Духтарона,О,Озарин,Озарин,Ozarin,ОЗАРИН,ОЗАРИН,OZARIN,True,"Қарори Ҳукумати Ҷумҳурии Тоҷикистон аз 26 феврали соли 2026, №98",False,,,Тоҷикӣ / Форсӣ,,
tj_f_ozarm_878,878,female,Женский,Духтарона,О,Озарм,Озарм,Ozarm,ОЗАРМ,ОЗАРМ,OZARM,True,"Қарори Ҳукумати Ҷумҳурии Тоҷикистон аз 26 феврали соли 2026, №98",False,,,Тоҷикӣ / Форсӣ,,
tj_f_ozarmehr_879,879,female,Женский,Духтарона,О,Озармеҳр,Озармехр,Ozarmehr,ОЗАРМЕҲР,ОЗАРМЕХР,OZARMEHR,True,"Қарори Ҳукумати Ҷумҳурии Тоҷикистон аз 26 феврали соли 2026, №98",False,,,Тоҷикӣ / Форсӣ,,
tj_f_ozarmin_880,880,female,Женский,Духтарона,О,Озармин,Озармин,Ozarmin,ОЗАРМИН,ОЗАРМИН,OZARMIN,True,"Қарори Ҳукумати Ҷумҳурии Тоҷикистон аз 26 феврали соли 2026, №98",False,,,Тоҷикӣ / Форсӣ,,
tj_f_ozarmoh_881,881,female,Женский,Духтарона,О,Озармоҳ,Озармох,Ozarmoh,ОЗАРМОҲ,ОЗАРМОХ,OZARMOH,True,"Қарори Ҳукумати Ҷумҳурии Тоҷикистон аз 26 феврали соли 2026, №98",False,,,Тоҷикӣ / Форсӣ,,
tj_f_ozarnigor_882,882,female,Женский,Духтарона,О,Озарнигор,Озарнигор,Ozarnigor,ОЗАРНИГОР,ОЗАРНИГОР,OZARNIGOR,True,"Қарори Ҳукумати Ҷумҳурии Тоҷикистон аз 26 феврали соли 2026, №98",False,,,Тоҷикӣ / Форсӣ,,
tj_f_ozarruy_883,883,female,Женский,Духтарона,О,Озаррӯй,Озарруй,Ozarruy,ОЗАРРӮЙ,ОЗАРРУЙ,OZARRUY,True,"Қарори Ҳукумати Ҷумҳурии Тоҷикистон аз 26 феврали соли 2026, №98",False,,,Тоҷикӣ / Форсӣ,,
tj_f_ozarson_884,884,female,Женский,Духтарона,О,Озарсон,Озарсон,Ozarson,ОЗАРСОН,ОЗАРСОН,OZARSON,True,"Қарори Ҳукумати Ҷумҳурии Тоҷикистон аз 26 феврали соли 2026, №98",False,,,Тоҷикӣ / Форсӣ,,
tj_f_ozarfar_885,885,female,Женский,Духтарона,О,Озарфар,Озарфар,Ozarfar,ОЗАРФАР,ОЗАРФАР,OZARFAR,True,"Қарори Ҳукумати Ҷумҳурии Тоҷикистон аз 26 феврали соли 2026, №98",False,,,Тоҷикӣ / Форсӣ,,
tj_f_ozarchehr_886,886,female,Женский,Духтарона,О,Озарчеҳр,Озарчехр,Ozarchehr,ОЗАРЧЕҲР,ОЗАРЧЕХР,OZARCHEHR,True,"Қарори Ҳукумати Ҷумҳурии Тоҷикистон аз 26 феврали соли 2026, №98",False,,,Тоҷикӣ / Форсӣ,,
tj_f_ozarchehr_887,887,female,Женский,Духтарона,О,Озарчеҳра,Озарчехра,Ozarchehrа,ОЗАРЧЕҲРА,ОЗАРЧЕХРА,OZARCHEHRА,True,"Қарори Ҳукумати Ҷумҳурии Тоҷикистон аз 26 феврали соли 2026, №98",False,,,Тоҷикӣ / Форсӣ,,
tj_f_ozarjabin_888,888,female,Женский,Духтарона,О,Озарҷабин,Озарджабин,Ozarjabin,ОЗАРҶАБИН,ОЗАРДЖАБИН,OZARJABIN,True,"Қарори Ҳукумати Ҷумҳурии Тоҷикистон аз 26 феврали соли 2026, №98",False,,,Тоҷикӣ / Форсӣ,,
tj_f_ozito_889,889,female,Женский,Духтарона,О,Озито,Озито,Ozito,ОЗИТО,ОЗИТО,OZITO,True,"Қарори Ҳукумати Ҷумҳурии Тоҷикистон аз 26 феврали соли 2026, №98",False,,,Тоҷикӣ / Форсӣ,,
tj_f_ozoda_890,890,female,Женский,Духтарона,О,Озода,Озода,Ozoda,ОЗОДА,ОЗОДА,OZODA,True,"Қарори Ҳукумати Ҷумҳурии Тоҷикистон аз 26 феврали соли 2026, №98",False,,,Тоҷикӣ / Форсӣ,,
tj_f_ozodarukh_891,891,female,Женский,Духтарона,О,Озодарух,Озодаруx,Ozodarukh,ОЗОДАРУХ,ОЗОДАРУX,OZODARUKH,True,"Қарори Ҳукумати Ҷумҳурии Тоҷикистон аз 26 феврали соли 2026, №98",False,,,Тоҷикӣ / Форсӣ,,
tj_f_ozodafar_892,892,female,Женский,Духтарона,О,Озодафар,Озодафар,Ozodafar,ОЗОДАФАР,ОЗОДАФАР,OZODAFAR,True,"Қарори Ҳукумати Ҷумҳурии Тоҷикистон аз 26 феврали соли 2026, №98",False,,,Тоҷикӣ / Форсӣ,,
tj_f_ozoto_893,893,female,Женский,Духтарона,О,Озото,Озото,Ozoto,ОЗОТО,ОЗОТО,OZOTO,True,"Қарори Ҳукумати Ҷумҳурии Тоҷикистон аз 26 феврали соли 2026, №98",False,,,Тоҷикӣ / Форсӣ,,
tj_f_ozu_894,894,female,Женский,Духтарона,О,Озу,Озу,Ozu,ОЗУ,ОЗУ,OZU,True,"Қарори Ҳукумати Ҷумҳурии Тоҷикистон аз 26 феврали соли 2026, №98",False,,,Тоҷикӣ / Форсӣ,,
tj_f_ozudo_895,895,female,Женский,Духтарона,О,Озудо,Озудо,Ozudo,ОЗУДО,ОЗУДО,OZUDO,True,"Қарори Ҳукумати Ҷумҳурии Тоҷикистон аз 26 феврали соли 2026, №98",False,,,Тоҷикӣ / Форсӣ,,
tj_f_ozuto_896,896,female,Женский,Духтарона,О,Озуто,Озуто,Ozuto,ОЗУТО,ОЗУТО,OZUTO,True,"Қарори Ҳукумати Ҷумҳурии Тоҷикистон аз 26 феврали соли 2026, №98",False,,,Тоҷикӣ / Форсӣ,,
tj_f_oisha_897,897,female,Женский,Духтарона,О,Оиша,Оиша,Oisha,ОИША,ОИША,OISHA,True,"Қарори Ҳукумати Ҷумҳурии Тоҷикистон аз 26 феврали соли 2026, №98",True,aisha,"Живая, живущая, процветающая",Арабское,умная; красивая; весёлая; добрая,"Имя любимой жены Пророка Мухаммада. Происходит от арабского عائشة (ʿĀʾisha), означающего «живущая, полная жизни»."
tj_f_olam_898,898,female,Женский,Духтарона,О,Олам,Олам,Olam,ОЛАМ,ОЛАМ,OLAM,True,"Қарори Ҳукумати Ҷумҳурии Тоҷикистон аз 26 феврали соли 2026, №98",False,,,Тоҷикӣ / Форсӣ,,
tj_f_olamafruz_899,899,female,Женский,Духтарона,О,Оламафрӯз,Оламафруз,Olamafruz,ОЛАМАФРӮЗ,ОЛАМАФРУЗ,OLAMAFRUZ,True,"Қарори Ҳукумати Ҷумҳурии Тоҷикистон аз 26 феврали соли 2026, №98",False,,,Тоҷикӣ / Форсӣ,,
tj_f_olima_900,900,female,Женский,Духтарона,О,Олима,Олима,Olima,ОЛИМА,ОЛИМА,OLIMA,True,"Қарори Ҳукумати Ҷумҳурии Тоҷикистон аз 26 феврали соли 2026, №98",False,,,Тоҷикӣ / Форсӣ,,
tj_f_oliya_901,901,female,Женский,Духтарона,О,Олия,Олия,Oliya,ОЛИЯ,ОЛИЯ,OLIYA,True,"Қарори Ҳукумати Ҷумҳурии Тоҷикистон аз 26 феврали соли 2026, №98",True,aliaa,"Возвышенная, высокородная, занимающая высокое положение. Корень عَلَا (ала) — подниматься, возноситься. عَلِيَّاء — форма женского рода превосходного значения",Арабское,возвышенная; благородная; высокая; достойная; величественная,"Арабское عَلِيَّاء (алийа/алия) — «возвышенная». Аль-Али — одно из 99 прекрасных имён Аллаха: «وَهُوَ الْعَلِيُّ الْعَظِيمُ» (2:255). В Коране (4:34): «إِنَّ اللَّهَ كَانَ عَلِيًّا كَبِيرًا» — «Аллах — Возвышенный, Великий». Алия бинт Шайтам — женщина из ансаров, упомянутая в источниках ранней исламской истории. Имя чрезвычайно популярно в арабском мире, а также в Боснии, Турции и Центральной Азии в форме Алия/Алийе."
tj_f_olufta_902,902,female,Женский,Духтарона,О,Олуфта,Олуфта,Olufta,ОЛУФТА,ОЛУФТА,OLUFTA,True,"Қарори Ҳукумати Ҷумҳурии Тоҷикистон аз 26 феврали соли 2026, №98",False,,,Тоҷикӣ / Форсӣ,,
tj_f_omina_903,903,female,Женский,Духтарона,О,Омина,Омина,Omina,ОМИНА,ОМИНА,OMINA,True,"Қарори Ҳукумати Ҷумҳурии Тоҷикистон аз 26 феврали соли 2026, №98",True,amina,"Надёжная, верная, правдивая",Арабское,добрая; нежная; верующая; надёжная,"Мать Пророка Мухаммада. Имя означает «та, которой можно доверять». Одно из самых популярных женских имён в мусульманском мире."
tj_f_omitis_904,904,female,Женский,Духтарона,О,Омитис,Омитис,Omitis,ОМИТИС,ОМИТИС,OMITIS,True,"Қарори Ҳукумати Ҷумҳурии Тоҷикистон аз 26 феврали соли 2026, №98",False,,,Тоҷикӣ / Форсӣ,,
tj_f_orasta_905,905,female,Женский,Духтарона,О,Ораста,Ораста,Orasta,ОРАСТА,ОРАСТА,ORASTA,True,"Қарори Ҳукумати Ҷумҳурии Тоҷикистон аз 26 феврали соли 2026, №98",False,,,Тоҷикӣ / Форсӣ,,
tj_f_orgun_906,906,female,Женский,Духтарона,О,Оргун,Оргун,Orgun,ОРГУН,ОРГУН,ORGUN,True,"Қарори Ҳукумати Ҷумҳурии Тоҷикистон аз 26 феврали соли 2026, №98",False,,,Тоҷикӣ / Форсӣ,,
tj_f_orzugul_907,907,female,Женский,Духтарона,О,Орзугул,Орзугул,Orzugul,ОРЗУГУЛ,ОРЗУГУЛ,ORZUGUL,True,"Қарори Ҳукумати Ҷумҳурии Тоҷикистон аз 26 феврали соли 2026, №98",False,,,Тоҷикӣ / Форсӣ,,
tj_f_oriyoguhar_908,908,female,Женский,Духтарона,О,Ориёгуҳар,Ориёгухар,Oriyoguhar,ОРИЁГУҲАР,ОРИЁГУХАР,ORIYOGUHAR,True,"Қарори Ҳукумати Ҷумҳурии Тоҷикистон аз 26 феврали соли 2026, №98",False,,,Тоҷикӣ / Форсӣ,,
tj_f_oriyomona_909,909,female,Женский,Духтарона,О,Ориёмона,Ориёмона,Oriyomona,ОРИЁМОНА,ОРИЁМОНА,ORIYOMONA,True,"Қарори Ҳукумати Ҷумҳурии Тоҷикистон аз 26 феврали соли 2026, №98",False,,,Тоҷикӣ / Форсӣ,,
tj_f_oriyona_910,910,female,Женский,Духтарона,О,Ориёна,Ориёна,Oriyona,ОРИЁНА,ОРИЁНА,ORIYONA,True,"Қарори Ҳукумати Ҷумҳурии Тоҷикистон аз 26 феврали соли 2026, №98",False,,,Тоҷикӣ / Форсӣ,,
tj_f_oriyono_911,911,female,Женский,Духтарона,О,Ориёно,Ориёно,Oriyono,ОРИЁНО,ОРИЁНО,ORIYONO,True,"Қарори Ҳукумати Ҷумҳурии Тоҷикистон аз 26 феврали соли 2026, №98",False,,,Тоҷикӣ / Форсӣ,,
tj_f_oriyonoz_912,912,female,Женский,Духтарона,О,Ориёноз,Ориёноз,Oriyonoz,ОРИЁНОЗ,ОРИЁНОЗ,ORIYONOZ,True,"Қарори Ҳукумати Ҷумҳурии Тоҷикистон аз 26 феврали соли 2026, №98",False,,,Тоҷикӣ / Форсӣ,,
tj_f_orifa_913,913,female,Женский,Духтарона,О,Орифа,Орифа,Orifa,ОРИФА,ОРИФА,ORIFA,True,"Қарори Ҳукумати Ҷумҳурии Тоҷикистон аз 26 феврали соли 2026, №98",False,,,Тоҷикӣ / Форсӣ,,
tj_f_ormina_914,914,female,Женский,Духтарона,О,Ормина,Ормина,Ormina,ОРМИНА,ОРМИНА,ORMINA,True,"Қарори Ҳукумати Ҷумҳурии Тоҷикистон аз 26 феврали соли 2026, №98",False,,,Тоҷикӣ / Форсӣ,,
tj_f_ormindukht_915,915,female,Женский,Духтарона,О,Орминдухт,Орминдухт,Ormindukht,ОРМИНДУХТ,ОРМИНДУХТ,ORMINDUKHT,True,"Қарори Ҳукумати Ҷумҳурии Тоҷикистон аз 26 феврали соли 2026, №98",False,,,Тоҷикӣ / Форсӣ,,
tj_f_ormino_916,916,female,Женский,Духтарона,О,Ормино,Ормино,Ormino,ОРМИНО,ОРМИНО,ORMINO,True,"Қарори Ҳукумати Ҷумҳурии Тоҷикистон аз 26 феврали соли 2026, №98",False,,,Тоҷикӣ / Форсӣ,,
tj_f_ormito_917,917,female,Женский,Духтарона,О,Ормито,Ормито,Ormito,ОРМИТО,ОРМИТО,ORMITO,True,"Қарори Ҳукумати Ҷумҳурии Тоҷикистон аз 26 феврали соли 2026, №98",False,,,Тоҷикӣ / Форсӣ,,
tj_f_ormish_918,918,female,Женский,Духтарона,О,Ормиш,Ормиш,Ormish,ОРМИШ,ОРМИШ,ORMISH,True,"Қарори Ҳукумати Ҷумҳурии Тоҷикистон аз 26 феврали соли 2026, №98",False,,,Тоҷикӣ / Форсӣ,,
tj_f_orogul_919,919,female,Женский,Духтарона,О,Орогул,Орогул,Orogul,ОРОГУЛ,ОРОГУЛ,OROGUL,True,"Қарори Ҳукумати Ҷумҳурии Тоҷикистон аз 26 феврали соли 2026, №98",False,,,Тоҷикӣ / Форсӣ,,
tj_f_oromdis_920,920,female,Женский,Духтарона,О,Оромдис,Оромдис,Oromdis,ОРОМДИС,ОРОМДИС,OROMDIS,True,"Қарори Ҳукумати Ҷумҳурии Тоҷикистон аз 26 феврали соли 2026, №98",False,,,Тоҷикӣ / Форсӣ,,
tj_f_oromish_921,921,female,Женский,Духтарона,О,Оромиш,Оромиш,Oromish,ОРОМИШ,ОРОМИШ,OROMISH,True,"Қарори Ҳукумати Ҷумҳурии Тоҷикистон аз 26 феврали соли 2026, №98",False,,,Тоҷикӣ / Форсӣ,,
tj_f_orosta_922,922,female,Женский,Духтарона,О,Ороста,Ороста,Orosta,ОРОСТА,ОРОСТА,OROSTA,True,"Қарори Ҳукумати Ҷумҳурии Тоҷикистон аз 26 феврали соли 2026, №98",False,,,Тоҷикӣ / Форсӣ,,
tj_f_ortemis_923,923,female,Женский,Духтарона,О,Ортемис,Ортемис,Ortemis,ОРТЕМИС,ОРТЕМИС,ORTEMIS,True,"Қарори Ҳукумати Ҷумҳурии Тоҷикистон аз 26 феврали соли 2026, №98",False,,,Тоҷикӣ / Форсӣ,,
tj_f_orusho_924,924,female,Женский,Духтарона,О,Орушо,Орушо,Orusho,ОРУШО,ОРУШО,ORUSHO,True,"Қарори Ҳукумати Ҷумҳурии Тоҷикистон аз 26 феврали соли 2026, №98",False,,,Тоҷикӣ / Форсӣ,,
tj_f_orshin_925,925,female,Женский,Духтарона,О,Оршин,Оршин,Orshin,ОРШИН,ОРШИН,ORSHIN,True,"Қарори Ҳукумати Ҷумҳурии Тоҷикистон аз 26 феврали соли 2026, №98",False,,,Тоҷикӣ / Форсӣ,,
tj_f_osima_926,926,female,Женский,Духтарона,О,Осима,Осима,Osima,ОСИМА,ОСИМА,OSIMA,True,"Қарори Ҳукумати Ҷумҳурии Тоҷикистон аз 26 феврали соли 2026, №98",True,azima,"Великая, величественная, грандиозная",Арабское,великая; величественная; достойная; значительная; возвышенная,"Арабское عَظِيمَة (азима) — женская форма от «азим» (великий, грандиозный). «Аль-Азим» — одно из 99 имён Аллаха: «Он — Вознесённый, Великий (الْعَلِيُّ الْعَظِيمُ)» (2:255, Аят аль-Курси). Хадис: «Субхана Раббийя аль-Азим» («Слава великому Господу») — произносится в поясном поклоне. Имя олицетворяет духовное величие и внутренний масштаб личности."
tj_f_osindo_927,927,female,Женский,Духтарона,О,Осиндо,Осиндо,Osindo,ОСИНДО,ОСИНДО,OSINDO,True,"Қарори Ҳукумати Ҷумҳурии Тоҷикистон аз 26 феврали соли 2026, №98",False,,,Тоҷикӣ / Форсӣ,,
tj_f_osuda_928,928,female,Женский,Духтарона,О,Осуда,Осуда,Osuda,ОСУДА,ОСУДА,OSUDA,True,"Қарори Ҳукумати Ҷумҳурии Тоҷикистон аз 26 феврали соли 2026, №98",False,,,Тоҷикӣ / Форсӣ,,
tj_f_otino_929,929,female,Женский,Духтарона,О,Отино,Отино,Otino,ОТИНО,ОТИНО,OTINO,True,"Қарори Ҳукумати Ҷумҳурии Тоҷикистон аз 26 феврали соли 2026, №98",False,,,Тоҷикӣ / Форсӣ,,
tj_f_otifa_930,930,female,Женский,Духтарона,О,Отифа,Отифа,Otifa,ОТИФА,ОТИФА,OTIFA,True,"Қарори Ҳукумати Ҷумҳурии Тоҷикистон аз 26 феврали соли 2026, №98",False,,,Тоҷикӣ / Форсӣ,,
tj_f_otuso_931,931,female,Женский,Духтарона,О,Отусо,Отусо,Otuso,ОТУСО,ОТУСО,OTUSO,True,"Қарори Ҳукумати Ҷумҳурии Тоҷикистон аз 26 феврали соли 2026, №98",False,,,Тоҷикӣ / Форсӣ,,
tj_f_otusha_932,932,female,Женский,Духтарона,О,Отуша,Отуша,Otusha,ОТУША,ОТУША,OTUSHA,True,"Қарори Ҳукумати Ҷумҳурии Тоҷикистон аз 26 феврали соли 2026, №98",False,,,Тоҷикӣ / Форсӣ,,
tj_f_ofarida_933,933,female,Женский,Духтарона,О,Офарида,Офарида,Ofarida,ОФАРИДА,ОФАРИДА,OFARIDA,True,"Қарори Ҳукумати Ҷумҳурии Тоҷикистон аз 26 феврали соли 2026, №98",False,,,Тоҷикӣ / Форсӣ,,
tj_f_oftob_934,934,female,Женский,Духтарона,О,Офтоб,Офтоб,Oftob,ОФТОБ,ОФТОБ,OFTOB,True,"Қарори Ҳукумати Ҷумҳурии Тоҷикистон аз 26 феврали соли 2026, №98",False,,,Тоҷикӣ / Форсӣ,,
tj_f_oftobrukh_935,935,female,Женский,Духтарона,О,Офтобрух,Офтобрух,Oftobrukh,ОФТОБРУХ,ОФТОБРУХ,OFTOBRUKH,True,"Қарори Ҳукумати Ҷумҳурии Тоҷикистон аз 26 феврали соли 2026, №98",False,,,Тоҷикӣ / Форсӣ,,
tj_f_oftobsimo_936,936,female,Женский,Духтарона,О,Офтобсимо,Офтобсимо,Oftobsimo,ОФТОБСИМО,ОФТОБСИМО,OFTOBSIMO,True,"Қарори Ҳукумати Ҷумҳурии Тоҷикистон аз 26 феврали соли 2026, №98",False,,,Тоҷикӣ / Форсӣ,,
tj_f_ofshid_937,937,female,Женский,Духтарона,О,Офшид,Офшид,Ofshid,ОФШИД,ОФШИД,OFSHID,True,"Қарори Ҳукумати Ҷумҳурии Тоҷикистон аз 26 феврали соли 2026, №98",False,,,Тоҷикӣ / Форсӣ,,
tj_f_ohonruks_938,938,female,Женский,Духтарона,О,Оҳонрух,Охонрух,Ohonruks,ОҲОНРУХ,ОХОНРУХ,OHONRUKS,True,"Қарори Ҳукумати Ҷумҳурии Тоҷикистон аз 26 феврали соли 2026, №98",False,,,Тоҷикӣ / Форсӣ,,
tj_f_padida_939,939,female,Женский,Духтарона,П,Падида,Падида,Padida,ПАДИДА,ПАДИДА,PADIDA,True,"Қарори Ҳукумати Ҷумҳурии Тоҷикистон аз 26 феврали соли 2026, №98",False,,,Тоҷикӣ / Форсӣ,,
tj_f_pazira_940,940,female,Женский,Духтарона,П,Пазира,Пазира,Pazira,ПАЗИРА,ПАЗИРА,PAZIRA,True,"Қарори Ҳукумати Ҷумҳурии Тоҷикистон аз 26 феврали соли 2026, №98",False,,,Тоҷикӣ / Форсӣ,,
tj_f_payvasta_941,941,female,Женский,Духтарона,П,Пайваста,Пайваста,Payvasta,ПАЙВАСТА,ПАЙВАСТА,PAYVASTA,True,"Қарори Ҳукумати Ҷумҳурии Тоҷикистон аз 26 феврали соли 2026, №98",False,,,Тоҷикӣ / Форсӣ,,
tj_f_paymona_942,942,female,Женский,Духтарона,П,Паймона,Паймона,Paymona,ПАЙМОНА,ПАЙМОНА,PAYMONA,True,"Қарори Ҳукумати Ҷумҳурии Тоҷикистон аз 26 феврали соли 2026, №98",False,,,Тоҷикӣ / Форсӣ,,
tj_f_parandis_943,943,female,Женский,Духтарона,П,Парандис,Парандис,Parandis,ПАРАНДИС,ПАРАНДИС,PARANDIS,True,"Қарори Ҳукумати Ҷумҳурии Тоҷикистон аз 26 феврали соли 2026, №98",False,,,Тоҷикӣ / Форсӣ,,
tj_f_parastu_944,944,female,Женский,Духтарона,П,Парасту,Парасту,Parastu,ПАРАСТУ,ПАРАСТУ,PARASTU,True,"Қарори Ҳукумати Ҷумҳурии Тоҷикистон аз 26 феврали соли 2026, №98",False,,,Тоҷикӣ / Форсӣ,,
tj_f_parvin_945,945,female,Женский,Духтарона,П,Парвин,Парвин,Parvin,ПАРВИН,ПАРВИН,PARVIN,True,"Қарори Ҳукумати Ҷумҳурии Тоҷикистон аз 26 феврали соли 2026, №98",False,,,Тоҷикӣ / Форсӣ,,
tj_f_parvona_946,946,female,Женский,Духтарона,П,Парвона,Парвона,Parvona,ПАРВОНА,ПАРВОНА,PARVONA,True,"Қарори Ҳукумати Ҷумҳурии Тоҷикистон аз 26 феврали соли 2026, №98",False,,,Тоҷикӣ / Форсӣ,,
tj_f_pardis_947,947,female,Женский,Духтарона,П,Пардис,Пардис,Pardis,ПАРДИС,ПАРДИС,PARDIS,True,"Қарори Ҳукумати Ҷумҳурии Тоҷикистон аз 26 феврали соли 2026, №98",False,,,Тоҷикӣ / Форсӣ,,
tj_f_parivash_948,948,female,Женский,Духтарона,П,Париваш,Париваш,Parivash,ПАРИВАШ,ПАРИВАШ,PARIVASH,True,"Қарори Ҳукумати Ҷумҳурии Тоҷикистон аз 26 феврали соли 2026, №98",False,,,Тоҷикӣ / Форсӣ,,
tj_f_parivor_949,949,female,Женский,Духтарона,П,Паривор,Паривор,Parivor,ПАРИВОР,ПАРИВОР,PARIVOR,True,"Қарори Ҳукумати Ҷумҳурии Тоҷикистон аз 26 феврали соли 2026, №98",False,,,Тоҷикӣ / Форсӣ,,
tj_f_parigul_950,950,female,Женский,Духтарона,П,Паригул,Паригул,Parigul,ПАРИГУЛ,ПАРИГУЛ,PARIGUL,True,"Қарори Ҳукумати Ҷумҳурии Тоҷикистон аз 26 феврали соли 2026, №98",False,,,Тоҷикӣ / Форсӣ,,
tj_f_paridod_951,951,female,Женский,Духтарона,П,Паридод,Паридод,Paridod,ПАРИДОД,ПАРИДОД,PARIDOD,True,"Қарори Ҳукумати Ҷумҳурии Тоҷикистон аз 26 феврали соли 2026, №98",False,,,Тоҷикӣ / Форсӣ,,
tj_f_paridukht_952,952,female,Женский,Духтарона,П,Паридухт,Паридухт,Paridukht,ПАРИДУХТ,ПАРИДУХТ,PARIDUKHT,True,"Қарори Ҳукумати Ҷумҳурии Тоҷикистон аз 26 феврали соли 2026, №98",False,,,Тоҷикӣ / Форсӣ,,
tj_f_parizod_953,953,female,Женский,Духтарона,П,Паризод,Паризод,Parizod,ПАРИЗОД,ПАРИЗОД,PARIZOD,True,"Қарори Ҳукумати Ҷумҳурии Тоҷикистон аз 26 феврали соли 2026, №98",False,,,Тоҷикӣ / Форсӣ,,
tj_f_parin_954,954,female,Женский,Духтарона,П,Парин,Парин,Parin,ПАРИН,ПАРИН,PARIN,True,"Қарори Ҳукумати Ҷумҳурии Тоҷикистон аз 26 феврали соли 2026, №98",False,,,Тоҷикӣ / Форсӣ,,
tj_f_parinoz_955,955,female,Женский,Духтарона,П,Париноз,Париноз,Parinoz,ПАРИНОЗ,ПАРИНОЗ,PARINOZ,True,"Қарори Ҳукумати Ҷумҳурии Тоҷикистон аз 26 феврали соли 2026, №98",False,,,Тоҷикӣ / Форсӣ,,
tj_f_parinush_956,956,female,Женский,Духтарона,П,Паринуш,Паринуш,Parinush,ПАРИНУШ,ПАРИНУШ,PARINUSH,True,"Қарори Ҳукумати Ҷумҳурии Тоҷикистон аз 26 феврали соли 2026, №98",False,,,Тоҷикӣ / Форсӣ,,
tj_f_parirukh_957,957,female,Женский,Духтарона,П,Парирух,Парирух,Parirukh,ПАРИРУХ,ПАРИРУХ,PARIRUKH,True,"Қарори Ҳукумати Ҷумҳурии Тоҷикистон аз 26 феврали соли 2026, №98",False,,,Тоҷикӣ / Форсӣ,,
tj_f_pariru_958,958,female,Женский,Духтарона,П,Парирӯ,Париру,Pariru,ПАРИРӮ,ПАРИРУ,PARIRU,True,"Қарори Ҳукумати Ҷумҳурии Тоҷикистон аз 26 феврали соли 2026, №98",False,,,Тоҷикӣ / Форсӣ,,
tj_f_pariso_959,959,female,Женский,Духтарона,П,Парисо,Парисо,Pariso,ПАРИСО,ПАРИСО,PARISO,True,"Қарори Ҳукумати Ҷумҳурии Тоҷикистон аз 26 феврали соли 2026, №98",True,parisa,"Подобная фее, ангелоподобная",Персидское,красивая; небесная; нежная; утончённая; волшебная,"Персидское پَرِیسَا (париса) — «подобная пари (фее)». «Пари» в персидской мифологии — небесное существо из света, добрая фея. В персидской поэзии «пари» — образ несравненной женской красоты и неземной прелести. Хафиз: «Та пари, что скрывает лицо от посторонних глаз». Имя особенно популярно в Иране и среди персоязычных мусульман. Несёт образ сверхъестественной красоты."
tj_f_parison_960,960,female,Женский,Духтарона,П,Парисон,Парисон,Parison,ПАРИСОН,ПАРИСОН,PARISON,True,"Қарори Ҳукумати Ҷумҳурии Тоҷикистон аз 26 феврали соли 2026, №98",False,,,Тоҷикӣ / Форсӣ,,
tj_f_parichehr_961,961,female,Женский,Духтарона,П,Паричеҳр,Паричехр,Parichehr,ПАРИЧЕҲР,ПАРИЧЕХР,PARICHEHR,True,"Қарори Ҳукумати Ҷумҳурии Тоҷикистон аз 26 феврали соли 2026, №98",False,,,Тоҷикӣ / Форсӣ,,
tj_f_parichehr_962,962,female,Женский,Духтарона,П,Паричеҳра,Паричехра,Parichehrа,ПАРИЧЕҲРА,ПАРИЧЕХРА,PARICHEHRА,True,"Қарори Ҳукумати Ҷумҳурии Тоҷикистон аз 26 феврали соли 2026, №98",False,,,Тоҷикӣ / Форсӣ,,
tj_f_parishod_963,963,female,Женский,Духтарона,П,Паришод,Паришод,Parishod,ПАРИШОД,ПАРИШОД,PARISHOD,True,"Қарори Ҳукумати Ҷумҳурии Тоҷикистон аз 26 феврали соли 2026, №98",False,,,Тоҷикӣ / Форсӣ,,
tj_f_pariya_964,964,female,Женский,Духтарона,П,Пария,Пария,Pariya,ПАРИЯ,ПАРИЯ,PARIYA,True,"Қарори Ҳукумати Ҷумҳурии Тоҷикистон аз 26 феврали соли 2026, №98",False,,,Тоҷикӣ / Форсӣ,,
tj_f_pari_965,965,female,Женский,Духтарона,П,Парӣ,Пари,Pari,ПАРӢ,ПАРИ,PARI,True,"Қарори Ҳукумати Ҷумҳурии Тоҷикистон аз 26 феврали соли 2026, №98",False,,,Тоҷикӣ / Форсӣ,,
tj_f_parmis_966,966,female,Женский,Духтарона,П,Пармис,Пармис,Parmis,ПАРМИС,ПАРМИС,PARMIS,True,"Қарори Ҳукумати Ҷумҳурии Тоҷикистон аз 26 феврали соли 2026, №98",False,,,Тоҷикӣ / Форсӣ,,
tj_f_parniyo_967,967,female,Женский,Духтарона,П,Парниё,Парниё,Parniyo,ПАРНИЁ,ПАРНИЁ,PARNIYO,True,"Қарори Ҳукумати Ҷумҳурии Тоҷикистон аз 26 феврали соли 2026, №98",False,,,Тоҷикӣ / Форсӣ,,
tj_f_parniyon_968,968,female,Женский,Духтарона,П,Парниён,Парниён,Parniyon,ПАРНИЁН,ПАРНИЁН,PARNIYON,True,"Қарори Ҳукумати Ҷумҳурии Тоҷикистон аз 26 феврали соли 2026, №98",False,,,Тоҷикӣ / Форсӣ,,
tj_f_parnush_969,969,female,Женский,Духтарона,П,Парнуш,Парнуш,Parnush,ПАРНУШ,ПАРНУШ,PARNUSH,True,"Қарори Ҳукумати Ҷумҳурии Тоҷикистон аз 26 феврали соли 2026, №98",False,,,Тоҷикӣ / Форсӣ,,
tj_f_paronush_970,970,female,Женский,Духтарона,П,Паронуш,Паронуш,Paronush,ПАРОНУШ,ПАРОНУШ,PARONUSH,True,"Қарори Ҳукумати Ҷумҳурии Тоҷикистон аз 26 феврали соли 2026, №98",False,,,Тоҷикӣ / Форсӣ,,
tj_f_perosta_971,971,female,Женский,Духтарона,П,Пероста,Пероста,Perosta,ПЕРОСТА,ПЕРОСТА,PEROSTA,True,"Қарори Ҳукумати Ҷумҳурии Тоҷикистон аз 26 феврали соли 2026, №98",False,,,Тоҷикӣ / Форсӣ,,
tj_f_piruza_972,972,female,Женский,Духтарона,П,Пирӯза,Пируза,Piruza,ПИРӮЗА,ПИРУЗА,PIRUZA,True,"Қарори Ҳукумати Ҷумҳурии Тоҷикистон аз 26 феврали соли 2026, №98",False,,,Тоҷикӣ / Форсӣ,,
tj_f_pisand_973,973,female,Женский,Духтарона,П,Писанд,Писанд,Pisand,ПИСАНД,ПИСАНД,PISAND,True,"Қарори Ҳукумати Ҷумҳурии Тоҷикистон аз 26 феврали соли 2026, №98",False,,,Тоҷикӣ / Форсӣ,,
tj_f_pokakhtar_974,974,female,Женский,Духтарона,П,Покахтар,Покахтар,Pokakhtar,ПОКАХТАР,ПОКАХТАР,POKAKHTAR,True,"Қарори Ҳукумати Ҷумҳурии Тоҷикистон аз 26 феврали соли 2026, №98",False,,,Тоҷикӣ / Форсӣ,,
tj_f_pokbin_975,975,female,Женский,Духтарона,П,Покбин,Покбин,Pokbin,ПОКБИН,ПОКБИН,POKBIN,True,"Қарори Ҳукумати Ҷумҳурии Тоҷикистон аз 26 феврали соли 2026, №98",False,,,Тоҷикӣ / Форсӣ,,
tj_f_pokdes_976,976,female,Женский,Духтарона,П,Покдес,Покдес,Pokdes,ПОКДЕС,ПОКДЕС,POKDES,True,"Қарори Ҳукумати Ҷумҳурии Тоҷикистон аз 26 феврали соли 2026, №98",False,,,Тоҷикӣ / Форсӣ,,
tj_f_pokdukht_977,977,female,Женский,Духтарона,П,Покдухт,Покдухт,Pokdukht,ПОКДУХТ,ПОКДУХТ,POKDUKHT,True,"Қарори Ҳукумати Ҷумҳурии Тоҷикистон аз 26 феврали соли 2026, №98",False,,,Тоҷикӣ / Форсӣ,,
tj_f_pokiza_978,978,female,Женский,Духтарона,П,Покиза,Покиза,Pokiza,ПОКИЗА,ПОКИЗА,POKIZA,True,"Қарори Ҳукумати Ҷумҳурии Тоҷикистон аз 26 феврали соли 2026, №98",False,,,Тоҷикӣ / Форсӣ,,
tj_f_pokmehr_979,979,female,Женский,Духтарона,П,Покмеҳр,Покмехр,Pokmehr,ПОКМЕҲР,ПОКМЕХР,POKMEHR,True,"Қарори Ҳукумати Ҷумҳурии Тоҷикистон аз 26 феврали соли 2026, №98",False,,,Тоҷикӣ / Форсӣ,,
tj_f_poknoz_980,980,female,Женский,Духтарона,П,Покноз,Покноз,Poknoz,ПОКНОЗ,ПОКНОЗ,POKNOZ,True,"Қарори Ҳукумати Ҷумҳурии Тоҷикистон аз 26 феврали соли 2026, №98",False,,,Тоҷикӣ / Форсӣ,,
tj_f_pokpari_981,981,female,Женский,Духтарона,П,Покпарӣ,Покпари,Pokpari,ПОКПАРӢ,ПОКПАРИ,POKPARI,True,"Қарори Ҳукумати Ҷумҳурии Тоҷикистон аз 26 феврали соли 2026, №98",False,,,Тоҷикӣ / Форсӣ,,
tj_f_poksimo_982,982,female,Женский,Духтарона,П,Поксимо,Поксимо,Poksimo,ПОКСИМО,ПОКСИМО,POKSIMO,True,"Қарори Ҳукумати Ҷумҳурии Тоҷикистон аз 26 феврали соли 2026, №98",False,,,Тоҷикӣ / Форсӣ,,
tj_f_poksira_983,983,female,Женский,Духтарона,П,Поксират,Поксират,Poksiraт,ПОКСИРАТ,ПОКСИРАТ,POKSIRAТ,True,"Қарори Ҳукумати Ҷумҳурии Тоҷикистон аз 26 феврали соли 2026, №98",False,,,Тоҷикӣ / Форсӣ,,
tj_f_pokfar_984,984,female,Женский,Духтарона,П,Покфар,Покфар,Pokfar,ПОКФАР,ПОКФАР,POKFAR,True,"Қарори Ҳукумати Ҷумҳурии Тоҷикистон аз 26 феврали соли 2026, №98",False,,,Тоҷикӣ / Форсӣ,,
tj_f_pokchehra_985,985,female,Женский,Духтарона,П,Покчеҳра,Покчехра,Pokchehra,ПОКЧЕҲРА,ПОКЧЕХРА,POKCHEHRA,True,"Қарори Ҳукумати Ҷумҳурии Тоҷикистон аз 26 феврали соли 2026, №98",False,,,Тоҷикӣ / Форсӣ,,
tj_f_pormiyo_986,986,female,Женский,Духтарона,П,Пормиё,Пормиё,Pormiyo,ПОРМИЁ,ПОРМИЁ,PORMIYO,True,"Қарори Ҳукумати Ҷумҳурии Тоҷикистон аз 26 феврали соли 2026, №98",False,,,Тоҷикӣ / Форсӣ,,
tj_f_pormis_987,987,female,Женский,Духтарона,П,Пормис,Пормис,Pormis,ПОРМИС,ПОРМИС,PORMIS,True,"Қарори Ҳукумати Ҷумҳурии Тоҷикистон аз 26 феврали соли 2026, №98",False,,,Тоҷикӣ / Форсӣ,,
tj_f_poyanda_988,988,female,Женский,Духтарона,П,Поянда,Поянда,Poyanda,ПОЯНДА,ПОЯНДА,POYANDA,True,"Қарори Ҳукумати Ҷумҳурии Тоҷикистон аз 26 феврали соли 2026, №98",False,,,Тоҷикӣ / Форсӣ,,
tj_f_puno_989,989,female,Женский,Духтарона,П,Пуно,Пуно,Puno,ПУНО,ПУНО,PUNO,True,"Қарори Ҳукумати Ҷумҳурии Тоҷикистон аз 26 феврали соли 2026, №98",False,,,Тоҷикӣ / Форсӣ,,
tj_f_purmoh_990,990,female,Женский,Духтарона,П,Пурмоҳ,Пурмох,Purmoh,ПУРМОҲ,ПУРМОХ,PURMOH,True,"Қарори Ҳукумати Ҷумҳурии Тоҷикистон аз 26 феврали соли 2026, №98",False,,,Тоҷикӣ / Форсӣ,,
tj_f_purnoz_991,991,female,Женский,Духтарона,П,Пурноз,Пурноз,Purnoz,ПУРНОЗ,ПУРНОЗ,PURNOZ,True,"Қарори Ҳукумати Ҷумҳурии Тоҷикистон аз 26 феврали соли 2026, №98",False,,,Тоҷикӣ / Форсӣ,,
tj_f_purnur_992,992,female,Женский,Духтарона,П,Пурнур,Пурнур,Purnur,ПУРНУР,ПУРНУР,PURNUR,True,"Қарори Ҳукумати Ҷумҳурии Тоҷикистон аз 26 феврали соли 2026, №98",False,,,Тоҷикӣ / Форсӣ,,
tj_f_purondukht_993,993,female,Женский,Духтарона,П,Пурондухт,Пурондухт,Purondukht,ПУРОНДУХТ,ПУРОНДУХТ,PURONDUKHT,True,"Қарори Ҳукумати Ҷумҳурии Тоҷикистон аз 26 феврали соли 2026, №98",False,,,Тоҷикӣ / Форсӣ,,
tj_f_purhayo_994,994,female,Женский,Духтарона,П,Пурҳаё,Пурхаё,Purhayo,ПУРҲАЁ,ПУРХАЁ,PURHAYO,True,"Қарори Ҳукумати Ҷумҳурии Тоҷикистон аз 26 феврали соли 2026, №98",False,,,Тоҷикӣ / Форсӣ,,
tj_f_ravshanmehr_995,995,female,Женский,Духтарона,Р,Равшанмеҳр,Равшанмехр,Ravshanmehr,РАВШАНМЕҲР,РАВШАНМЕХР,RAVSHANMEHR,True,"Қарори Ҳукумати Ҷумҳурии Тоҷикистон аз 26 феврали соли 2026, №98",False,,,Тоҷикӣ / Форсӣ,,
tj_f_ravshanoro_996,996,female,Женский,Духтарона,Р,Равшаноро,Равшаноро,Ravshanoro,РАВШАНОРО,РАВШАНОРО,RAVSHANORO,True,"Қарори Ҳукумати Ҷумҳурии Тоҷикистон аз 26 феврали соли 2026, №98",False,,,Тоҷикӣ / Форсӣ,,
tj_f_rayhon_997,997,female,Женский,Духтарона,Р,Райҳон,Райхон,Rayhon,РАЙҲОН,РАЙХОН,RAYHON,True,"Қарори Ҳукумати Ҷумҳурии Тоҷикистон аз 26 феврали соли 2026, №98",True,rayhan,"Базилик, сладкое душистое растение (упомянуто в Коране)",Арабское,ароматная; нежная; приятная; духовная; освежающая,"Арабское رَيْحَان (райхан) — «базилик, мята» — душистое растение. Это слово встречается в Коране в суре Ар-Рахман (55:12): «зерно с шелухой и благоуханные растения (райхан)» и в суре Аль-Вакиа (56:89): «покой, благоухание (райхан) и сад блаженства» — об участи приближённых к Аллаху. Пророк Мухаммад называл своих внуков Хасана и Хусайна «рейхани» («мой базилик»). Имя несёт образ духовного аромата и близости к раю."
tj_f_rayhonpari_998,998,female,Женский,Духтарона,Р,Райҳонпарӣ,Райхонпари,Rayhonpari,РАЙҲОНПАРӢ,РАЙХОНПАРИ,RAYHONPARI,True,"Қарори Ҳукумати Ҷумҳурии Тоҷикистон аз 26 феврали соли 2026, №98",False,,,Тоҷикӣ / Форсӣ,,
tj_f_ramzigul_999,999,female,Женский,Духтарона,Р,Рамзигул,Рамзигул,Ramzigul,РАМЗИГУЛ,РАМЗИГУЛ,RAMZIGUL,True,"Қарори Ҳукумати Ҷумҳурии Тоҷикистон аз 26 феврали соли 2026, №98",False,,,Тоҷикӣ / Форсӣ,,
tj_f_ramziya_1000,1000,female,Женский,Духтарона,Р,Рамзия,Рамзия,Ramziya,РАМЗИЯ,РАМЗИЯ,RAMZIYA,True,"Қарори Ҳукумати Ҷумҳурии Тоҷикистон аз 26 феврали соли 2026, №98",False,,,Тоҷикӣ / Форсӣ,,
tj_f_rafoat_1001,1001,female,Женский,Духтарона,Р,Рафоат,Рафоат,Rafoat,РАФОАТ,РАФОАТ,RAFOAT,True,"Қарори Ҳукумати Ҷумҳурии Тоҷикистон аз 26 феврали соли 2026, №98",True,raafat,"Сострадание, нежность, мягкость",Арабское,сострадательный; нежный; добрый; мягкий; заботливый,"Арабское رَأْفَة (рафат) — «нежность, сострадание». В Коране (57:27) о Исе и его последователях: «Мы вложили в сердца последовавших за ним нежность (رَأْفَةً) и милосердие». Аль-Рауф — одно из прекрасных имён Аллаха (9:117): «Аллах — Нежный к верующим». О Пророке Мухаммаде: «Он сострадателен (رَؤُوف) к верующим, милосерден» (9:128). Имя несёт образ высшего христиано-исламского качества — tender mercy (нежного милосердия)."
tj_f_rafohat_1002,1002,female,Женский,Духтарона,Р,Рафоҳат,Рафохат,Rafohat,РАФОҲАТ,РАФОХАТ,RAFOHAT,True,"Қарори Ҳукумати Ҷумҳурии Тоҷикистон аз 26 феврали соли 2026, №98",False,,,Тоҷикӣ / Форсӣ,,
tj_f_rakhshanda_1003,1003,female,Женский,Духтарона,Р,Рахшанда,Рахшанда,Rakhshanda,РАХШАНДА,РАХШАНДА,RAKHSHANDA,True,"Қарори Ҳукумати Ҷумҳурии Тоҷикистон аз 26 феврали соли 2026, №98",False,,,Тоҷикӣ / Форсӣ,,
tj_f_rakhshino_1004,1004,female,Женский,Духтарона,Р,Рахшино,Рахшино,Rakhshino,РАХШИНО,РАХШИНО,RAKHSHINO,True,"Қарори Ҳукумати Ҷумҳурии Тоҷикистон аз 26 феврали соли 2026, №98",False,,,Тоҷикӣ / Форсӣ,,
tj_f_rakhsho_1005,1005,female,Женский,Духтарона,Р,Рахшо,Рахшо,Rakhsho,РАХШО,РАХШО,RAKHSHO,True,"Қарори Ҳукумати Ҷумҳурии Тоҷикистон аз 26 феврали соли 2026, №98",False,,,Тоҷикӣ / Форсӣ,,
tj_f_rakhshon_1006,1006,female,Женский,Духтарона,Р,Рахшон,Рахшон,Rakhshon,РАХШОН,РАХШОН,RAKHSHON,True,"Қарори Ҳукумати Ҷумҳурии Тоҷикистон аз 26 феврали соли 2026, №98",False,,,Тоҷикӣ / Форсӣ,,
tj_f_rakhshona_1007,1007,female,Женский,Духтарона,Р,Рахшона,Рахшона,Rakhshona,РАХШОНА,РАХШОНА,RAKHSHONA,True,"Қарори Ҳукумати Ҷумҳурии Тоҷикистон аз 26 феврали соли 2026, №98",False,,,Тоҷикӣ / Форсӣ,,
tj_f_rashniyo_1008,1008,female,Женский,Духтарона,Р,Рашниё,Рашниё,Rashniyo,РАШНИЁ,РАШНИЁ,RASHNIYO,True,"Қарори Ҳукумати Ҷумҳурии Тоҷикистон аз 26 феврали соли 2026, №98",False,,,Тоҷикӣ / Форсӣ,,
tj_f_rashno_1009,1009,female,Женский,Духтарона,Р,Рашно,Рашно,Rashno,РАШНО,РАШНО,RASHNO,True,"Қарори Ҳукумати Ҷумҳурии Тоҷикистон аз 26 феврали соли 2026, №98",False,,,Тоҷикӣ / Форсӣ,,
tj_f_rano_1010,1010,female,Женский,Духтарона,Р,Раъно,Раъно,Ra’no,РАЪНО,РАЪНО,RA’NO,True,"Қарори Ҳукумати Ҷумҳурии Тоҷикистон аз 26 феврали соли 2026, №98",True,rana,"Грациозная, прекрасная, завораживающая взгляд",Арабское,красивая; грациозная; нежная; добрая; элегантная,"От арабского رنا (ranā) — «красота, привлекающая взгляд, восхитительная». В классической арабской лирике «рана» описывает движение, притягивающее восхищённый взор, как мягкие волны воды или плавный полёт птицы. Имя широко распространено в арабских странах и воплощает идеал женственной красоты."
tj_f_rezagul_1011,1011,female,Женский,Духтарона,Р,Резагул,Резагул,Rezagul,РЕЗАГУЛ,РЕЗАГУЛ,REZAGUL,True,"Қарори Ҳукумати Ҷумҳурии Тоҷикистон аз 26 феврали соли 2026, №98",False,,,Тоҷикӣ / Форсӣ,,
tj_f_risolat_1012,1012,female,Женский,Духтарона,Р,Рисолат,Рисолат,Risolat,РИСОЛАТ,РИСОЛАТ,RISOLAT,True,"Қарори Ҳукумати Ҷумҳурии Тоҷикистон аз 26 феврали соли 2026, №98",False,,,Тоҷикӣ / Форсӣ,,
tj_f_robiya_1013,1013,female,Женский,Духтарона,Р,Робия,Робия,Robiya,РОБИЯ,РОБИЯ,ROBIYA,True,"Қарори Ҳукумати Ҷумҳурии Тоҷикистон аз 26 феврали соли 2026, №98",True,rabia,"Весна, четвёртая",Арабское,верующая; мудрая; добрая; терпеливая,"Рабия аль-Адавия — одна из величайших суфийских святых, проповедовала чистую любовь к Аллаху без страха наказания."
tj_f_royon_1014,1014,female,Женский,Духтарона,Р,Роён,Роён,Royon,РОЁН,РОЁН,ROYON,True,"Қарори Ҳукумати Ҷумҳурии Тоҷикистон аз 26 феврали соли 2026, №98",False,,,Тоҷикӣ / Форсӣ,,
tj_f_rozhis_1015,1015,female,Женский,Духтарона,Р,Рожис,Рожис,Rozhis,РОЖИС,РОЖИС,ROZHIS,True,"Қарори Ҳукумати Ҷумҳурии Тоҷикистон аз 26 феврали соли 2026, №98",False,,,Тоҷикӣ / Форсӣ,,
tj_f_rozhisto_1016,1016,female,Женский,Духтарона,Р,Рожисто,Рожисто,Rozhisto,РОЖИСТО,РОЖИСТО,ROZHISTO,True,"Қарори Ҳукумати Ҷумҳурии Тоҷикистон аз 26 феврали соли 2026, №98",False,,,Тоҷикӣ / Форсӣ,,
tj_f_rozigul_1017,1017,female,Женский,Духтарона,Р,Розигул,Розигул,Rozigul,РОЗИГУЛ,РОЗИГУЛ,ROZIGUL,True,"Қарори Ҳукумати Ҷумҳурии Тоҷикистон аз 26 феврали соли 2026, №98",False,,,Тоҷикӣ / Форсӣ,,
tj_f_roziya_1018,1018,female,Женский,Духтарона,Р,Розия,Розия,Roziya,РОЗИЯ,РОЗИЯ,ROZIYA,True,"Қарори Ҳукумати Ҷумҳурии Тоҷикистон аз 26 феврали соли 2026, №98",False,,,Тоҷикӣ / Форсӣ,,
tj_f_romiza_1019,1019,female,Женский,Духтарона,Р,Ромиза,Ромиза,Romiza,РОМИЗА,РОМИЗА,ROMIZA,True,"Қарори Ҳукумати Ҷумҳурии Тоҷикистон аз 26 феврали соли 2026, №98",False,,,Тоҷикӣ / Форсӣ,,
tj_f_romina_1020,1020,female,Женский,Духтарона,Р,Ромина,Ромина,Romina,РОМИНА,РОМИНА,ROMINA,True,"Қарори Ҳукумати Ҷумҳурии Тоҷикистон аз 26 феврали соли 2026, №98",False,,,Тоҷикӣ / Форсӣ,,
tj_f_rudguna_1021,1021,female,Женский,Духтарона,Р,Рудгуна,Рудгуна,Rudguna,РУДГУНА,РУДГУНА,RUDGUNA,True,"Қарори Ҳукумати Ҷумҳурии Тоҷикистон аз 26 феврали соли 2026, №98",False,,,Тоҷикӣ / Форсӣ,,
tj_f_rudoba_1022,1022,female,Женский,Духтарона,Р,Рудоба,Рудоба,Rudoba,РУДОБА,РУДОБА,RUDOBA,True,"Қарори Ҳукумати Ҷумҳурии Тоҷикистон аз 26 феврали соли 2026, №98",False,,,Тоҷикӣ / Форсӣ,,
tj_f_ruyo_1023,1023,female,Женский,Духтарона,Р,Руё,Руё,Ruyo,РУЁ,РУЁ,RUYO,True,"Қарори Ҳукумати Ҷумҳурии Тоҷикистон аз 26 феврали соли 2026, №98",False,,,Тоҷикӣ / Форсӣ,,
tj_f_ruzhon_1024,1024,female,Женский,Духтарона,Р,Ружон,Ружон,Ruzhon,РУЖОН,РУЖОН,RUZHON,True,"Қарори Ҳукумати Ҷумҳурии Тоҷикистон аз 26 феврали соли 2026, №98",False,,,Тоҷикӣ / Форсӣ,,
tj_f_ruzhono_1025,1025,female,Женский,Духтарона,Р,Ружоно,Ружоно,Ruzhono,РУЖОНО,РУЖОНО,RUZHONO,True,"Қарори Ҳукумати Ҷумҳурии Тоҷикистон аз 26 феврали соли 2026, №98",False,,,Тоҷикӣ / Форсӣ,,
tj_f_rukhafruz_1026,1026,female,Женский,Духтарона,Р,Рухафрӯз,Рухафруз,Rukhafruz,РУХАФРӮЗ,РУХАФРУЗ,RUKHAFRUZ,True,"Қарори Ҳукумати Ҷумҳурии Тоҷикистон аз 26 феврали соли 2026, №98",False,,,Тоҷикӣ / Форсӣ,,
tj_f_rukhina_1027,1027,female,Женский,Духтарона,Р,Рухина,Рухина,Rukhina,РУХИНА,РУХИНА,RUKHINA,True,"Қарори Ҳукумати Ҷумҳурии Тоҷикистон аз 26 феврали соли 2026, №98",False,,,Тоҷикӣ / Форсӣ,,
tj_f_rukhmino_1028,1028,female,Женский,Духтарона,Р,Рухмино,Рухмино,Rukhmino,РУХМИНО,РУХМИНО,RUKHMINO,True,"Қарори Ҳукумати Ҷумҳурии Тоҷикистон аз 26 феврали соли 2026, №98",False,,,Тоҷикӣ / Форсӣ,,
tj_f_rukhom_1029,1029,female,Женский,Духтарона,Р,Рухом,Рухом,Rukhom,РУХОМ,РУХОМ,RUKHOM,True,"Қарори Ҳукумати Ҷумҳурии Тоҷикистон аз 26 феврали соли 2026, №98",False,,,Тоҷикӣ / Форсӣ,,
tj_f_rukhson_1030,1030,female,Женский,Духтарона,Р,Рухсон,Рухсон,Rukhson,РУХСОН,РУХСОН,RUKHSON,True,"Қарори Ҳукумати Ҷумҳурии Тоҷикистон аз 26 феврали соли 2026, №98",False,,,Тоҷикӣ / Форсӣ,,
tj_f_rukhsono_1031,1031,female,Женский,Духтарона,Р,Рухсоно,Рухсоно,Rukhsono,РУХСОНО,РУХСОНО,RUKHSONO,True,"Қарори Ҳукумати Ҷумҳурии Тоҷикистон аз 26 феврали соли 2026, №98",False,,,Тоҷикӣ / Форсӣ,,
tj_f_rukhsora_1032,1032,female,Женский,Духтарона,Р,Рухсора,Рухсора,Rukhsora,РУХСОРА,РУХСОРА,RUKHSORA,True,"Қарори Ҳукумати Ҷумҳурии Тоҷикистон аз 26 феврали соли 2026, №98",False,,,Тоҷикӣ / Форсӣ,,
tj_f_rukhfizo_1033,1033,female,Женский,Духтарона,Р,Рухфизо,Рухфизо,Rukhfizo,РУХФИЗО,РУХФИЗО,RUKHFIZO,True,"Қарори Ҳукумати Ҷумҳурии Тоҷикистон аз 26 феврали соли 2026, №98",False,,,Тоҷикӣ / Форсӣ,,
tj_f_rukhshod_1034,1034,female,Женский,Духтарона,Р,Рухшода,Рухшода,Rukhshodа,РУХШОДА,РУХШОДА,RUKHSHODА,True,"Қарори Ҳукумати Ҷумҳурии Тоҷикистон аз 26 феврали соли 2026, №98",False,,,Тоҷикӣ / Форсӣ,,
tj_f_rukhshona_1035,1035,female,Женский,Духтарона,Р,Рухшона,Рухшона,Rukhshona,РУХШОНА,РУХШОНА,RUKHSHONA,True,"Қарори Ҳукумати Ҷумҳурии Тоҷикистон аз 26 феврали соли 2026, №98",False,,,Тоҷикӣ / Форсӣ,,
tj_f_ruhangez_1036,1036,female,Женский,Духтарона,Р,Руҳангез,Рухангез,Ruhangez,РУҲАНГЕЗ,РУХАНГЕЗ,RUHANGEZ,True,"Қарори Ҳукумати Ҷумҳурии Тоҷикистон аз 26 феврали соли 2026, №98",False,,,Тоҷикӣ / Форсӣ,,
tj_f_ruhafzo_1037,1037,female,Женский,Духтарона,Р,Руҳафзо,Рухафзо,Ruhafzo,РУҲАФЗО,РУХАФЗО,RUHAFZO,True,"Қарори Ҳукумати Ҷумҳурии Тоҷикистон аз 26 феврали соли 2026, №98",False,,,Тоҷикӣ / Форсӣ,,
tj_f_ruhafzun_1038,1038,female,Женский,Духтарона,Р,Руҳафзун,Рухафзун,Ruhafzun,РУҲАФЗУН,РУХАФЗУН,RUHAFZUN,True,"Қарори Ҳукумати Ҷумҳурии Тоҷикистон аз 26 феврали соли 2026, №98",False,,,Тоҷикӣ / Форсӣ,,
tj_f_ruhina_1039,1039,female,Женский,Духтарона,Р,Руҳина,Рухина,Ruhina,РУҲИНА,РУХИНА,RUHINA,True,"Қарори Ҳукумати Ҷумҳурии Тоҷикистон аз 26 феврали соли 2026, №98",False,,,Тоҷикӣ / Форсӣ,,
tj_f_ruhnavoz_1040,1040,female,Женский,Духтарона,Р,Руҳнавоз,Рухнавоз,Ruhnavoz,РУҲНАВОЗ,РУХНАВОЗ,RUHNAVOZ,True,"Қарори Ҳукумати Ҷумҳурии Тоҷикистон аз 26 феврали соли 2026, №98",False,,,Тоҷикӣ / Форсӣ,,
tj_f_rushana_1041,1041,female,Женский,Духтарона,Р,Рушана,Рушана,Rushana,РУШАНА,РУШАНА,RUSHANA,True,"Қарори Ҳукумати Ҷумҳурии Тоҷикистон аз 26 феврали соли 2026, №98",False,,,Тоҷикӣ / Форсӣ,,
tj_f_rushanak_1042,1042,female,Женский,Духтарона,Р,Рушанак,Рушанак,Rushanak,РУШАНАК,РУШАНАК,RUSHANAK,True,"Қарори Ҳукумати Ҷумҳурии Тоҷикистон аз 26 феврали соли 2026, №98",False,,,Тоҷикӣ / Форсӣ,,
tj_f_rushanbonu_1043,1043,female,Женский,Духтарона,Р,Рушанбону,Рушанбону,Rushanbonu,РУШАНБОНУ,РУШАНБОНУ,RUSHANBONU,True,"Қарори Ҳукумати Ҷумҳурии Тоҷикистон аз 26 феврали соли 2026, №98",False,,,Тоҷикӣ / Форсӣ,,
tj_f_rushangul_1044,1044,female,Женский,Духтарона,Р,Рушангул,Рушангул,Rushangul,РУШАНГУЛ,РУШАНГУЛ,RUSHANGUL,True,"Қарори Ҳукумати Ҷумҳурии Тоҷикистон аз 26 феврали соли 2026, №98",False,,,Тоҷикӣ / Форсӣ,,
tj_f_rushanmehr_1045,1045,female,Женский,Духтарона,Р,Рушанмеҳр,Рушанмехр,Rushanmehr,РУШАНМЕҲР,РУШАНМЕХР,RUSHANMEHR,True,"Қарори Ҳукумати Ҷумҳурии Тоҷикистон аз 26 феврали соли 2026, №98",False,,,Тоҷикӣ / Форсӣ,,
tj_f_rushano_1046,1046,female,Женский,Духтарона,Р,Рушано,Рушано,Rushano,РУШАНО,РУШАНО,RUSHANO,True,"Қарори Ҳукумати Ҷумҳурии Тоҷикистон аз 26 феврали соли 2026, №98",False,,,Тоҷикӣ / Форсӣ,,
tj_f_rushanchehra_1047,1047,female,Женский,Духтарона,Р,Рушанчеҳра,Рушанчехра,Rushanchehra,РУШАНЧЕҲРА,РУШАНЧЕХРА,RUSHANCHEHRA,True,"Қарори Ҳукумати Ҷумҳурии Тоҷикистон аз 26 феврали соли 2026, №98",False,,,Тоҷикӣ / Форсӣ,,
tj_f_ruyo_1048,1048,female,Женский,Духтарона,Р,Руъё,Руъё,Ru`yo,РУЪЁ,РУЪЁ,RU`YO,True,"Қарори Ҳукумати Ҷумҳурии Тоҷикистон аз 26 феврали соли 2026, №98",False,,,Тоҷикӣ / Форсӣ,,
tj_f_ruzafzun_1049,1049,female,Женский,Духтарона,Р,Рӯзафзун,Рузафзун,Ruzafzun,РӮЗАФЗУН,РУЗАФЗУН,RUZAFZUN,True,"Қарори Ҳукумати Ҷумҳурии Тоҷикистон аз 26 феврали соли 2026, №98",False,,,Тоҷикӣ / Форсӣ,,
tj_f_ruzafsun_1050,1050,female,Женский,Духтарона,Р,Рӯзафсун,Рузафсун,Ruzafsun,РӮЗАФСУН,РУЗАФСУН,RUZAFSUN,True,"Қарори Ҳукумати Ҷумҳурии Тоҷикистон аз 26 феврали соли 2026, №98",False,,,Тоҷикӣ / Форсӣ,,
tj_f_ruzgun_1051,1051,female,Женский,Духтарона,Р,Рӯзгун,Рузгун,Ruzgun,РӮЗГУН,РУЗГУН,RUZGUN,True,"Қарори Ҳукумати Ҷумҳурии Тоҷикистон аз 26 феврали соли 2026, №98",False,,,Тоҷикӣ / Форсӣ,,
tj_f_ruzigul_1052,1052,female,Женский,Духтарона,Р,Рӯзигул,Рузигул,Ruzigul,РӮЗИГУЛ,РУЗИГУЛ,RUZIGUL,True,"Қарори Ҳукумати Ҷумҳурии Тоҷикистон аз 26 феврали соли 2026, №98",False,,,Тоҷикӣ / Форсӣ,,
tj_f_ruzchehra_1053,1053,female,Женский,Духтарона,Р,Рӯзчеҳра,Рузчехра,Ruzchehra,РӮЗЧЕҲРА,РУЗЧЕХРА,RUZCHEHRA,True,"Қарори Ҳукумати Ҷумҳурии Тоҷикистон аз 26 феврали соли 2026, №98",False,,,Тоҷикӣ / Форсӣ,,
tj_f_ruiyna_1054,1054,female,Женский,Духтарона,Р,Рӯйина,Руйина,Ruiyna,РӮЙИНА,РУЙИНА,RUIYNA,True,"Қарори Ҳукумати Ҷумҳурии Тоҷикистон аз 26 феврали соли 2026, №98",False,,,Тоҷикӣ / Форсӣ,,
tj_f_sabeha_1055,1055,female,Женский,Духтарона,С,Сабеҳа,Сабеха,Sabeha,САБЕҲА,САБЕХА,SABEHA,True,"Қарори Ҳукумати Ҷумҳурии Тоҷикистон аз 26 феврали соли 2026, №98",True,sabiha,"Красивая, утренняя (прекрасная как утро)",Арабское,красивая; свежая; утренняя; лучезарная; добрая,"Арабское صَبِيحَة (сабиха) — «красивая» и «утренняя (подобная утру)». «Субх» (утро) — символ обновления и надежды в исламе. Пророк часто делал дуа в «субхе» (до рассвета): «О Аллах, благослови нашу умму в её раннем утре». Утренний намаз (Фаджр) — наиболее ценный, так как ангелы меняются именно в это время (Сахих Бухари, Муслим). Имя несёт образ утренней свежести и красоты."
tj_f_sabzagul_1056,1056,female,Женский,Духтарона,С,Сабзагул,Сабзагул,Sabzagul,САБЗАГУЛ,САБЗАГУЛ,SABZAGUL,True,"Қарори Ҳукумати Ҷумҳурии Тоҷикистон аз 26 феврали соли 2026, №98",False,,,Тоҷикӣ / Форсӣ,,
tj_f_sabzbahor_1057,1057,female,Женский,Духтарона,С,Сабзбаҳор,Сабзбахор,Sabzbahor,САБЗБАҲОР,САБЗБАХОР,SABZBAHOR,True,"Қарори Ҳукумати Ҷумҳурии Тоҷикистон аз 26 феврали соли 2026, №98",False,,,Тоҷикӣ / Форсӣ,,
tj_f_sabzina_1058,1058,female,Женский,Духтарона,С,Сабзина,Сабзина,Sabzina,САБЗИНА,САБЗИНА,SABZINA,True,"Қарори Ҳукумати Ҷумҳурии Тоҷикистон аз 26 феврали соли 2026, №98",False,,,Тоҷикӣ / Форсӣ,,
tj_f_sabzpari_1059,1059,female,Женский,Духтарона,С,Сабзпарӣ,Сабзпари,Sabzpari,САБЗПАРӢ,САБЗПАРИ,SABZPARI,True,"Қарори Ҳукумати Ҷумҳурии Тоҷикистон аз 26 феврали соли 2026, №98",False,,,Тоҷикӣ / Форсӣ,,
tj_f_sabo_1060,1060,female,Женский,Духтарона,С,Сабо,Сабо,Sabo,САБО,САБО,SABO,True,"Қарори Ҳукумати Ҷумҳурии Тоҷикистон аз 26 феврали соли 2026, №98",False,,,Тоҷикӣ / Форсӣ,,
tj_f_sabohat_1061,1061,female,Женский,Духтарона,С,Сабоҳат,Сабохат,Sabohat,САБОҲАТ,САБОХАТ,SABOHAT,True,"Қарори Ҳукумати Ҷумҳурии Тоҷикистон аз 26 феврали соли 2026, №98",False,,,Тоҷикӣ / Форсӣ,,
tj_f_sabrina_1062,1062,female,Женский,Духтарона,С,Сабрина,Сабрина,Sabrina,САБРИНА,САБРИНА,SABRINA,True,"Қарори Ҳукумати Ҷумҳурии Тоҷикистон аз 26 феврали соли 2026, №98",False,,,Тоҷикӣ / Форсӣ,,
tj_f_sabriya_1063,1063,female,Женский,Духтарона,С,Сабрия,Сабрия,Sabriya,САБРИЯ,САБРИЯ,SABRIYA,True,"Қарори Ҳукумати Ҷумҳурии Тоҷикистон аз 26 феврали соли 2026, №98",False,,,Тоҷикӣ / Форсӣ,,
tj_f_sabrona_1064,1064,female,Женский,Духтарона,С,Саброна,Саброна,Sabrona,САБРОНА,САБРОНА,SABRONA,True,"Қарори Ҳукумати Ҷумҳурии Тоҷикистон аз 26 феврали соли 2026, №98",False,,,Тоҷикӣ / Форсӣ,,
tj_f_savlat_1065,1065,female,Женский,Духтарона,С,Савлат,Савлат,Savlat,САВЛАТ,САВЛАТ,SAVLAT,True,"Қарори Ҳукумати Ҷумҳурии Тоҷикистон аз 26 феврали соли 2026, №98",False,,,Тоҷикӣ / Форсӣ,,
tj_f_savrigul_1066,1066,female,Женский,Духтарона,С,Савригул,Савригул,Savrigul,САВРИГУЛ,САВРИГУЛ,SAVRIGUL,True,"Қарори Ҳукумати Ҷумҳурии Тоҷикистон аз 26 феврали соли 2026, №98",False,,,Тоҷикӣ / Форсӣ,,
tj_f_savriniso_1067,1067,female,Женский,Духтарона,С,Савринисо,Савринисо,Savriniso,САВРИНИСО,САВРИНИСО,SAVRINISO,True,"Қарори Ҳукумати Ҷумҳурии Тоҷикистон аз 26 феврали соли 2026, №98",False,,,Тоҷикӣ / Форсӣ,,
tj_f_savri_1068,1068,female,Женский,Духтарона,С,Саврӣ,Саври,Savri,САВРӢ,САВРИ,SAVRI,True,"Қарори Ҳукумати Ҷумҳурии Тоҷикистон аз 26 феврали соли 2026, №98",False,,,Тоҷикӣ / Форсӣ,,
tj_f_savsan_1069,1069,female,Женский,Духтарона,С,Савсан,Савсан,Savsan,САВСАН,САВСАН,SAVSAN,True,"Қарори Ҳукумати Ҷумҳурии Тоҷикистон аз 26 феврали соли 2026, №98",False,,,Тоҷикӣ / Форсӣ,,
tj_f_sada_1070,1070,female,Женский,Духтарона,С,Сада,Сада,Sada,САДА,САДА,SADA,True,"Қарори Ҳукумати Ҷумҳурии Тоҷикистон аз 26 феврали соли 2026, №98",False,,,Тоҷикӣ / Форсӣ,,
tj_f_sadaf_1071,1071,female,Женский,Духтарона,С,Садаф,Садаф,Sadaf,САДАФ,САДАФ,SADAF,True,"Қарори Ҳукумати Ҷумҳурии Тоҷикистон аз 26 феврали соли 2026, №98",False,,,Тоҷикӣ / Форсӣ,,
tj_f_sadafnamo_1072,1072,female,Женский,Духтарона,С,Садафнамо,Садафнамо,Sadafnamo,САДАФНАМО,САДАФНАМО,SADAFNAMO,True,"Қарори Ҳукумати Ҷумҳурии Тоҷикистон аз 26 феврали соли 2026, №98",False,,,Тоҷикӣ / Форсӣ,,
tj_f_sadbarg_1073,1073,female,Женский,Духтарона,С,Садбарг,Садбарг,Sadbarg,САДБАРГ,САДБАРГ,SADBARG,True,"Қарори Ҳукумати Ҷумҳурии Тоҷикистон аз 26 феврали соли 2026, №98",False,,,Тоҷикӣ / Форсӣ,,
tj_f_sadoqat_1074,1074,female,Женский,Духтарона,С,Садоқат,Садокат,Sadoqat,САДОҚАТ,САДОКАТ,SADOQAT,True,"Қарори Ҳукумати Ҷумҳурии Тоҷикистон аз 26 феврали соли 2026, №98",False,,,Тоҷикӣ / Форсӣ,,
tj_f_sayohat_1075,1075,female,Женский,Духтарона,С,Саёҳат,Саёхат,Sayohat,САЁҲАТ,САЁХАТ,SAYOHAT,True,"Қарори Ҳукумати Ҷумҳурии Тоҷикистон аз 26 феврали соли 2026, №98",False,,,Тоҷикӣ / Форсӣ,,
tj_f_sayyora_1076,1076,female,Женский,Духтарона,С,Сайёра,Сайёра,Sayyora,САЙЁРА,САЙЁРА,SAYYORA,True,"Қарори Ҳукумати Ҷумҳурии Тоҷикистон аз 26 феврали соли 2026, №98",False,,,Тоҷикӣ / Форсӣ,,
tj_f_sayli_1077,1077,female,Женский,Духтарона,С,Сайлӣ,Сайли,Sayli,САЙЛӢ,САЙЛИ,SAYLI,True,"Қарори Ҳукумати Ҷумҳурии Тоҷикистон аз 26 феврали соли 2026, №98",False,,,Тоҷикӣ / Форсӣ,,
tj_f_saylon_1078,1078,female,Женский,Духтарона,С,Сайлон,Сайлон,Saylon,САЙЛОН,САЙЛОН,SAYLON,True,"Қарори Ҳукумати Ҷумҳурии Тоҷикистон аз 26 феврали соли 2026, №98",False,,,Тоҷикӣ / Форсӣ,,
tj_f_sayram_1079,1079,female,Женский,Духтарона,С,Сайрам,Сайрам,Sayram,САЙРАМ,САЙРАМ,SAYRAM,True,"Қарори Ҳукумати Ҷумҳурии Тоҷикистон аз 26 феврали соли 2026, №98",False,,,Тоҷикӣ / Форсӣ,,
tj_f_sayron_1080,1080,female,Женский,Духтарона,С,Сайрон,Сайрон,Sayron,САЙРОН,САЙРОН,SAYRON,True,"Қарори Ҳукумати Ҷумҳурии Тоҷикистон аз 26 феврали соли 2026, №98",False,,,Тоҷикӣ / Форсӣ,,
tj_f_sayfura_1081,1081,female,Женский,Духтарона,С,Сайфура,Сайфура,Sayfura,САЙФУРА,САЙФУРА,SAYFURA,True,"Қарори Ҳукумати Ҷумҳурии Тоҷикистон аз 26 феврали соли 2026, №98",False,,,Тоҷикӣ / Форсӣ,,
tj_f_sakina_1082,1082,female,Женский,Духтарона,С,Сакина,Сакина,Sakina,САКИНА,САКИНА,SAKINA,True,"Қарори Ҳукумати Ҷумҳурии Тоҷикистон аз 26 феврали соли 2026, №98",True,sakina,"Покой, умиротворение (особый Божественный покой)",Арабское,умиротворённая; спокойная; духовная; нежная; добрая,"Арабское سَكِينَة (сакина) — «Божественный покой, умиротворение». В Коране «сакина» ниспосылается в трёх местах: в сердца верующих (48:4,18,26), в Ковчег завета (2:248). Понятие однокоренное с «шехина» (ивр. — Присутствие Бога). Сакина бинт Хусайн — правнучка Пророка; её салон в Медине посещали поэты и учёные. Имя несёт образ исходящего от Аллаха внутреннего покоя."
tj_f_salima_1083,1083,female,Женский,Духтарона,С,Салима,Салима,Salima,САЛИМА,САЛИМА,SALIMA,True,"Қарори Ҳукумати Ҷумҳурии Тоҷикистон аз 26 феврали соли 2026, №98",False,,,Тоҷикӣ / Форсӣ,,
tj_f_salomat_1084,1084,female,Женский,Духтарона,С,Саломат,Саломат,Salomat,САЛОМАТ,САЛОМАТ,SALOMAT,True,"Қарори Ҳукумати Ҷумҳурии Тоҷикистон аз 26 феврали соли 2026, №98",False,,,Тоҷикӣ / Форсӣ,,
tj_f_saltanat_1085,1085,female,Женский,Духтарона,С,Салтанат,Салтанат,Saltanat,САЛТАНАТ,САЛТАНАТ,SALTANAT,True,"Қарори Ҳукумати Ҷумҳурии Тоҷикистон аз 26 феврали соли 2026, №98",False,,,Тоҷикӣ / Форсӣ,,
tj_f_saman_1086,1086,female,Женский,Духтарона,С,Саман,Саман,Saman,САМАН,САМАН,SAMAN,True,"Қарори Ҳукумати Ҷумҳурии Тоҷикистон аз 26 феврали соли 2026, №98",False,,,Тоҷикӣ / Форсӣ,,
tj_f_samanbar_1087,1087,female,Женский,Духтарона,С,Саманбар,Саманбар,Samanbar,САМАНБАР,САМАНБАР,SAMANBAR,True,"Қарори Ҳукумати Ҷумҳурии Тоҷикистон аз 26 феврали соли 2026, №98",False,,,Тоҷикӣ / Форсӣ,,
tj_f_samanbu_1088,1088,female,Женский,Духтарона,С,Саманбӯ,Саманбу,Samanbu,САМАНБӮ,САМАНБУ,SAMANBU,True,"Қарори Ҳукумати Ҷумҳурии Тоҷикистон аз 26 феврали соли 2026, №98",False,,,Тоҷикӣ / Форсӣ,,
tj_f_samandis_1089,1089,female,Женский,Духтарона,С,Самандис,Самандис,Samandis,САМАНДИС,САМАНДИС,SAMANDIS,True,"Қарори Ҳукумати Ҷумҳурии Тоҷикистон аз 26 феврали соли 2026, №98",False,,,Тоҷикӣ / Форсӣ,,
tj_f_samannoz_1090,1090,female,Женский,Духтарона,С,Саманноз,Саманноз,Samannoz,САМАННОЗ,САМАННОЗ,SAMANNOZ,True,"Қарори Ҳукумати Ҷумҳурии Тоҷикистон аз 26 феврали соли 2026, №98",False,,,Тоҷикӣ / Форсӣ,,
tj_f_samanrukh_1091,1091,female,Женский,Духтарона,С,Саманрух,Саманрух,Samanrukh,САМАНРУХ,САМАНРУХ,SAMANRUKH,True,"Қарори Ҳукумати Ҷумҳурии Тоҷикистон аз 26 феврали соли 2026, №98",False,,,Тоҷикӣ / Форсӣ,,
tj_f_samin_1092,1092,female,Женский,Духтарона,С,Самин,Самин,Samin,САМИН,САМИН,SAMIN,True,"Қарори Ҳукумати Ҷумҳурии Тоҷикистон аз 26 феврали соли 2026, №98",False,,,Тоҷикӣ / Форсӣ,,
tj_f_samin_1093,1093,female,Женский,Духтарона,С,Самина,Самина,Saminа,САМИНА,САМИНА,SAMINА,True,"Қарори Ҳукумати Ҷумҳурии Тоҷикистон аз 26 феврали соли 2026, №98",False,,,Тоҷикӣ / Форсӣ,,
tj_f_samira_1094,1094,female,Женский,Духтарона,С,Самира,Самира,Samira,САМИРА,САМИРА,SAMIRA,True,"Қарори Ҳукумати Ҷумҳурии Тоҷикистон аз 26 феврали соли 2026, №98",True,samira,"Собеседница, развлекающая разговором ночью",Арабское,умная; красивая; общительная; добрая; жизнерадостная,"От арабского سميرة — женская форма от «Самир» («тот, кто развлекает собеседников ночью рассказами»). В арабской культуре «самар» — вечерняя беседа под звёздами — была одним из высших искусств. Имя несёт в себе образ женщины, чья мудрость и красноречие освещают ночи как звёзды."
tj_f_samiron_1095,1095,female,Женский,Духтарона,С,Самирон,Самирон,Samiron,САМИРОН,САМИРОН,SAMIRON,True,"Қарори Ҳукумати Ҷумҳурии Тоҷикистон аз 26 феврали соли 2026, №98",False,,,Тоҷикӣ / Форсӣ,,
tj_f_samo_1096,1096,female,Женский,Духтарона,С,Само,Само,Samo,САМО,САМО,SAMO,True,"Қарори Ҳукумати Ҷумҳурии Тоҷикистон аз 26 феврали соли 2026, №98",False,,,Тоҷикӣ / Форсӣ,,
tj_f_sanavbar_1097,1097,female,Женский,Духтарона,С,Санавбар,Санавбар,Sanavbar,САНАВБАР,САНАВБАР,SANAVBAR,True,"Қарори Ҳукумати Ҷумҳурии Тоҷикистон аз 26 феврали соли 2026, №98",False,,,Тоҷикӣ / Форсӣ,,
tj_f_sanam_1098,1098,female,Женский,Духтарона,С,Санам,Санам,Sanam,САНАМ,САНАМ,SANAM,True,"Қарори Ҳукумати Ҷумҳурии Тоҷикистон аз 26 феврали соли 2026, №98",False,,,Тоҷикӣ / Форсӣ,,
tj_f_sanifa_1099,1099,female,Женский,Духтарона,С,Санифа,Санифа,Sanifa,САНИФА,САНИФА,SANIFA,True,"Қарори Ҳукумати Ҷумҳурии Тоҷикистон аз 26 феврали соли 2026, №98",False,,,Тоҷикӣ / Форсӣ,,
tj_f_saodat_1100,1100,female,Женский,Духтарона,С,Саодат,Саодат,Saodat,САОДАТ,САОДАТ,SAODAT,True,"Қарори Ҳукумати Ҷумҳурии Тоҷикистон аз 26 феврали соли 2026, №98",False,,,Тоҷикӣ / Форсӣ,,
tj_f_sapeda_1101,1101,female,Женский,Духтарона,С,Сапеда,Сапеда,Sapeda,САПЕДА,САПЕДА,SAPEDA,True,"Қарори Ҳукумати Ҷумҳурии Тоҷикистон аз 26 феврали соли 2026, №98",False,,,Тоҷикӣ / Форсӣ,,
tj_f_sarv_1102,1102,female,Женский,Духтарона,С,Сарв,Сарв,Sarv,САРВ,САРВ,SARV,True,"Қарори Ҳукумати Ҷумҳурии Тоҷикистон аз 26 феврали соли 2026, №98",False,,,Тоҷикӣ / Форсӣ,,
tj_f_sarvbonu_1103,1103,female,Женский,Духтарона,С,Сарвбону,Сарвбону,Sarvbonu,САРВБОНУ,САРВБОНУ,SARVBONU,True,"Қарори Ҳукумати Ҷумҳурии Тоҷикистон аз 26 феврали соли 2026, №98",False,,,Тоҷикӣ / Форсӣ,,
tj_f_sarvin_1104,1104,female,Женский,Духтарона,С,Сарвин,Сарвин,Sarvin,САРВИН,САРВИН,SARVIN,True,"Қарори Ҳукумати Ҷумҳурии Тоҷикистон аз 26 феврали соли 2026, №98",False,,,Тоҷикӣ / Форсӣ,,
tj_f_sarvina_1105,1105,female,Женский,Духтарона,С,Сарвина,Сарвина,Sarvina,САРВИНА,САРВИНА,SARVINA,True,"Қарори Ҳукумати Ҷумҳурии Тоҷикистон аз 26 феврали соли 2026, №98",False,,,Тоҷикӣ / Форсӣ,,
tj_f_sarvinoz_1106,1106,female,Женский,Духтарона,С,Сарвиноз,Сарвиноз,Sarvinoz,САРВИНОЗ,САРВИНОЗ,SARVINOZ,True,"Қарори Ҳукумати Ҷумҳурии Тоҷикистон аз 26 феврали соли 2026, №98",False,,,Тоҷикӣ / Форсӣ,,
tj_f_sarvo_1107,1107,female,Женский,Духтарона,С,Сарво,Сарво,Sarvo,САРВО,САРВО,SARVO,True,"Қарори Ҳукумати Ҷумҳурии Тоҷикистон аз 26 феврали соли 2026, №98",False,,,Тоҷикӣ / Форсӣ,,
tj_f_sarvoda_1108,1108,female,Женский,Духтарона,С,Сарвода,Сарвода,Sarvoda,САРВОДА,САРВОДА,SARVODA,True,"Қарори Ҳукумати Ҷумҳурии Тоҷикистон аз 26 феврали соли 2026, №98",False,,,Тоҷикӣ / Форсӣ,,
tj_f_sarmina_1109,1109,female,Женский,Духтарона,С,Сармина,Сармина,Sarmina,САРМИНА,САРМИНА,SARMINA,True,"Қарори Ҳукумати Ҷумҳурии Тоҷикистон аз 26 феврали соли 2026, №98",False,,,Тоҷикӣ / Форсӣ,,
tj_f_safina_1110,1110,female,Женский,Духтарона,С,Сафина,Сафина,Safina,САФИНА,САФИНА,SAFINA,True,"Қарори Ҳукумати Ҷумҳурии Тоҷикистон аз 26 феврали соли 2026, №98",False,,,Тоҷикӣ / Форсӣ,,
tj_f_safiya_1111,1111,female,Женский,Духтарона,С,Сафия,Сафия,Safiya,САФИЯ,САФИЯ,SAFIYA,True,"Қарори Ҳукумати Ҷумҳурии Тоҷикистон аз 26 феврали соли 2026, №98",True,safiya,"Чистая, избранная, лучшая подруга",Арабское,красивая; мудрая; верующая; чистая,"Жена Пророка Мухаммада, потомок пророков Мусы и Харуна. Символ благородства и мудрости."
tj_f_sabagul_1112,1112,female,Женский,Духтарона,С,Саъбагул,Саъбагул,Saʼbagul,САЪБАГУЛ,САЪБАГУЛ,SAʼBAGUL,True,"Қарори Ҳукумати Ҷумҳурии Тоҷикистон аз 26 феврали соли 2026, №98",False,,,Тоҷикӣ / Форсӣ,,
tj_f_sebarga_1113,1113,female,Женский,Духтарона,С,Себарга,Себарга,Sebarga,СЕБАРГА,СЕБАРГА,SEBARGA,True,"Қарори Ҳукумати Ҷумҳурии Тоҷикистон аз 26 феврали соли 2026, №98",False,,,Тоҷикӣ / Форсӣ,,
tj_f_sevino_1114,1114,female,Женский,Духтарона,С,Севино,Севино,Sevino,СЕВИНО,СЕВИНО,SEVINO,True,"Қарори Ҳукумати Ҷумҳурии Тоҷикистон аз 26 феврали соли 2026, №98",False,,,Тоҷикӣ / Форсӣ,,
tj_f_senizha_1115,1115,female,Женский,Духтарона,С,Сенижа,Сенижа,Senizha,СЕНИЖА,СЕНИЖА,SENIZHA,True,"Қарори Ҳукумати Ҷумҳурии Тоҷикистон аз 26 феврали соли 2026, №98",False,,,Тоҷикӣ / Форсӣ,,
tj_f_sepino_1116,1116,female,Женский,Духтарона,С,Сепино,Сепино,Sepino,СЕПИНО,СЕПИНО,SEPINO,True,"Қарори Ҳукумати Ҷумҳурии Тоҷикистон аз 26 феврали соли 2026, №98",False,,,Тоҷикӣ / Форсӣ,,
tj_f_silsila_1117,1117,female,Женский,Духтарона,С,Силсила,Силсила,Silsila,СИЛСИЛА,СИЛСИЛА,SILSILA,True,"Қарори Ҳукумати Ҷумҳурии Тоҷикистон аз 26 феврали соли 2026, №98",False,,,Тоҷикӣ / Форсӣ,,
tj_f_simguna_1118,1118,female,Женский,Духтарона,С,Симгуна,Симгуна,Simguna,СИМГУНА,СИМГУНА,SIMGUNA,True,"Қарори Ҳукумати Ҷумҳурии Тоҷикистон аз 26 феврали соли 2026, №98",False,,,Тоҷикӣ / Форсӣ,,
tj_f_simin_1119,1119,female,Женский,Духтарона,С,Симин,Симин,Simin,СИМИН,СИМИН,SIMIN,True,"Қарори Ҳукумати Ҷумҳурии Тоҷикистон аз 26 феврали соли 2026, №98",False,,,Тоҷикӣ / Форсӣ,,
tj_f_simina_1120,1120,female,Женский,Духтарона,С,Симина,Симина,Simina,СИМИНА,СИМИНА,SIMINA,True,"Қарори Ҳукумати Ҷумҳурии Тоҷикистон аз 26 феврали соли 2026, №98",False,,,Тоҷикӣ / Форсӣ,,
tj_f_siminbar_1121,1121,female,Женский,Духтарона,С,Симинбар,Симинбар,Siminbar,СИМИНБАР,СИМИНБАР,SIMINBAR,True,"Қарори Ҳукумати Ҷумҳурии Тоҷикистон аз 26 феврали соли 2026, №98",False,,,Тоҷикӣ / Форсӣ,,
tj_f_sirumehr_1122,1122,female,Женский,Духтарона,С,Сирумеҳр,Сирумехр,Sirumehr,СИРУМЕҲР,СИРУМЕХР,SIRUMEHR,True,"Қарори Ҳукумати Ҷумҳурии Тоҷикистон аз 26 феврали соли 2026, №98",False,,,Тоҷикӣ / Форсӣ,,
tj_f_sito_1123,1123,female,Женский,Духтарона,С,Сито,Сито,Sito,СИТО,СИТО,SITO,True,"Қарори Ҳукумати Ҷумҳурии Тоҷикистон аз 26 феврали соли 2026, №98",False,,,Тоҷикӣ / Форсӣ,,
tj_f_sitoish_1124,1124,female,Женский,Духтарона,С,Ситоиш,Ситоиш,Sitoish,СИТОИШ,СИТОИШ,SITOISH,True,"Қарори Ҳукумати Ҷумҳурии Тоҷикистон аз 26 феврали соли 2026, №98",False,,,Тоҷикӣ / Форсӣ,,
tj_f_sitoman_1125,1125,female,Женский,Духтарона,С,Ситоман,Ситоман,Sitoman,СИТОМАН,СИТОМАН,SITOMAN,True,"Қарори Ҳукумати Ҷумҳурии Тоҷикистон аз 26 феврали соли 2026, №98",False,,,Тоҷикӣ / Форсӣ,,
tj_f_sitora_1126,1126,female,Женский,Духтарона,С,Ситора,Ситора,Sitora,СИТОРА,СИТОРА,SITORA,True,"Қарори Ҳукумати Ҷумҳурии Тоҷикистон аз 26 феврали соли 2026, №98",False,,,Тоҷикӣ / Форсӣ,,
tj_f_situda_1127,1127,female,Женский,Духтарона,С,Ситуда,Ситуда,Situda,СИТУДА,СИТУДА,SITUDA,True,"Қарори Ҳукумати Ҷумҳурии Тоҷикистон аз 26 феврали соли 2026, №98",False,,,Тоҷикӣ / Форсӣ,,
tj_f_sifatoro_1128,1128,female,Женский,Духтарона,С,Сифаторо,Сифаторо,Sifatoro,СИФАТОРО,СИФАТОРО,SIFATORO,True,"Қарори Ҳукумати Ҷумҳурии Тоҷикистон аз 26 феврали соли 2026, №98",False,,,Тоҷикӣ / Форсӣ,,
tj_f_sobira_1129,1129,female,Женский,Духтарона,С,Собира,Собира,Sobira,СОБИРА,СОБИРА,SOBIRA,True,"Қарори Ҳукумати Ҷумҳурии Тоҷикистон аз 26 феврали соли 2026, №98",False,,,Тоҷикӣ / Форсӣ,,
tj_f_sovang_1130,1130,female,Женский,Духтарона,С,Сованг,Сованг,Sovang,СОВАНГ,СОВАНГ,SOVANG,True,"Қарори Ҳукумати Ҷумҳурии Тоҷикистон аз 26 феврали соли 2026, №98",False,,,Тоҷикӣ / Форсӣ,,
tj_f_soviz_1131,1131,female,Женский,Духтарона,С,Совиз,Совиз,Soviz,СОВИЗ,СОВИЗ,SOVIZ,True,"Қарори Ҳукумати Ҷумҳурии Тоҷикистон аз 26 феврали соли 2026, №98",False,,,Тоҷикӣ / Форсӣ,,
tj_f_sovis_1132,1132,female,Женский,Духтарона,С,Совис,Совис,Sovis,СОВИС,СОВИС,SOVIS,True,"Қарори Ҳукумати Ҷумҳурии Тоҷикистон аз 26 феврали соли 2026, №98",False,,,Тоҷикӣ / Форсӣ,,
tj_f_soino_1133,1133,female,Женский,Духтарона,С,Соино,Соино,Soino,СОИНО,СОИНО,SOINO,True,"Қарори Ҳукумати Ҷумҳурии Тоҷикистон аз 26 феврали соли 2026, №98",False,,,Тоҷикӣ / Форсӣ,,
tj_f_sokina_1134,1134,female,Женский,Духтарона,С,Сокина,Сокина,Sokina,СОКИНА,СОКИНА,SOKINA,True,"Қарори Ҳукумати Ҷумҳурии Тоҷикистон аз 26 феврали соли 2026, №98",True,sakina,"Покой, умиротворение (особый Божественный покой)",Арабское,умиротворённая; спокойная; духовная; нежная; добрая,"Арабское سَكِينَة (сакина) — «Божественный покой, умиротворение». В Коране «сакина» ниспосылается в трёх местах: в сердца верующих (48:4,18,26), в Ковчег завета (2:248). Понятие однокоренное с «шехина» (ивр. — Присутствие Бога). Сакина бинт Хусайн — правнучка Пророка; её салон в Медине посещали поэты и учёные. Имя несёт образ исходящего от Аллаха внутреннего покоя."
tj_f_solha_1135,1135,female,Женский,Духтарона,С,Солеҳа,Солеха,Solеha,СОЛЕҲА,СОЛЕХА,SOLЕHA,True,"Қарори Ҳукумати Ҷумҳурии Тоҷикистон аз 26 феврали соли 2026, №98",True,saliha,"Праведная, добродетельная",Арабское,праведная; добродетельная; богобоязненная; добрая; честная,"Женская форма от صَالِح (салих) — «праведный»: صَالِحَة (салиха). В Коране «амаль салих» (праведное деяние) упоминается более 70 раз — основа веры. (2:25): «Тех, которые уверовали и совершали праведные деяния (الصَّالِحَاتِ), обрадуй...». Пророк на вопрос о лучшем имуществе ответил: «Язык, поминающий Аллаха, благодарное сердце и жена праведная (زَوْجَةٌ صَالِحَة), которая помогает в делах (хадис)»."
tj_f_sonuvo_1136,1136,female,Женский,Духтарона,С,Сонуво,Сонуво,Sonuvo,СОНУВО,СОНУВО,SONUVO,True,"Қарори Ҳукумати Ҷумҳурии Тоҷикистон аз 26 феврали соли 2026, №98",False,,,Тоҷикӣ / Форсӣ,,
tj_f_soro_1137,1137,female,Женский,Духтарона,С,Соро,Соро,Soro,СОРО,СОРО,SORO,True,"Қарори Ҳукумати Ҷумҳурии Тоҷикистон аз 26 феврали соли 2026, №98",True,sara,"Принцесса, знатная госпожа",Древнееврейское,благородная; красивая; верующая; мудрая; добрая,"От древнееврейского שָׂרָה (Śārāh) — «госпожа, принцесса». Сара — жена пророка Ибрахима (Авраама), упомянутая в Коране косвенно как «жена Ибрахима», которой ангелы возвестили о рождении Исхака (сура «Худ», 11:71). В исламской традиции Сара почитается как праведная женщина, претерпевшая многие испытания и сохранившая твёрдую веру."
tj_f_sofiya_1138,1138,female,Женский,Духтарона,С,София,София,Sofiya,СОФИЯ,СОФИЯ,SOFIYA,True,"Қарори Ҳукумати Ҷумҳурии Тоҷикистон аз 26 феврали соли 2026, №98",True,sofia,Мудрость,Греческое,умная; мудрая; красивая; нежная,От греческого Σοφία — «мудрость». В честь этого имени назван знаменитый собор Святой Софии в Стамбуле. Сейчас — одно из самых популярных имён в мире.
tj_f_sohibtoj_1139,1139,female,Женский,Духтарона,С,Соҳибтоҷ,Сохибтодж,Sohibtoj,СОҲИБТОҶ,СОХИБТОДЖ,SOHIBTOJ,True,"Қарори Ҳукумати Ҷумҳурии Тоҷикистон аз 26 феврали соли 2026, №98",False,,,Тоҷикӣ / Форсӣ,,
tj_f_sohibjamol_1140,1140,female,Женский,Духтарона,С,Соҳибҷамол,Сохибджамол,Sohibjamol,СОҲИБҶАМОЛ,СОХИБДЖАМОЛ,SOHIBJAMOL,True,"Қарори Ҳукумати Ҷумҳурии Тоҷикистон аз 26 феврали соли 2026, №98",False,,,Тоҷикӣ / Форсӣ,,
tj_f_subhiniso_1141,1141,female,Женский,Духтарона,С,Субҳинисо,Субхинисо,Subhiniso,СУБҲИНИСО,СУБХИНИСО,SUBHINISO,True,"Қарори Ҳукумати Ҷумҳурии Тоҷикистон аз 26 феврали соли 2026, №98",False,,,Тоҷикӣ / Форсӣ,,
tj_f_subhiya_1142,1142,female,Женский,Духтарона,С,Субҳия,Субхия,Subhiya,СУБҲИЯ,СУБХИЯ,SUBHIYA,True,"Қарори Ҳукумати Ҷумҳурии Тоҷикистон аз 26 феврали соли 2026, №98",False,,,Тоҷикӣ / Форсӣ,,
tj_f_subhoro_1143,1143,female,Женский,Духтарона,С,Субҳоро,Субхоро,Subhoro,СУБҲОРО,СУБХОРО,SUBHORO,True,"Қарори Ҳукумати Ҷумҳурии Тоҷикистон аз 26 феврали соли 2026, №98",False,,,Тоҷикӣ / Форсӣ,,
tj_f_suvono_1144,1144,female,Женский,Духтарона,С,Сувоно,Сувоно,Suvono,СУВОНО,СУВОНО,SUVONO,True,"Қарори Ҳукумати Ҷумҳурии Тоҷикистон аз 26 феврали соли 2026, №98",False,,,Тоҷикӣ / Форсӣ,,
tj_f_sughdiyona_1145,1145,female,Женский,Духтарона,С,Суғдиёна,Сугдиёна,Sughdiyona,СУҒДИЁНА,СУГДИЁНА,SUGHDIYONA,True,"Қарори Ҳукумати Ҷумҳурии Тоҷикистон аз 26 феврали соли 2026, №98",False,,,Тоҷикӣ / Форсӣ,,
tj_f_sughdiya_1146,1146,female,Женский,Духтарона,С,Суғдия,Сугдия,Sughdiya,СУҒДИЯ,СУГДИЯ,SUGHDIYA,True,"Қарори Ҳукумати Ҷумҳурии Тоҷикистон аз 26 феврали соли 2026, №98",False,,,Тоҷикӣ / Форсӣ,,
tj_f_sughdoro_1147,1147,female,Женский,Духтарона,С,Суғдоро,Сугдоро,Sughdoro,СУҒДОРО,СУГДОРО,SUGHDORO,True,"Қарори Ҳукумати Ҷумҳурии Тоҷикистон аз 26 феврали соли 2026, №98",False,,,Тоҷикӣ / Форсӣ,,
tj_f_sudoba_1148,1148,female,Женский,Духтарона,С,Судоба,Судоба,Sudoba,СУДОБА,СУДОБА,SUDOBA,True,"Қарори Ҳукумати Ҷумҳурии Тоҷикистон аз 26 феврали соли 2026, №98",False,,,Тоҷикӣ / Форсӣ,,
tj_f_sulhiya_1149,1149,female,Женский,Духтарона,С,Сулҳия,Сулхия,Sulhiya,СУЛҲИЯ,СУЛХИЯ,SULHIYA,True,"Қарори Ҳукумати Ҷумҳурии Тоҷикистон аз 26 феврали соли 2026, №98",False,,,Тоҷикӣ / Форсӣ,,
tj_f_suman_1150,1150,female,Женский,Духтарона,С,Суман,Суман,Suman,СУМАН,СУМАН,SUMAN,True,"Қарори Ҳукумати Ҷумҳурии Тоҷикистон аз 26 феврали соли 2026, №98",False,,,Тоҷикӣ / Форсӣ,,
tj_f_sumanbar_1151,1151,female,Женский,Духтарона,С,Суманбар,Суманбар,Sumanbar,СУМАНБАР,СУМАНБАР,SUMANBAR,True,"Қарори Ҳукумати Ҷумҳурии Тоҷикистон аз 26 феврали соли 2026, №98",False,,,Тоҷикӣ / Форсӣ,,
tj_f_sumanbu_1152,1152,female,Женский,Духтарона,С,Суманбӯ,Суманбу,Sumanbu,СУМАНБӮ,СУМАНБУ,SUMANBU,True,"Қарори Ҳукумати Ҷумҳурии Тоҷикистон аз 26 феврали соли 2026, №98",False,,,Тоҷикӣ / Форсӣ,,
tj_f_sumanbuy_1153,1153,female,Женский,Духтарона,С,Суманбӯй,Суманбуй,Sumanbuy,СУМАНБӮЙ,СУМАНБУЙ,SUMANBUY,True,"Қарори Ҳукумати Ҷумҳурии Тоҷикистон аз 26 феврали соли 2026, №98",False,,,Тоҷикӣ / Форсӣ,,
tj_f_sumangul_1154,1154,female,Женский,Духтарона,С,Сумангул,Сумангул,Sumangul,СУМАНГУЛ,СУМАНГУЛ,SUMANGUL,True,"Қарори Ҳукумати Ҷумҳурии Тоҷикистон аз 26 феврали соли 2026, №98",False,,,Тоҷикӣ / Форсӣ,,
tj_f_sumannoz_1155,1155,female,Женский,Духтарона,С,Суманноз,Суманноз,Sumannoz,СУМАННОЗ,СУМАННОЗ,SUMANNOZ,True,"Қарори Ҳукумати Ҷумҳурии Тоҷикистон аз 26 феврали соли 2026, №98",False,,,Тоҷикӣ / Форсӣ,,
tj_f_sumanso_1156,1156,female,Женский,Духтарона,С,Сумансо,Сумансо,Sumanso,СУМАНСО,СУМАНСО,SUMANSO,True,"Қарори Ҳукумати Ҷумҳурии Тоҷикистон аз 26 феврали соли 2026, №98",False,,,Тоҷикӣ / Форсӣ,,
tj_f_sunbul_1157,1157,female,Женский,Духтарона,С,Сунбул,Сунбул,Sunbul,СУНБУЛ,СУНБУЛ,SUNBUL,True,"Қарори Ҳукумати Ҷумҳурии Тоҷикистон аз 26 феврали соли 2026, №98",False,,,Тоҷикӣ / Форсӣ,,
tj_f_sunbula_1158,1158,female,Женский,Духтарона,С,Сунбула,Сунбула,Sunbula,СУНБУЛА,СУНБУЛА,SUNBULA,True,"Қарори Ҳукумати Ҷумҳурии Тоҷикистон аз 26 феврали соли 2026, №98",False,,,Тоҷикӣ / Форсӣ,,
tj_f_surayo_1159,1159,female,Женский,Духтарона,С,Сурайё,Сурайё,Surayo,СУРАЙЁ,СУРАЙЁ,SURAYO,True,"Қарори Ҳукумати Ҷумҳурии Тоҷикистон аз 26 феврали соли 2026, №98",False,,,Тоҷикӣ / Форсӣ,,
tj_f_susan_1160,1160,female,Женский,Духтарона,С,Сусан,Сусан,Susan,СУСАН,СУСАН,SUSAN,True,"Қарори Ҳукумати Ҷумҳурии Тоҷикистон аз 26 феврали соли 2026, №98",False,,,Тоҷикӣ / Форсӣ,,
tj_f_sukhanoro_1161,1161,female,Женский,Духтарона,С,Суханоро,Суханоро,Sukhanoro,СУХАНОРО,СУХАНОРО,SUKHANORO,True,"Қарори Ҳукумати Ҷумҳурии Тоҷикистон аз 26 феврали соли 2026, №98",False,,,Тоҷикӣ / Форсӣ,,
tj_f_suhayl_1162,1162,female,Женский,Духтарона,С,Суҳайло,Сухайло,Suhaylо,СУҲАЙЛО,СУХАЙЛО,SUHAYLО,True,"Қарори Ҳукумати Ҷумҳурии Тоҷикистон аз 26 феврали соли 2026, №98",False,,,Тоҷикӣ / Форсӣ,,
tj_f_tabassum_1163,1163,female,Женский,Духтарона,Т,Табассум,Табассум,Tabassum,ТАБАССУМ,ТАБАССУМ,TABASSUM,True,"Қарори Ҳукумати Ҷумҳурии Тоҷикистон аз 26 феврали соли 2026, №98",True,tabassum,Улыбка,Арабское,улыбчивая; радостная; добросердечная; нежная; обаятельная,"Арабское تَبَسُّم (табассум) — «улыбка». «Табассама» — «слегка улыбнуться». В исламе улыбка — форма садаки (пожертвования): «Улыбка в лицо брату твоему — садака» (Тирмизи). Пророк Мухаммад слыл самым улыбчивым: «Я не видел никого более улыбающегося, чем Посланник Аллаха» (Тирмизи). Коран (27:19) описывает пророка Сулеймана, услышавшего речь муравья: «Он улыбнулся (تَبَسَّمَ), рассмеялся над её словами»."
tj_f_tazarv_1164,1164,female,Женский,Духтарона,Т,Тазарв,Тазарв,Tazarv,ТАЗАРВ,ТАЗАРВ,TAZARV,True,"Қарори Ҳукумати Ҷумҳурии Тоҷикистон аз 26 феврали соли 2026, №98",False,,,Тоҷикӣ / Форсӣ,,
tj_f_tamanno_1165,1165,female,Женский,Духтарона,Т,Таманно,Таманно,Tamanno,ТАМАННО,ТАМАННО,TAMANNO,True,"Қарори Ҳукумати Ҷумҳурии Тоҷикистон аз 26 феврали соли 2026, №98",False,,,Тоҷикӣ / Форсӣ,,
tj_f_tannoz_1166,1166,female,Женский,Духтарона,Т,Танноз,Танноз,Tannoz,ТАННОЗ,ТАННОЗ,TANNOZ,True,"Қарори Ҳукумати Ҷумҳурии Тоҷикистон аз 26 феврали соли 2026, №98",False,,,Тоҷикӣ / Форсӣ,,
tj_f_tarona_1167,1167,female,Женский,Духтарона,Т,Тарона,Тарона,Tarona,ТАРОНА,ТАРОНА,TARONA,True,"Қарори Ҳукумати Ҷумҳурии Тоҷикистон аз 26 феврали соли 2026, №98",False,,,Тоҷикӣ / Форсӣ,,
tj_f_taskina_1168,1168,female,Женский,Духтарона,Т,Таскина,Таскина,Taskina,ТАСКИНА,ТАСКИНА,TASKINA,True,"Қарори Ҳукумати Ҷумҳурии Тоҷикистон аз 26 феврали соли 2026, №98",False,,,Тоҷикӣ / Форсӣ,,
tj_f_tahmina_1169,1169,female,Женский,Духтарона,Т,Таҳмина,Тахмина,Tahmina,ТАҲМИНА,ТАХМИНА,TAHMINA,True,"Қарори Ҳукумати Ҷумҳурии Тоҷикистон аз 26 феврали соли 2026, №98",False,,,Тоҷикӣ / Форсӣ,,
tj_f_tahniyat_1170,1170,female,Женский,Духтарона,Т,Таҳният,Тахният,Tahniyat,ТАҲНИЯТ,ТАХНИЯТ,TAHNIYAT,True,"Қарори Ҳукумати Ҷумҳурии Тоҷикистон аз 26 феврали соли 2026, №98",False,,,Тоҷикӣ / Форсӣ,,
tj_f_tiyono_1171,1171,female,Женский,Духтарона,Т,Тиёно,Тиёно,Tiyono,ТИЁНО,ТИЁНО,TIYONO,True,"Қарори Ҳукумати Ҷумҳурии Тоҷикистон аз 26 феврали соли 2026, №98",False,,,Тоҷикӣ / Форсӣ,,
tj_f_tillo_1172,1172,female,Женский,Духтарона,Т,Тилло,Тилло,Tillo,ТИЛЛО,ТИЛЛО,TILLO,True,"Қарори Ҳукумати Ҷумҳурии Тоҷикистон аз 26 феврали соли 2026, №98",False,,,Тоҷикӣ / Форсӣ,,
tj_f_tiroz_1173,1173,female,Женский,Духтарона,Т,Тироз,Тироз,Tiroz,ТИРОЗ,ТИРОЗ,TIROZ,True,"Қарори Ҳукумати Ҷумҳурии Тоҷикистон аз 26 феврали соли 2026, №98",False,,,Тоҷикӣ / Форсӣ,,
tj_f_tobnda_1174,1174,female,Женский,Духтарона,Т,Тобанда,Тобанда,Tobаnda,ТОБАНДА,ТОБАНДА,TOBАNDA,True,"Қарори Ҳукумати Ҷумҳурии Тоҷикистон аз 26 феврали соли 2026, №98",False,,,Тоҷикӣ / Форсӣ,,
tj_f_tobon_1175,1175,female,Женский,Духтарона,Т,Тобон,Тобон,Tobon,ТОБОН,ТОБОН,TOBON,True,"Қарори Ҳукумати Ҷумҳурии Тоҷикистон аз 26 феврали соли 2026, №98",False,,,Тоҷикӣ / Форсӣ,,
tj_f_tobonmehr_1176,1176,female,Женский,Духтарона,Т,Тобонмеҳр,Тобонмехр,Tobonmehr,ТОБОНМЕҲР,ТОБОНМЕХР,TOBONMEHR,True,"Қарори Ҳукумати Ҷумҳурии Тоҷикистон аз 26 феврали соли 2026, №98",False,,,Тоҷикӣ / Форсӣ,,
tj_f_tobonchehr_1177,1177,female,Женский,Духтарона,Т,Тобончеҳр,Тобончехр,Tobonchehr,ТОБОНЧЕҲР,ТОБОНЧЕХР,TOBONCHEHR,True,"Қарори Ҳукумати Ҷумҳурии Тоҷикистон аз 26 феврали соли 2026, №98",False,,,Тоҷикӣ / Форсӣ,,
tj_f_tovus_1178,1178,female,Женский,Духтарона,Т,Товус,Товус,Tovus,ТОВУС,ТОВУС,TOVUS,True,"Қарори Ҳукумати Ҷумҳурии Тоҷикистон аз 26 феврали соли 2026, №98",False,,,Тоҷикӣ / Форсӣ,,
tj_f_tozagul_1179,1179,female,Женский,Духтарона,Т,Тозагул,Тозагул,Tozagul,ТОЗАГУЛ,ТОЗАГУЛ,TOZAGUL,True,"Қарори Ҳукумати Ҷумҳурии Тоҷикистон аз 26 феврали соли 2026, №98",False,,,Тоҷикӣ / Форсӣ,,
tj_f_tozarukh_1180,1180,female,Женский,Духтарона,Т,Тозарух,Тозарух,Tozarukh,ТОЗАРУХ,ТОЗАРУХ,TOZARUKH,True,"Қарори Ҳукумати Ҷумҳурии Тоҷикистон аз 26 феврали соли 2026, №98",False,,,Тоҷикӣ / Форсӣ,,
tj_f_iris_1181,1181,female,Женский,Духтарона,Т,Томирис,Томирис,Томiris,ТОМИРИС,ТОМИРИС,ТОМIRIS,True,"Қарори Ҳукумати Ҷумҳурии Тоҷикистон аз 26 феврали соли 2026, №98",False,,,Тоҷикӣ / Форсӣ,,
tj_f_toniyo_1182,1182,female,Женский,Духтарона,Т,Тониё,Тониё,Toniyo,ТОНИЁ,ТОНИЁ,TONIYO,True,"Қарори Ҳукумати Ҷумҳурии Тоҷикистон аз 26 феврали соли 2026, №98",False,,,Тоҷикӣ / Форсӣ,,
tj_f_toro_1183,1183,female,Женский,Духтарона,Т,Торо,Торо,Toro,ТОРО,ТОРО,TORO,True,"Қарори Ҳукумати Ҷумҳурии Тоҷикистон аз 26 феврали соли 2026, №98",False,,,Тоҷикӣ / Форсӣ,,
tj_f_tojafruz_1184,1184,female,Женский,Духтарона,Т,Тоҷафрӯз,Тоджафруз,Tojafruz,ТОҶАФРӮЗ,ТОДЖАФРУЗ,TOJAFRUZ,True,"Қарори Ҳукумати Ҷумҳурии Тоҷикистон аз 26 феврали соли 2026, №98",False,,,Тоҷикӣ / Форсӣ,,
tj_f_toji_1185,1185,female,Женский,Духтарона,Т,Тоҷӣ,Тоджи,Toji,ТОҶӢ,ТОДЖИ,TOJI,True,"Қарори Ҳукумати Ҷумҳурии Тоҷикистон аз 26 феврали соли 2026, №98",False,,,Тоҷикӣ / Форсӣ,,
tj_f_tojigul_1186,1186,female,Женский,Духтарона,Т,Тоҷигул,Тоджигул,Tojigul,ТОҶИГУЛ,ТОДЖИГУЛ,TOJIGUL,True,"Қарори Ҳукумати Ҷумҳурии Тоҷикистон аз 26 феврали соли 2026, №98",False,,,Тоҷикӣ / Форсӣ,,
tj_f_tojiniso_1187,1187,female,Женский,Духтарона,Т,Тоҷинисо,Тоджинисо,Tojiniso,ТОҶИНИСО,ТОДЖИНИСО,TOJINISO,True,"Қарори Ҳукумати Ҷумҳурии Тоҷикистон аз 26 феврали соли 2026, №98",False,,,Тоҷикӣ / Форсӣ,,
tj_f_tojnur_1188,1188,female,Женский,Духтарона,Т,Тоҷнур,Тоджнур,Tojnur,ТОҶНУР,ТОДЖНУР,TOJNUR,True,"Қарори Ҳукумати Ҷумҳурии Тоҷикистон аз 26 феврали соли 2026, №98",False,,,Тоҷикӣ / Форсӣ,,
tj_f_tuti_1189,1189,female,Женский,Духтарона,Т,Тутӣ,Тути,Tuti,ТУТӢ,ТУТИ,TUTI,True,"Қарори Ҳукумати Ҷумҳурии Тоҷикистон аз 26 феврали соли 2026, №98",False,,,Тоҷикӣ / Форсӣ,,
tj_f_tutiyo_1190,1190,female,Женский,Духтарона,Т,Тутиё,Тутиё,Tutiyo,ТУТИЁ,ТУТИЁ,TUTIYO,True,"Қарори Ҳукумати Ҷумҳурии Тоҷикистон аз 26 феврали соли 2026, №98",False,,,Тоҷикӣ / Форсӣ,,
tj_f_tutigul_1191,1191,female,Женский,Духтарона,Т,Тутинисо,Тутинисо,Tutigul,ТУТИНИСО,ТУТИНИСО,TUTIGUL,True,"Қарори Ҳукумати Ҷумҳурии Тоҷикистон аз 26 феврали соли 2026, №98",False,,,Тоҷикӣ / Форсӣ,,
tj_f_tuhfa_1192,1192,female,Женский,Духтарона,Т,Туҳфа,Тухфа,Tuhfa,ТУҲФА,ТУХФА,TUHFA,True,"Қарори Ҳукумати Ҷумҳурии Тоҷикистон аз 26 феврали соли 2026, №98",False,,,Тоҷикӣ / Форсӣ,,
tj_f_uzro_1193,1193,female,Женский,Духтарона,У,Узро,Узро,Uzro,УЗРО,УЗРО,UZRO,True,"Қарори Ҳукумати Ҷумҳурии Тоҷикистон аз 26 феврали соли 2026, №98",True,yusra,"Лёгкость, простота, благополучие",Арабское,добрая; лёгкая; верующая; радостная; оптимистичная,"От арабского يُسرى — «лёгкость, благоприятность». В Коране в суре «Аш-Шарх» (94:5–6) дважды повторяется: «Воистину, после тяжести наступит облегчение (юср)». Это имя — живое воплощение коранического обещания, что после каждого испытания приходит облегчение, дарованное Аллахом."
tj_f_umeda_1194,1194,female,Женский,Духтарона,У,Умеда,Умеда,Umeda,УМЕДА,УМЕДА,UMEDA,True,"Қарори Ҳукумати Ҷумҳурии Тоҷикистон аз 26 феврали соли 2026, №98",False,,,Тоҷикӣ / Форсӣ,,
tj_f_umriniso_1195,1195,female,Женский,Духтарона,У,Умринисо,Умринисо,Umriniso,УМРИНИСО,УМРИНИСО,UMRINISO,True,"Қарори Ҳукумати Ҷумҳурии Тоҷикистон аз 26 феврали соли 2026, №98",False,,,Тоҷикӣ / Форсӣ,,
tj_f_umriya_1196,1196,female,Женский,Духтарона,У,Умрия,Умрия,Umriya,УМРИЯ,УМРИЯ,UMRIYA,True,"Қарори Ҳукумати Ҷумҳурии Тоҷикистон аз 26 феврали соли 2026, №98",False,,,Тоҷикӣ / Форсӣ,,
tj_f_umri_1197,1197,female,Женский,Духтарона,У,Умрӣ,Умри,Umri,УМРӢ,УМРИ,UMRI,True,"Қарори Ҳукумати Ҷумҳурии Тоҷикистон аз 26 феврали соли 2026, №98",False,,,Тоҷикӣ / Форсӣ,,
tj_f_ushkbu_1198,1198,female,Женский,Духтарона,У,Ушкбӯ,Ушкбу,Ushkbu,УШКБӮ,УШКБУ,USHKBU,True,"Қарори Ҳукумати Ҷумҳурии Тоҷикистон аз 26 феврали соли 2026, №98",False,,,Тоҷикӣ / Форсӣ,,
tj_f_favziya_1199,1199,female,Женский,Духтарона,Ф,Фавзия,Фавзия,Favziya,ФАВЗИЯ,ФАВЗИЯ,FAVZIYA,True,"Қарори Ҳукумати Ҷумҳурии Тоҷикистон аз 26 феврали соли 2026, №98",False,,,Тоҷикӣ / Форсӣ,,
tj_f_fazila_1200,1200,female,Женский,Духтарона,Ф,Фазила,Фазила,Fazila,ФАЗИЛА,ФАЗИЛА,FAZILA,True,"Қарори Ҳукумати Ҷумҳурии Тоҷикистон аз 26 феврали соли 2026, №98",False,,,Тоҷикӣ / Форсӣ,,
tj_f_fazila_1201,1201,female,Женский,Духтарона,Ф,Фазилат,Фазилат,Fazilaт,ФАЗИЛАТ,ФАЗИЛАТ,FAZILAТ,True,"Қарори Ҳукумати Ҷумҳурии Тоҷикистон аз 26 феврали соли 2026, №98",False,,,Тоҷикӣ / Форсӣ,,
tj_f_fayzigul_1202,1202,female,Женский,Духтарона,Ф,Файзигул,Файзигул,Fayzigul,ФАЙЗИГУЛ,ФАЙЗИГУЛ,FAYZIGUL,True,"Қарори Ҳукумати Ҷумҳурии Тоҷикистон аз 26 феврали соли 2026, №98",False,,,Тоҷикӣ / Форсӣ,,
tj_f_farangez_1203,1203,female,Женский,Духтарона,Ф,Фарангез,Фарангез,Farangez,ФАРАНГЕЗ,ФАРАНГЕЗ,FARANGEZ,True,"Қарори Ҳукумати Ҷумҳурии Тоҷикистон аз 26 феврали соли 2026, №98",False,,,Тоҷикӣ / Форсӣ,,
tj_f_farangis_1204,1204,female,Женский,Духтарона,Ф,Фарангис,Фарангис,Farangis,ФАРАНГИС,ФАРАНГИС,FARANGIS,True,"Қарори Ҳукумати Ҷумҳурии Тоҷикистон аз 26 феврали соли 2026, №98",False,,,Тоҷикӣ / Форсӣ,,
tj_f_farah_1205,1205,female,Женский,Духтарона,Ф,Фараҳ,Фарах,Farah,ФАРАҲ,ФАРАХ,FARAH,True,"Қарори Ҳукумати Ҷумҳурии Тоҷикистон аз 26 феврали соли 2026, №98",False,,,Тоҷикӣ / Форсӣ,,
tj_f_farahafzo_1206,1206,female,Женский,Духтарона,Ф,Фараҳафзо,Фарахафзо,Farahafzo,ФАРАҲАФЗО,ФАРАХАФЗО,FARAHAFZO,True,"Қарори Ҳукумати Ҷумҳурии Тоҷикистон аз 26 феврали соли 2026, №98",False,,,Тоҷикӣ / Форсӣ,,
tj_f_farahbakht_1207,1207,female,Женский,Духтарона,Ф,Фараҳбахт,Фарахбахт,Farahbakht,ФАРАҲБАХТ,ФАРАХБАХТ,FARAHBAKHT,True,"Қарори Ҳукумати Ҷумҳурии Тоҷикистон аз 26 феврали соли 2026, №98",False,,,Тоҷикӣ / Форсӣ,,
tj_f_farahbakhsh_1208,1208,female,Женский,Духтарона,Ф,Фараҳбахш,Фарахбахш,Farahbakhsh,ФАРАҲБАХШ,ФАРАХБАХШ,FARAHBAKHSH,True,"Қарори Ҳукумати Ҷумҳурии Тоҷикистон аз 26 феврали соли 2026, №98",False,,,Тоҷикӣ / Форсӣ,,
tj_f_farahvash_1209,1209,female,Женский,Духтарона,Ф,Фараҳваш,Фарахваш,Farahvash,ФАРАҲВАШ,ФАРАХВАШ,FARAHVASH,True,"Қарори Ҳукумати Ҷумҳурии Тоҷикистон аз 26 феврали соли 2026, №98",False,,,Тоҷикӣ / Форсӣ,,
tj_f_farahzo_1210,1210,female,Женский,Духтарона,Ф,Фараҳзо,Фарахзо,Farahzo,ФАРАҲЗО,ФАРАХЗО,FARAHZO,True,"Қарори Ҳукумати Ҷумҳурии Тоҷикистон аз 26 феврали соли 2026, №98",False,,,Тоҷикӣ / Форсӣ,,
tj_f_farahnoz_1211,1211,female,Женский,Духтарона,Ф,Фараҳноз,Фарахноз,Farahnoz,ФАРАҲНОЗ,ФАРАХНОЗ,FARAHNOZ,True,"Қарори Ҳукумати Ҷумҳурии Тоҷикистон аз 26 феврали соли 2026, №98",False,,,Тоҷикӣ / Форсӣ,,
tj_f_farahnush_1212,1212,female,Женский,Духтарона,Ф,Фараҳнуш,Фарахнуш,Farahnush,ФАРАҲНУШ,ФАРАХНУШ,FARAHNUSH,True,"Қарори Ҳукумати Ҷумҳурии Тоҷикистон аз 26 феврали соли 2026, №98",False,,,Тоҷикӣ / Форсӣ,,
tj_f_farahroz_1213,1213,female,Женский,Духтарона,Ф,Фараҳроз,Фарахроз,Farahroz,ФАРАҲРОЗ,ФАРАХРОЗ,FARAHROZ,True,"Қарори Ҳукумати Ҷумҳурии Тоҷикистон аз 26 феврали соли 2026, №98",False,,,Тоҷикӣ / Форсӣ,,
tj_f_farahruz_1214,1214,female,Женский,Духтарона,Ф,Фараҳрӯз,Фарахруз,Farahruz,ФАРАҲРӮЗ,ФАРАХРУЗ,FARAHRUZ,True,"Қарори Ҳукумати Ҷумҳурии Тоҷикистон аз 26 феврали соли 2026, №98",False,,,Тоҷикӣ / Форсӣ,,
tj_f_farvid_1215,1215,female,Женский,Духтарона,Ф,Фарвид,Фарвид,Farvid,ФАРВИД,ФАРВИД,FARVID,True,"Қарори Ҳукумати Ҷумҳурии Тоҷикистон аз 26 феврали соли 2026, №98",False,,,Тоҷикӣ / Форсӣ,,
tj_f_fardukht_1216,1216,female,Женский,Духтарона,Ф,Фардухт,Фардухт,Fardukht,ФАРДУХТ,ФАРДУХТ,FARDUKHT,True,"Қарори Ҳукумати Ҷумҳурии Тоҷикистон аз 26 феврали соли 2026, №98",False,,,Тоҷикӣ / Форсӣ,,
tj_f_fareha_1217,1217,female,Женский,Духтарона,Ф,Фареҳа,Фареха,Fareha,ФАРЕҲА,ФАРЕХА,FAREHA,True,"Қарори Ҳукумати Ҷумҳурии Тоҷикистон аз 26 феврали соли 2026, №98",True,fareeha,"Счастливая, радостная, ликующая",Арабское,счастливая; радостная; жизнерадостная; весёлая; оптимистичная,
tj_f_faryo_1218,1218,female,Женский,Духтарона,Ф,Фарё,Фарё,Faryo,ФАРЁ,ФАРЁ,FARYO,True,"Қарори Ҳукумати Ҷумҳурии Тоҷикистон аз 26 феврали соли 2026, №98",False,,,Тоҷикӣ / Форсӣ,,
tj_f_faryona_1219,1219,female,Женский,Духтарона,Ф,Фарёна,Фарёна,Faryona,ФАРЁНА,ФАРЁНА,FARYONA,True,"Қарори Ҳукумати Ҷумҳурии Тоҷикистон аз 26 феврали соли 2026, №98",False,,,Тоҷикӣ / Форсӣ,,
tj_f_farzinvash_1220,1220,female,Женский,Духтарона,Ф,Фарзинваш,Фарзинваш,Farzinvash,ФАРЗИНВАШ,ФАРЗИНВАШ,FARZINVASH,True,"Қарори Ҳукумати Ҷумҳурии Тоҷикистон аз 26 феврали соли 2026, №98",False,,,Тоҷикӣ / Форсӣ,,
tj_f_farzona_1221,1221,female,Женский,Духтарона,Ф,Фарзона,Фарзона,Farzona,ФАРЗОНА,ФАРЗОНА,FARZONA,True,"Қарори Ҳукумати Ҷумҳурии Тоҷикистон аз 26 феврали соли 2026, №98",False,,,Тоҷикӣ / Форсӣ,,
tj_f_farivash_1222,1222,female,Женский,Духтарона,Ф,Фариваш,Фариваш,Farivash,ФАРИВАШ,ФАРИВАШ,FARIVASH,True,"Қарори Ҳукумати Ҷумҳурии Тоҷикистон аз 26 феврали соли 2026, №98",False,,,Тоҷикӣ / Форсӣ,,
tj_f_farida_1223,1223,female,Женский,Духтарона,Ф,Фарида,Фарида,Farida,ФАРИДА,ФАРИДА,FARIDA,True,"Қарори Ҳукумати Ҷумҳурии Тоҷикистон аз 26 феврали соли 2026, №98",True,farida,"Уникальная, бесценная жемчужина",Арабское,уникальная; красивая; умная; благородная; верующая,"От арабского فريدة — женская форма от «фарид» («единственный в своём роде, уникальный»). В Коране в суре «Ан-Наба» (78:33) описываются гурии как «каваааиб атраб» — молодые девы; образ редкой жемчужины (farīda) используется в арабской поэзии для воспевания несравненной красоты. Имя подчёркивает неповторимость каждого человека."
tj_f_fariza_1224,1224,female,Женский,Духтарона,Ф,Фариза,Фариза,Fariza,ФАРИЗА,ФАРИЗА,FARIZA,True,"Қарори Ҳукумати Ҷумҳурии Тоҷикистон аз 26 феврали соли 2026, №98",False,,,Тоҷикӣ / Форсӣ,,
tj_f_farizo_1225,1225,female,Женский,Духтарона,Ф,Фаризо,Фаризо,Farizo,ФАРИЗО,ФАРИЗО,FARIZO,True,"Қарори Ҳукумати Ҷумҳурии Тоҷикистон аз 26 феврали соли 2026, №98",False,,,Тоҷикӣ / Форсӣ,,
tj_f_farina_1226,1226,female,Женский,Духтарона,Ф,Фарина,Фарина,Farina,ФАРИНА,ФАРИНА,FARINA,True,"Қарори Ҳукумати Ҷумҳурии Тоҷикистон аз 26 феврали соли 2026, №98",False,,,Тоҷикӣ / Форсӣ,,
tj_f_farinish_1227,1227,female,Женский,Духтарона,Ф,Фариниш,Фариниш,Farinish,ФАРИНИШ,ФАРИНИШ,FARINISH,True,"Қарори Ҳукумати Ҷумҳурии Тоҷикистон аз 26 феврали соли 2026, №98",False,,,Тоҷикӣ / Форсӣ,,
tj_f_farini_1228,1228,female,Женский,Духтарона,Ф,Фаринӣ,Фарини,Farini,ФАРИНӢ,ФАРИНИ,FARINI,True,"Қарори Ҳукумати Ҷумҳурии Тоҷикистон аз 26 феврали соли 2026, №98",False,,,Тоҷикӣ / Форсӣ,,
tj_f_farino_1229,1229,female,Женский,Духтарона,Ф,Фарино,Фарино,Farino,ФАРИНО,ФАРИНО,FARINO,True,"Қарори Ҳукумати Ҷумҳурии Тоҷикистон аз 26 феврали соли 2026, №98",False,,,Тоҷикӣ / Форсӣ,,
tj_f_farinoz_1230,1230,female,Женский,Духтарона,Ф,Фариноз,Фариноз,Farinoz,ФАРИНОЗ,ФАРИНОЗ,FARINOZ,True,"Қарори Ҳукумати Ҷумҳурии Тоҷикистон аз 26 феврали соли 2026, №98",False,,,Тоҷикӣ / Форсӣ,,
tj_f_farinur_1231,1231,female,Женский,Духтарона,Ф,Фаринур,Фаринур,Farinur,ФАРИНУР,ФАРИНУР,FARINUR,True,"Қарори Ҳукумати Ҷумҳурии Тоҷикистон аз 26 феврали соли 2026, №98",False,,,Тоҷикӣ / Форсӣ,,
tj_f_farinush_1232,1232,female,Женский,Духтарона,Ф,Фаринуш,Фаринуш,Farinush,ФАРИНУШ,ФАРИНУШ,FARINUSH,True,"Қарори Ҳукумати Ҷумҳурии Тоҷикистон аз 26 феврали соли 2026, №98",False,,,Тоҷикӣ / Форсӣ,,
tj_f_farisa_1233,1233,female,Женский,Духтарона,Ф,Фариса,Фариса,Farisa,ФАРИСА,ФАРИСА,FARISA,True,"Қарори Ҳукумати Ҷумҳурии Тоҷикистон аз 26 феврали соли 2026, №98",False,,,Тоҷикӣ / Форсӣ,,
tj_f_fariso_1234,1234,female,Женский,Духтарона,Ф,Фарисо,Фарисо,Fariso,ФАРИСО,ФАРИСО,FARISO,True,"Қарори Ҳукумати Ҷумҳурии Тоҷикистон аз 26 феврали соли 2026, №98",False,,,Тоҷикӣ / Форсӣ,,
tj_f_farito_1235,1235,female,Женский,Духтарона,Ф,Фарито,Фарито,Farito,ФАРИТО,ФАРИТО,FARITO,True,"Қарори Ҳукумати Ҷумҳурии Тоҷикистон аз 26 феврали соли 2026, №98",True,farida,"Уникальная, бесценная жемчужина",Арабское,уникальная; красивая; умная; благородная; верующая,"От арабского فريدة — женская форма от «фарид» («единственный в своём роде, уникальный»). В Коране в суре «Ан-Наба» (78:33) описываются гурии как «каваааиб атраб» — молодые девы; образ редкой жемчужины (farīda) используется в арабской поэзии для воспевания несравненной красоты. Имя подчёркивает неповторимость каждого человека."
tj_f_farishta_1236,1236,female,Женский,Духтарона,Ф,Фаришта,Фаришта,Farishta,ФАРИШТА,ФАРИШТА,FARISHTA,True,"Қарори Ҳукумати Ҷумҳурии Тоҷикистон аз 26 феврали соли 2026, №98",False,,,Тоҷикӣ / Форсӣ,,
tj_f_fari_1237,1237,female,Женский,Духтарона,Ф,Фарӣ,Фари,Fari,ФАРӢ,ФАРИ,FARI,True,"Қарори Ҳукумати Ҷумҳурии Тоҷикистон аз 26 феврали соли 2026, №98",False,,,Тоҷикӣ / Форсӣ,,
tj_f_farmehr_1238,1238,female,Женский,Духтарона,Ф,Фармеҳр,Фармехр,Farmehr,ФАРМЕҲР,ФАРМЕХР,FARMEHR,True,"Қарори Ҳукумати Ҷумҳурии Тоҷикистон аз 26 феврали соли 2026, №98",False,,,Тоҷикӣ / Форсӣ,,
tj_f_farno_1239,1239,female,Женский,Духтарона,Ф,Фарно,Фарно,Farno,ФАРНО,ФАРНО,FARNO,True,"Қарори Ҳукумати Ҷумҳурии Тоҷикистон аз 26 феврали соли 2026, №98",False,,,Тоҷикӣ / Форсӣ,,
tj_f_farnoz_1240,1240,female,Женский,Духтарона,Ф,Фарноз,Фарноз,Farnoz,ФАРНОЗ,ФАРНОЗ,FARNOZ,True,"Қарори Ҳукумати Ҷумҳурии Тоҷикистон аз 26 феврали соли 2026, №98",False,,,Тоҷикӣ / Форсӣ,,
tj_f_farnu_1241,1241,female,Женский,Духтарона,Ф,Фарну,Фарну,Farnu,ФАРНУ,ФАРНУ,FARNU,True,"Қарори Ҳукумати Ҷумҳурии Тоҷикистон аз 26 феврали соли 2026, №98",False,,,Тоҷикӣ / Форсӣ,,
tj_f_faroghat_1242,1242,female,Женский,Духтарона,Ф,Фароғат,Фарогат,Faroghat,ФАРОҒАТ,ФАРОГАТ,FAROGHAT,True,"Қарори Ҳукумати Ҷумҳурии Тоҷикистон аз 26 феврали соли 2026, №98",False,,,Тоҷикӣ / Форсӣ,,
tj_f_faronish_1243,1243,female,Женский,Духтарона,Ф,Фарониш,Фарониш,Faronish,ФАРОНИШ,ФАРОНИШ,FARONISH,True,"Қарори Ҳукумати Ҷумҳурии Тоҷикистон аз 26 феврали соли 2026, №98",False,,,Тоҷикӣ / Форсӣ,,
tj_f_farohin_1244,1244,female,Женский,Духтарона,Ф,Фароҳин,Фарохин,Farohin,ФАРОҲИН,ФАРОХИН,FAROHIN,True,"Қарори Ҳукумати Ҷумҳурии Тоҷикистон аз 26 феврали соли 2026, №98",False,,,Тоҷикӣ / Форсӣ,,
tj_f_farkhunda_1245,1245,female,Женский,Духтарона,Ф,Фархунда,Фархунда,Farkhunda,ФАРХУНДА,ФАРХУНДА,FARKHUNDA,True,"Қарори Ҳукумати Ҷумҳурии Тоҷикистон аз 26 феврали соли 2026, №98",False,,,Тоҷикӣ / Форсӣ,,
tj_f_farsheda_1246,1246,female,Женский,Духтарона,Ф,Фаршеда,Фаршеда,Farsheda,ФАРШЕДА,ФАРШЕДА,FARSHEDA,True,"Қарори Ҳукумати Ҷумҳурии Тоҷикистон аз 26 феврали соли 2026, №98",False,,,Тоҷикӣ / Форсӣ,,
tj_f_fasona_1247,1247,female,Женский,Духтарона,Ф,Фасона,Фасона,Fasona,ФАСОНА,ФАСОНА,FASONA,True,"Қарори Ҳукумати Ҷумҳурии Тоҷикистон аз 26 феврали соли 2026, №98",False,,,Тоҷикӣ / Форсӣ,,
tj_f_fasohat_1248,1248,female,Женский,Духтарона,Ф,Фасоҳат,Фасохат,Fasohat,ФАСОҲАТ,ФАСОХАТ,FASOHAT,True,"Қарори Ҳукумати Ҷумҳурии Тоҷикистон аз 26 феврали соли 2026, №98",False,,,Тоҷикӣ / Форсӣ,,
tj_f_fathiya_1249,1249,female,Женский,Духтарона,Ф,Фатҳия,Фатхия,Fathiya,ФАТҲИЯ,ФАТХИЯ,FATHIYA,True,"Қарори Ҳукумати Ҷумҳурии Тоҷикистон аз 26 феврали соли 2026, №98",False,,,Тоҷикӣ / Форсӣ,,
tj_f_fakhriya_1250,1250,female,Женский,Духтарона,Ф,Фахрия,Фахрия,Fakhriya,ФАХРИЯ,ФАХРИЯ,FAKHRIYA,True,"Қарори Ҳукумати Ҷумҳурии Тоҷикистон аз 26 феврали соли 2026, №98",False,,,Тоҷикӣ / Форсӣ,,
tj_f_firista_1251,1251,female,Женский,Духтарона,Ф,Фириста,Фириста,Firista,ФИРИСТА,ФИРИСТА,FIRISTA,True,"Қарори Ҳукумати Ҷумҳурии Тоҷикистон аз 26 феврали соли 2026, №98",False,,,Тоҷикӣ / Форсӣ,,
tj_f_firuza_1252,1252,female,Женский,Духтарона,Ф,Фирӯза,Фируза,Firuza,ФИРӮЗА,ФИРУЗА,FIRUZA,True,"Қарори Ҳукумати Ҷумҳурии Тоҷикистон аз 26 феврали соли 2026, №98",False,,,Тоҷикӣ / Форсӣ,,
tj_f_fozila_1253,1253,female,Женский,Духтарона,Ф,Фозила,Фозила,Fozila,ФОЗИЛА,ФОЗИЛА,FOZILA,True,"Қарори Ҳукумати Ҷумҳурии Тоҷикистон аз 26 феврали соли 2026, №98",False,,,Тоҷикӣ / Форсӣ,,
tj_f_fotima_1254,1254,female,Женский,Духтарона,Ф,Фотима,Фотима,Fotima,ФОТИМА,ФОТИМА,FOTIMA,True,"Қарори Ҳукумати Ҷумҳурии Тоҷикистон аз 26 феврали соли 2026, №98",True,fatima,"Отнятая от груди, взрослая",Арабское,добрая; нежная; мудрая; красивая,"Имя дочери Пророка Мухаммада, одной из самых почитаемых женщин в исламе."
tj_f_fokhira_1255,1255,female,Женский,Духтарона,Ф,Фохира,Фохира,Fokhira,ФОХИРА,ФОХИРА,FOKHIRA,True,"Қарори Ҳукумати Ҷумҳурии Тоҷикистон аз 26 феврали соли 2026, №98",False,,,Тоҷикӣ / Форсӣ,,
tj_f_furugh_1256,1256,female,Женский,Духтарона,Ф,Фурӯғ,Фуруг,Furugh,ФУРӮҒ,ФУРУГ,FURUGH,True,"Қарори Ҳукумати Ҷумҳурии Тоҷикистон аз 26 феврали соли 2026, №98",False,,,Тоҷикӣ / Форсӣ,,
tj_f_furuzon_1257,1257,female,Женский,Духтарона,Ф,Фурӯзон,Фурузон,Furuzon,ФУРӮЗОН,ФУРУЗОН,FURUZON,True,"Қарори Ҳукумати Ҷумҳурии Тоҷикистон аз 26 феврали соли 2026, №98",False,,,Тоҷикӣ / Форсӣ,,
tj_f_furuzonru_1258,1258,female,Женский,Духтарона,Ф,Фурӯзонрӯ,Фурузонру,Furuzonru,ФУРӮЗОНРӮ,ФУРУЗОНРУ,FURUZONRU,True,"Қарори Ҳукумати Ҷумҳурии Тоҷикистон аз 26 феврали соли 2026, №98",False,,,Тоҷикӣ / Форсӣ,,
tj_f_furuzonfar_1259,1259,female,Женский,Духтарона,Ф,Фурӯзонфар,Фурузонфар,Furuzonfar,ФУРӮЗОНФАР,ФУРУЗОНФАР,FURUZONFAR,True,"Қарори Ҳукумати Ҷумҳурии Тоҷикистон аз 26 феврали соли 2026, №98",False,,,Тоҷикӣ / Форсӣ,,
tj_f_furuhar_1260,1260,female,Женский,Духтарона,Ф,Фурӯҳар,Фурухар,Furuhar,ФУРӮҲАР,ФУРУХАР,FURUHAR,True,"Қарори Ҳукумати Ҷумҳурии Тоҷикистон аз 26 феврали соли 2026, №98",False,,,Тоҷикӣ / Форсӣ,,
tj_f_khadija_1261,1261,female,Женский,Духтарона,Х,Хадиҷа,Хадиджа,Khadija,ХАДИҶА,ХАДИДЖА,KHADIJA,True,"Қарори Ҳукумати Ҷумҳурии Тоҷикистон аз 26 феврали соли 2026, №98",True,khadijah,"Рождённая раньше срока, недоношенная",Арабское,мудрая; сильная; верующая; щедрая,"Первая жена и первый человек, поверивший Пророку Мухаммаду. Успешная торговка, потратившая всё состояние на поддержку ислама."
tj_f_khayrigul_1262,1262,female,Женский,Духтарона,Х,Хайригул,Хайригул,Khayrigul,ХАЙРИГУЛ,ХАЙРИГУЛ,KHAYRIGUL,True,"Қарори Ҳукумати Ҷумҳурии Тоҷикистон аз 26 феврали соли 2026, №98",False,,,Тоҷикӣ / Форсӣ,,
tj_f_khayriniso_1263,1263,female,Женский,Духтарона,Х,Хайринисо,Хайринисо,Khayriniso,ХАЙРИНИСО,ХАЙРИНИСО,KHAYRINISO,True,"Қарори Ҳукумати Ҷумҳурии Тоҷикистон аз 26 феврали соли 2026, №98",False,,,Тоҷикӣ / Форсӣ,,
tj_f_khayri_1264,1264,female,Женский,Духтарона,Х,Хайрӣ,Хайри,Khayri,ХАЙРӢ,ХАЙРИ,KHAYRI,True,"Қарори Ҳукумати Ҷумҳурии Тоҷикистон аз 26 феврали соли 2026, №98",False,,,Тоҷикӣ / Форсӣ,,
tj_f_khandon_1265,1265,female,Женский,Духтарона,Х,Хандон,Хандон,Khandon,ХАНДОН,ХАНДОН,KHANDON,True,"Қарори Ҳукумати Ҷумҳурии Тоҷикистон аз 26 феврали соли 2026, №98",False,,,Тоҷикӣ / Форсӣ,,
tj_f_khiromon_1266,1266,female,Женский,Духтарона,Х,Хиромон,Хиромон,Khiromon,ХИРОМОН,ХИРОМОН,KHIROMON,True,"Қарори Ҳукумати Ҷумҳурии Тоҷикистон аз 26 феврали соли 2026, №98",False,,,Тоҷикӣ / Форсӣ,,
tj_f_kholbibi_1267,1267,female,Женский,Духтарона,Х,Холбибӣ,Холбиби,Kholbibi,ХОЛБИБӢ,ХОЛБИБИ,KHOLBIBI,True,"Қарори Ҳукумати Ҷумҳурии Тоҷикистон аз 26 феврали соли 2026, №98",False,,,Тоҷикӣ / Форсӣ,,
tj_f_kholida_1268,1268,female,Женский,Духтарона,Х,Холида,Холида,Kholida,ХОЛИДА,ХОЛИДА,KHOLIDA,True,"Қарори Ҳукумати Ҷумҳурии Тоҷикистон аз 26 феврали соли 2026, №98",False,,,Тоҷикӣ / Форсӣ,,
tj_f_kholisa_1269,1269,female,Женский,Духтарона,Х,Холиса,Холиса,Kholisa,ХОЛИСА,ХОЛИСА,KHOLISA,True,"Қарори Ҳукумати Ҷумҳурии Тоҷикистон аз 26 феврали соли 2026, №98",False,,,Тоҷикӣ / Форсӣ,,
tj_f_kholjamol_1270,1270,female,Женский,Духтарона,Х,Холҷамол,Холджамол,Kholjamol,ХОЛҶАМОЛ,ХОЛДЖАМОЛ,KHOLJAMOL,True,"Қарори Ҳукумати Ҷумҳурии Тоҷикистон аз 26 феврали соли 2026, №98",False,,,Тоҷикӣ / Форсӣ,,
tj_f_khosiyat_1271,1271,female,Женский,Духтарона,Х,Хосият,Хосият,Khosiyat,ХОСИЯТ,ХОСИЯТ,KHOSIYAT,True,"Қарори Ҳукумати Ҷумҳурии Тоҷикистон аз 26 феврали соли 2026, №98",False,,,Тоҷикӣ / Форсӣ,,
tj_f_khosta_1272,1272,female,Женский,Духтарона,Х,Хоста,Хоста,Khosta,ХОСТА,ХОСТА,KHOSTA,True,"Қарори Ҳукумати Ҷумҳурии Тоҷикистон аз 26 феврали соли 2026, №98",False,,,Тоҷикӣ / Форсӣ,,
tj_f_khotira_1273,1273,female,Женский,Духтарона,Х,Хотира,Хотира,Khotira,ХОТИРА,ХОТИРА,KHOTIRA,True,"Қарори Ҳукумати Ҷумҳурии Тоҷикистон аз 26 феврали соли 2026, №98",False,,,Тоҷикӣ / Форсӣ,,
tj_f_khubon_1274,1274,female,Женский,Духтарона,Х,Хубон,Хубон,Khubon,ХУБОН,ХУБОН,KHUBON,True,"Қарори Ҳукумати Ҷумҳурии Тоҷикистон аз 26 феврали соли 2026, №98",False,,,Тоҷикӣ / Форсӣ,,
tj_f_khubsimo_1275,1275,female,Женский,Духтарона,Х,Хубсимо,Хубсимо,Khubsimo,ХУБСИМО,ХУБСИМО,KHUBSIMO,True,"Қарори Ҳукумати Ҷумҳурии Тоҷикистон аз 26 феврали соли 2026, №98",False,,,Тоҷикӣ / Форсӣ,,
tj_f_khubchehra_1276,1276,female,Женский,Духтарона,Х,Хубчеҳра,Хубчехра,Khubchehra,ХУБЧЕҲРА,ХУБЧЕХРА,KHUBCHEHRA,True,"Қарори Ҳукумати Ҷумҳурии Тоҷикистон аз 26 феврали соли 2026, №98",False,,,Тоҷикӣ / Форсӣ,,
tj_f_khumor_1277,1277,female,Женский,Духтарона,Х,Хумор,Хумор,Khumor,ХУМОР,ХУМОР,KHUMOR,True,"Қарори Ҳукумати Ҷумҳурии Тоҷикистон аз 26 феврали соли 2026, №98",False,,,Тоҷикӣ / Форсӣ,,
tj_f_khuniyo_1278,1278,female,Женский,Духтарона,Х,Хуниё,Хуниё,Khuniyo,ХУНИЁ,ХУНИЁ,KHUNIYO,True,"Қарори Ҳукумати Ҷумҳурии Тоҷикистон аз 26 феврали соли 2026, №98",False,,,Тоҷикӣ / Форсӣ,,
tj_f_khuroson_1279,1279,female,Женский,Духтарона,Х,Хуросон,Хуросон,Khuroson,ХУРОСОН,ХУРОСОН,KHUROSON,True,"Қарори Ҳукумати Ҷумҳурии Тоҷикистон аз 26 феврали соли 2026, №98",False,,,Тоҷикӣ / Форсӣ,,
tj_f_khurram_1280,1280,female,Женский,Духтарона,Х,Хуррам,Хуррам,Khurram,ХУРРАМ,ХУРРАМ,KHURRAM,True,"Қарори Ҳукумати Ҷумҳурии Тоҷикистон аз 26 феврали соли 2026, №98",False,,,Тоҷикӣ / Форсӣ,,
tj_f_khurshedvash_1281,1281,female,Женский,Духтарона,Х,Хуршедваш,Хуршедваш,Khurshedvash,ХУРШЕДВАШ,ХУРШЕДВАШ,KHURSHEDVASH,True,"Қарори Ҳукумати Ҷумҳурии Тоҷикистон аз 26 феврали соли 2026, №98",False,,,Тоҷикӣ / Форсӣ,,
tj_f_khujasta_1282,1282,female,Женский,Духтарона,Х,Хуҷаста,Худжаста,Khujasta,ХУҶАСТА,ХУДЖАСТА,KHUJASTA,True,"Қарори Ҳукумати Ҷумҳурии Тоҷикистон аз 26 феврали соли 2026, №98",False,,,Тоҷикӣ / Форсӣ,,
tj_f_khushabru_1283,1283,female,Женский,Духтарона,Х,Хушабру,Хушабру,Khushabru,ХУШАБРУ,ХУШАБРУ,KHUSHABRU,True,"Қарори Ҳукумати Ҷумҳурии Тоҷикистон аз 26 феврали соли 2026, №98",False,,,Тоҷикӣ / Форсӣ,,
tj_f_khushangez_1284,1284,female,Женский,Духтарона,Х,Хушангез,Хушангез,Khushangez,ХУШАНГЕЗ,ХУШАНГЕЗ,KHUSHANGEZ,True,"Қарори Ҳукумати Ҷумҳурии Тоҷикистон аз 26 феврали соли 2026, №98",False,,,Тоҷикӣ / Форсӣ,,
tj_f_khushafruz_1285,1285,female,Женский,Духтарона,Х,Хушафрӯз,Хушафруз,Khushafruz,ХУШАФРӮЗ,ХУШАФРУЗ,KHUSHAFRUZ,True,"Қарори Ҳукумати Ҷумҳурии Тоҷикистон аз 26 феврали соли 2026, №98",False,,,Тоҷикӣ / Форсӣ,,
tj_f_khushbahor_1286,1286,female,Женский,Духтарона,Х,Хушбаҳор,Хушбахор,Khushbahor,ХУШБАҲОР,ХУШБАХОР,KHUSHBAHOR,True,"Қарори Ҳукумати Ҷумҳурии Тоҷикистон аз 26 феврали соли 2026, №98",False,,,Тоҷикӣ / Форсӣ,,
tj_f_khushgil_1287,1287,female,Женский,Духтарона,Х,Хушгил,Хушгил,Khushgil,ХУШГИЛ,ХУШГИЛ,KHUSHGIL,True,"Қарори Ҳукумати Ҷумҳурии Тоҷикистон аз 26 феврали соли 2026, №98",False,,,Тоҷикӣ / Форсӣ,,
tj_f_khushnamo_1288,1288,female,Женский,Духтарона,Х,Хушнамо,Хушнамо,Khushnamo,ХУШНАМО,ХУШНАМО,KHUSHNAMO,True,"Қарори Ҳукумати Ҷумҳурии Тоҷикистон аз 26 феврали соли 2026, №98",False,,,Тоҷикӣ / Форсӣ,,
tj_f_khushnoz_1289,1289,female,Женский,Духтарона,Х,Хушноз,Хушноз,Khushnoz,ХУШНОЗ,ХУШНОЗ,KHUSHNOZ,True,"Қарори Ҳукумати Ҷумҳурии Тоҷикистон аз 26 феврали соли 2026, №98",False,,,Тоҷикӣ / Форсӣ,,
tj_f_khushraftor_1290,1290,female,Женский,Духтарона,Х,Хушрафтор,Хушрафтор,Khushraftor,ХУШРАФТОР,ХУШРАФТОР,KHUSHRAFTOR,True,"Қарори Ҳукумати Ҷумҳурии Тоҷикистон аз 26 феврали соли 2026, №98",False,,,Тоҷикӣ / Форсӣ,,
tj_f_khushrukhsor_1291,1291,female,Женский,Духтарона,Х,Хушрухсор,Хушрухсор,Khushrukhsor,ХУШРУХСОР,ХУШРУХСОР,KHUSHRUKHSOR,True,"Қарори Ҳукумати Ҷумҳурии Тоҷикистон аз 26 феврали соли 2026, №98",False,,,Тоҷикӣ / Форсӣ,,
tj_f_khushsimo_1292,1292,female,Женский,Духтарона,Х,Хушсимо,Хушсимо,Khushsimo,ХУШСИМО,ХУШСИМО,KHUSHSIMO,True,"Қарори Ҳукумати Ҷумҳурии Тоҷикистон аз 26 феврали соли 2026, №98",False,,,Тоҷикӣ / Форсӣ,,
tj_f_khushkhirom_1293,1293,female,Женский,Духтарона,Х,Хушхиром,Хушхиром,Khushkhirom,ХУШХИРОМ,ХУШХИРОМ,KHUSHKHIROM,True,"Қарори Ҳукумати Ҷумҳурии Тоҷикистон аз 26 феврали соли 2026, №98",False,,,Тоҷикӣ / Форсӣ,,
tj_f_khushchehr_1294,1294,female,Женский,Духтарона,Х,Хушчеҳр,Хушчехр,Khushchehr,ХУШЧЕҲР,ХУШЧЕХР,KHUSHCHEHR,True,"Қарори Ҳукумати Ҷумҳурии Тоҷикистон аз 26 феврали соли 2026, №98",False,,,Тоҷикӣ / Форсӣ,,
tj_f_khushchehr_1295,1295,female,Женский,Духтарона,Х,Хушчеҳра,Хушчехра,Khushchehrа,ХУШЧЕҲРА,ХУШЧЕХРА,KHUSHCHEHRА,True,"Қарори Ҳукумати Ҷумҳурии Тоҷикистон аз 26 феврали соли 2026, №98",False,,,Тоҷикӣ / Форсӣ,,
tj_f_khushjamol_1296,1296,female,Женский,Духтарона,Х,Хушҷамол,Хушджамол,Khushjamol,ХУШҶАМОЛ,ХУШДЖАМОЛ,KHUSHJAMOL,True,"Қарори Ҳукумати Ҷумҳурии Тоҷикистон аз 26 феврали соли 2026, №98",False,,,Тоҷикӣ / Форсӣ,,
tj_f_havasmoh_1297,1297,female,Женский,Духтарона,Ҳ,Ҳавасмоҳ,Хавасмох,Havasmoh,ҲАВАСМОҲ,ХАВАСМОХ,HAVASMOH,True,"Қарори Ҳукумати Ҷумҳурии Тоҷикистон аз 26 феврали соли 2026, №98",False,,,Тоҷикӣ / Форсӣ,,
tj_f_hamdiya_1298,1298,female,Женский,Духтарона,Ҳ,Ҳамдия,Хамдия,Hamdiya,ҲАМДИЯ,ХАМДИЯ,HAMDIYA,True,"Қарори Ҳукумати Ҷумҳурии Тоҷикистон аз 26 феврали соли 2026, №98",True,hamdiya,"Достойная хвалы, относящаяся к хвале",Арабское,достойная; хвалимая; добродетельная; искренняя; благородная,"Прилагательное от حَمْد (хамд — хвала): حَمْدِيَّة (хамдийя) — «достойная хвалы». Имя Хамд образует основу «Аль-хамдулилла» — наиболее часто произносимой фразы в исламе. «Аль-Хамид» — имя Аллаха. Хамдийя — имя нескольких арабских женщин-поэтесс XIX–XX вв. В арабской традиции «хамд» — более глубокое понятие, чем «шукр»: благодарность за хорошее и плохое."
tj_f_hangoma_1299,1299,female,Женский,Духтарона,Ҳ,Ҳангома,Хангома,Hangoma,ҲАНГОМА,ХАНГОМА,HANGOMA,True,"Қарори Ҳукумати Ҷумҳурии Тоҷикистон аз 26 феврали соли 2026, №98",False,,,Тоҷикӣ / Форсӣ,,
tj_f_hanifa_1300,1300,female,Женский,Духтарона,Ҳ,Ҳанифа,Ханифа,Hanifa,ҲАНИФА,ХАНИФА,HANIFA,True,"Қарори Ҳукумати Ҷумҳурии Тоҷикистон аз 26 феврали соли 2026, №98",False,,,Тоҷикӣ / Форсӣ,,
tj_f_hanto_1301,1301,female,Женский,Духтарона,Ҳ,Ҳанто,Ханто,Hanto,ҲАНТО,ХАНТО,HANTO,True,"Қарори Ҳукумати Ҷумҳурии Тоҷикистон аз 26 феврали соли 2026, №98",False,,,Тоҷикӣ / Форсӣ,,
tj_f_haramgul_1302,1302,female,Женский,Духтарона,Ҳ,Ҳарамгул,Харамгул,Haramgul,ҲАРАМГУЛ,ХАРАМГУЛ,HARAMGUL,True,"Қарори Ҳукумати Ҷумҳурии Тоҷикистон аз 26 феврали соли 2026, №98",False,,,Тоҷикӣ / Форсӣ,,
tj_f_hasti_1303,1303,female,Женский,Духтарона,Ҳ,Ҳастӣ,Хасти,Hasti,ҲАСТӢ,ХАСТИ,HASTI,True,"Қарори Ҳукумати Ҷумҳурии Тоҷикистон аз 26 феврали соли 2026, №98",False,,,Тоҷикӣ / Форсӣ,,
tj_f_hidoyat_1304,1304,female,Женский,Духтарона,Ҳ,Ҳидоят,Хидоят,Hidoyat,ҲИДОЯТ,ХИДОЯТ,HIDOYAT,True,"Қарори Ҳукумати Ҷумҳурии Тоҷикистон аз 26 феврали соли 2026, №98",False,,,Тоҷикӣ / Форсӣ,,
tj_f_hioyat_1305,1305,female,Женский,Духтарона,Ҳ,Ҳикоят,Хикоят,Hiкoyat,ҲИКОЯТ,ХИКОЯТ,HIКOYAT,True,"Қарори Ҳукумати Ҷумҳурии Тоҷикистон аз 26 феврали соли 2026, №98",False,,,Тоҷикӣ / Форсӣ,,
tj_f_hilol_1306,1306,female,Женский,Духтарона,Ҳ,Ҳилол,Хилол,Hilol,ҲИЛОЛ,ХИЛОЛ,HILOL,True,"Қарори Ҳукумати Ҷумҳурии Тоҷикистон аз 26 феврали соли 2026, №98",True,hilal,Молодой месяц (серп луны),Арабское,светлый; утончённый; красивый; возвышенный; символичный,
tj_f_hilola_1307,1307,female,Женский,Духтарона,Ҳ,Ҳилола,Хилола,Hilola,ҲИЛОЛА,ХИЛОЛА,HILOLA,True,"Қарори Ҳукумати Ҷумҳурии Тоҷикистон аз 26 феврали соли 2026, №98",False,,,Тоҷикӣ / Форсӣ,,
tj_f_hola_1308,1308,female,Женский,Духтарона,Ҳ,Ҳола,Хола,Hola,ҲОЛА,ХОЛА,HOLA,True,"Қарори Ҳукумати Ҷумҳурии Тоҷикистон аз 26 феврали соли 2026, №98",True,hala,"Ореол луны, сияние вокруг света",Арабское,лучезарная; красивая; нежная; тихая; возвышенная,"Арабское هَالَة (хала) — «ореол вокруг луны или фонаря». Хала бинт Хувайлид была родной сестрой Хадиджи — первой жены Пророка Мухаммада. Пророк очень любил Халу: когда много лет после смерти Хадиджи он услышал голос её сестры Халы, его переполнили воспоминания о Хадидже. Этот трогательный эпизод зафиксирован в Сахих Бухари и Муслим. Имя символизирует мягкое, обволакивающее сияние."
tj_f_homin_1309,1309,female,Женский,Духтарона,Ҳ,Ҳомин,Хомин,Homin,ҲОМИН,ХОМИН,HOMIN,True,"Қарори Ҳукумати Ҷумҳурии Тоҷикистон аз 26 феврали соли 2026, №98",False,,,Тоҷикӣ / Форсӣ,,
tj_f_homon_1310,1310,female,Женский,Духтарона,Ҳ,Ҳомон,Хомон,Homon,ҲОМОН,ХОМОН,HOMON,True,"Қарори Ҳукумати Ҷумҳурии Тоҷикистон аз 26 феврали соли 2026, №98",False,,,Тоҷикӣ / Форсӣ,,
tj_f_homu_1311,1311,female,Женский,Духтарона,Ҳ,Ҳому,Хому,Homu,ҲОМУ,ХОМУ,HOMU,True,"Қарори Ҳукумати Ҷумҳурии Тоҷикистон аз 26 феврали соли 2026, №98",False,,,Тоҷикӣ / Форсӣ,,
tj_f_hubo_1312,1312,female,Женский,Духтарона,Ҳ,Ҳубо,Хубо,Hubo,ҲУБО,ХУБО,HUBO,True,"Қарори Ҳукумати Ҷумҳурии Тоҷикистон аз 26 феврали соли 2026, №98",True,hubba,Любовь (уменьшительная форма),Арабское,любящая; нежная; добрая; близкая; тёплая,"Уменьшительное от حُبّ (хубб — любовь). Хубба (Хинд бинт Утба, ок. 580–636) — мать Муавийи, жена Абу Суфьяна; принявшая ислам в день Фатх аль-Мекки. В Коране «хубб» (любовь) — основа отношений верующих с Аллахом: «Аллах любит тех, кто любит Его» (3:31). Пророк: «Кто любит ради Аллаха — достиг основы веры»."
tj_f_hubonu_1313,1313,female,Женский,Духтарона,Ҳ,Ҳубону,Хубону,Hubonu,ҲУБОНУ,ХУБОНУ,HUBONU,True,"Қарори Ҳукумати Ҷумҳурии Тоҷикистон аз 26 феврали соли 2026, №98",False,,,Тоҷикӣ / Форсӣ,,
tj_f_huvaydo_1314,1314,female,Женский,Духтарона,Ҳ,Ҳувайдо,Хувайдо,Huvaydo,ҲУВАЙДО,ХУВАЙДО,HUVAYDO,True,"Қарори Ҳукумати Ҷумҳурии Тоҷикистон аз 26 феврали соли 2026, №98",True,huwayda,"Явная, очевидная, проявляющаяся",Арабское,откровенная; ясная; видимая; честная; прямая,"Арабское هُوَيْدَا (хувайда) — «ясная, очевидная (персидское هویدا)» — из персидского «хавийда» (явный). Хувайда (1942–2018) — ливанская певица, одна из величайших голосов арабской эстрады. В персидской поэзии «хувайда» — образ явной истины: «Прямодушный, как хувайда». Имя несёт образ прозрачной, открытой личности."
tj_f_huvono_1315,1315,female,Женский,Духтарона,Ҳ,Ҳувоно,Хувоно,Huvono,ҲУВОНО,ХУВОНО,HUVONO,True,"Қарори Ҳукумати Ҷумҳурии Тоҷикистон аз 26 феврали соли 2026, №98",False,,,Тоҷикӣ / Форсӣ,,
tj_f_humo_1316,1316,female,Женский,Духтарона,Ҳ,Ҳумо,Хумо,Humo,ҲУМО,ХУМО,HUMO,True,"Қарори Ҳукумати Ҷумҳурии Тоҷикистон аз 26 феврали соли 2026, №98",False,,,Тоҷикӣ / Форсӣ,,
tj_f_humoyo_1317,1317,female,Женский,Духтарона,Ҳ,Ҳумоё,Хумоё,Humoyo,ҲУМОЁ,ХУМОЁ,HUMOYO,True,"Қарори Ҳукумати Ҷумҳурии Тоҷикистон аз 26 феврали соли 2026, №98",False,,,Тоҷикӣ / Форсӣ,,
tj_f_humobakht_1318,1318,female,Женский,Духтарона,Ҳ,Ҳумобахт,Хумобахт,Humobakht,ҲУМОБАХТ,ХУМОБАХТ,HUMOBAKHT,True,"Қарори Ҳукумати Ҷумҳурии Тоҷикистон аз 26 феврали соли 2026, №98",False,,,Тоҷикӣ / Форсӣ,,
tj_f_humoy_1319,1319,female,Женский,Духтарона,Ҳ,Ҳумой,Хумой,Humoy,ҲУМОЙ,ХУМОЙ,HUMOY,True,"Қарори Ҳукумати Ҷумҳурии Тоҷикистон аз 26 феврали соли 2026, №98",False,,,Тоҷикӣ / Форсӣ,,
tj_f_hurbakht_1320,1320,female,Женский,Духтарона,Ҳ,Ҳурбахт,Хурбахт,Hurbakht,ҲУРБАХТ,ХУРБАХТ,HURBAKHT,True,"Қарори Ҳукумати Ҷумҳурии Тоҷикистон аз 26 феврали соли 2026, №98",False,,,Тоҷикӣ / Форсӣ,,
tj_f_hurbibi_1321,1321,female,Женский,Духтарона,Ҳ,Ҳурбибӣ,Хурбиби,Hurbibi,ҲУРБИБӢ,ХУРБИБИ,HURBIBI,True,"Қарори Ҳукумати Ҷумҳурии Тоҷикистон аз 26 феврали соли 2026, №98",False,,,Тоҷикӣ / Форсӣ,,
tj_f_hurvash_1322,1322,female,Женский,Духтарона,Ҳ,Ҳурваш,Хурваш,Hurvash,ҲУРВАШ,ХУРВАШ,HURVASH,True,"Қарори Ҳукумати Ҷумҳурии Тоҷикистон аз 26 феврали соли 2026, №98",False,,,Тоҷикӣ / Форсӣ,,
tj_f_huriyo_1323,1323,female,Женский,Духтарона,Ҳ,Ҳуриё,Хуриё,Huriyo,ҲУРИЁ,ХУРИЁ,HURIYO,True,"Қарори Ҳукумати Ҷумҳурии Тоҷикистон аз 26 феврали соли 2026, №98",False,,,Тоҷикӣ / Форсӣ,,
tj_f_huriniso_1324,1324,female,Женский,Духтарона,Ҳ,Ҳуринисо,Хуринисо,Huriniso,ҲУРИНИСО,ХУРИНИСО,HURINISO,True,"Қарори Ҳукумати Ҷумҳурии Тоҷикистон аз 26 феврали соли 2026, №98",False,,,Тоҷикӣ / Форсӣ,,
tj_f_huriya_1325,1325,female,Женский,Духтарона,Ҳ,Ҳурия,Хурия,Huriya,ҲУРИЯ,ХУРИЯ,HURIYA,True,"Қарори Ҳукумати Ҷумҳурии Тоҷикистон аз 26 феврали соли 2026, №98",True,huriya,Свобода; небесная дева (гурия рая),Арабское,свободная; небесная; чистая; красивая; возвышенная,"Арабское حُرِيَّة (хурийя) — «свобода». Также связано с «хур ин» (حُورٌ عِينٌ — прекрасноокие гурии рая), упомянутыми в Коране (44:54, 52:20, 56:22). В Коране свобода (хуррийя) человека — условие нравственной ответственности: «Нет принуждения в религии» (2:256). В арабском национализме «хурийя» — лозунг освобождения. Имя несёт образ свободы духа и небесной чистоты."
tj_f_hurmoh_1326,1326,female,Женский,Духтарона,Ҳ,Ҳурмоҳ,Хурмох,Hurmoh,ҲУРМОҲ,ХУРМОХ,HURMOH,True,"Қарори Ҳукумати Ҷумҳурии Тоҷикистон аз 26 феврали соли 2026, №98",False,,,Тоҷикӣ / Форсӣ,,
tj_f_huro_1327,1327,female,Женский,Духтарона,Ҳ,Ҳуро,Хуро,Huro,ҲУРО,ХУРО,HURO,True,"Қарори Ҳукумати Ҷумҳурии Тоҷикистон аз 26 феврали соли 2026, №98",False,,,Тоҷикӣ / Форсӣ,,
tj_f_huron_1328,1328,female,Женский,Духтарона,Ҳ,Ҳурон,Хурон,Huron,ҲУРОН,ХУРОН,HURON,True,"Қарори Ҳукумати Ҷумҳурии Тоҷикистон аз 26 феврали соли 2026, №98",False,,,Тоҷикӣ / Форсӣ,,
tj_f_husnafruz_1329,1329,female,Женский,Духтарона,Ҳ,Ҳуснафрӯз,Хуснафруз,Husnafruz,ҲУСНАФРӮЗ,ХУСНАФРУЗ,HUSNAFRUZ,True,"Қарори Ҳукумати Ҷумҳурии Тоҷикистон аз 26 феврали соли 2026, №98",False,,,Тоҷикӣ / Форсӣ,,
tj_f_husnigul_1330,1330,female,Женский,Духтарона,Ҳ,Ҳуснигул,Хуснигул,Husnigul,ҲУСНИГУЛ,ХУСНИГУЛ,HUSNIGUL,True,"Қарори Ҳукумати Ҷумҳурии Тоҷикистон аз 26 феврали соли 2026, №98",False,,,Тоҷикӣ / Форсӣ,,
tj_f_husnijahon_1331,1331,female,Женский,Духтарона,Ҳ,Ҳусниҷаҳон,Хусниджахон,Husnijahon,ҲУСНИҶАҲОН,ХУСНИДЖАХОН,HUSNIJAHON,True,"Қарори Ҳукумати Ҷумҳурии Тоҷикистон аз 26 феврали соли 2026, №98",False,,,Тоҷикӣ / Форсӣ,,
tj_f_husniya_1332,1332,female,Женский,Духтарона,Ҳ,Ҳусния,Хусния,Husniya,ҲУСНИЯ,ХУСНИЯ,HUSNIYA,True,"Қарори Ҳукумати Ҷумҳурии Тоҷикистон аз 26 феврали соли 2026, №98",False,,,Тоҷикӣ / Форсӣ,,
tj_f_husnoro_1333,1333,female,Женский,Духтарона,Ҳ,Ҳусноро,Хусноро,Husnoro,ҲУСНОРО,ХУСНОРО,HUSNORO,True,"Қарори Ҳукумати Ҷумҳурии Тоҷикистон аз 26 феврали соли 2026, №98",False,,,Тоҷикӣ / Форсӣ,,
tj_f_hushiyo_1334,1334,female,Женский,Духтарона,Ҳ,Ҳушиё,Хушиё,Hushiyo,ҲУШИЁ,ХУШИЁ,HUSHIYO,True,"Қарори Ҳукумати Ҷумҳурии Тоҷикистон аз 26 феврали соли 2026, №98",False,,,Тоҷикӣ / Форсӣ,,
tj_f_hushrabo_1335,1335,female,Женский,Духтарона,Ҳ,Ҳушрабо,Хушрабо,Hushrabo,ҲУШРАБО,ХУШРАБО,HUSHRABO,True,"Қарори Ҳукумати Ҷумҳурии Тоҷикистон аз 26 феврали соли 2026, №98",False,,,Тоҷикӣ / Форсӣ,,
tj_f_chaman_1336,1336,female,Женский,Духтарона,Ч,Чаман,Чаман,Chaman,ЧАМАН,ЧАМАН,CHAMAN,True,"Қарори Ҳукумати Ҷумҳурии Тоҷикистон аз 26 феврали соли 2026, №98",False,,,Тоҷикӣ / Форсӣ,,
tj_f_chamanafruz_1337,1337,female,Женский,Духтарона,Ч,Чаманафрӯз,Чаманафруз,Chamanafruz,ЧАМАНАФРӮЗ,ЧАМАНАФРУЗ,CHAMANAFRUZ,True,"Қарори Ҳукумати Ҷумҳурии Тоҷикистон аз 26 феврали соли 2026, №98",False,,,Тоҷикӣ / Форсӣ,,
tj_f_chamanbu_1338,1338,female,Женский,Духтарона,Ч,Чаманбӯ,Чаманбу,Chamanbu,ЧАМАНБӮ,ЧАМАНБУ,CHAMANBU,True,"Қарори Ҳукумати Ҷумҳурии Тоҷикистон аз 26 феврали соли 2026, №98",False,,,Тоҷикӣ / Форсӣ,,
tj_f_chamangul_1339,1339,female,Женский,Духтарона,Ч,Чамангул,Чамангул,Chamangul,ЧАМАНГУЛ,ЧАМАНГУЛ,CHAMANGUL,True,"Қарори Ҳукумати Ҷумҳурии Тоҷикистон аз 26 феврали соли 2026, №98",False,,,Тоҷикӣ / Форсӣ,,
tj_f_chamandukht_1340,1340,female,Женский,Духтарона,Ч,Чамандухт,Чамандухт,Chamandukht,ЧАМАНДУХТ,ЧАМАНДУХТ,CHAMANDUKHT,True,"Қарори Ҳукумати Ҷумҳурии Тоҷикистон аз 26 феврали соли 2026, №98",False,,,Тоҷикӣ / Форсӣ,,
tj_f_chamanzeb_1341,1341,female,Женский,Духтарона,Ч,Чаманзеб,Чаманзеб,Chamanzeb,ЧАМАНЗЕБ,ЧАМАНЗЕБ,CHAMANZEB,True,"Қарори Ҳукумати Ҷумҳурии Тоҷикистон аз 26 феврали соли 2026, №98",False,,,Тоҷикӣ / Форсӣ,,
tj_f_chamanro_1342,1342,female,Женский,Духтарона,Ч,Чаманоро,Чаманоро,Chamanоro,ЧАМАНОРО,ЧАМАНОРО,CHAMANОRO,True,"Қарори Ҳукумати Ҷумҳурии Тоҷикистон аз 26 феврали соли 2026, №98",False,,,Тоҷикӣ / Форсӣ,,
tj_f_chehroro_1343,1343,female,Женский,Духтарона,Ч,Чеҳроро,Чехроро,Chehroro,ЧЕҲРОРО,ЧЕХРОРО,CHEHRORO,True,"Қарори Ҳукумати Ҷумҳурии Тоҷикистон аз 26 феврали соли 2026, №98",False,,,Тоҷикӣ / Форсӣ,,
tj_f_chehrorom_1344,1344,female,Женский,Духтарона,Ч,Чеҳрором,Чехрором,Chehrorom,ЧЕҲРОРОМ,ЧЕХРОРОМ,CHEHROROM,True,"Қарори Ҳукумати Ҷумҳурии Тоҷикистон аз 26 феврали соли 2026, №98",False,,,Тоҷикӣ / Форсӣ,,
tj_f_chehra_1345,1345,female,Женский,Духтарона,Ч,Чеҳра,Чехра,Chehra,ЧЕҲРА,ЧЕХРА,CHEHRA,True,"Қарори Ҳукумати Ҷумҳурии Тоҷикистон аз 26 феврали соли 2026, №98",False,,,Тоҷикӣ / Форсӣ,,
tj_f_chehrapari_1346,1346,female,Женский,Духтарона,Ч,Чеҳрапарӣ,Чехрапари,Chehrapari,ЧЕҲРАПАРӢ,ЧЕХРАПАРИ,CHEHRAPARI,True,"Қарори Ҳукумати Ҷумҳурии Тоҷикистон аз 26 феврали соли 2026, №98",False,,,Тоҷикӣ / Форсӣ,,
tj_f_chiradast_1347,1347,female,Женский,Духтарона,Ч,Чирадаст,Чирадаст,Chiradast,ЧИРАДАСТ,ЧИРАДАСТ,CHIRADAST,True,"Қарори Ҳукумати Ҷумҳурии Тоҷикистон аз 26 феврали соли 2026, №98",False,,,Тоҷикӣ / Форсӣ,,
tj_f_javohir_1348,1348,female,Женский,Духтарона,Ҷ,Ҷавоҳир,Джавохир,Javohir,ҶАВОҲИР,ДЖАВОХИР,JAVOHIR,True,"Қарори Ҳукумати Ҷумҳурии Тоҷикистон аз 26 феврали соли 2026, №98",True,jawahir,"Драгоценные камни, сокровища (мн.ч. от «джавхар»)",Арабское,драгоценная; ценная; блестящая; редкая; исключительная,"Арабское جَوَاهِر (джавахир) — множественное число от «джавхар» (جَوْهَر — драгоценный камень, суть, сущность). В исламской философии «джавхар» и «арад» (субстанция и акциденция) — базовая онтологическая пара, введённая мутакаллимами. В поэзии «джавахир аль-байан» — «драгоценные перлы красноречия». Имя несёт двойной смысл: ценность личности и её внутренняя суть."
tj_f_javhar_1349,1349,female,Женский,Духтарона,Ҷ,Ҷавҳар,Джавхар,Javhar,ҶАВҲАР,ДЖАВХАР,JAVHAR,True,"Қарори Ҳукумати Ҷумҳурии Тоҷикистон аз 26 феврали соли 2026, №98",False,,,Тоҷикӣ / Форсӣ,,
tj_f_jamila_1350,1350,female,Женский,Духтарона,Ҷ,Ҷамила,Джамила,Jamila,ҶАМИЛА,ДЖАМИЛА,JAMILA,True,"Қарори Ҳукумати Ҷумҳурии Тоҷикистон аз 26 феврали соли 2026, №98",True,jameela,"Красивая, прекрасная",Арабское,красивая; обаятельная; привлекательная; добрая; элегантная,"Женская форма от جَمِيل (джамиль) — «красивый»: جَمِيلَة (джамила). В исламе красота — атрибут Аллаха: «Аллах красив и любит красоту» (Сахих Муслим). Джамиля Бухираед (р. 1935) — алжирская участница войны за независимость, ставшая символом национального сопротивления; её пытали французские военные, но она не выдала товарищей. Жан-Поль Сартр написал предисловие к её книге воспоминаний. Имя символизирует сочетание красоты и мужества."
tj_f_jamoloro_1351,1351,female,Женский,Духтарона,Ҷ,Ҷамолоро,Джамолоро,Jamoloro,ҶАМОЛОРО,ДЖАМОЛОРО,JAMOLORO,True,"Қарори Ҳукумати Ҷумҳурии Тоҷикистон аз 26 феврали соли 2026, №98",False,,,Тоҷикӣ / Форсӣ,,
tj_f_jarira_1352,1352,female,Женский,Духтарона,Ҷ,Ҷарира,Джарира,Jarira,ҶАРИРА,ДЖАРИРА,JARIRA,True,"Қарори Ҳукумати Ҷумҳурии Тоҷикистон аз 26 феврали соли 2026, №98",False,,,Тоҷикӣ / Форсӣ,,
tj_f_jahon_1353,1353,female,Женский,Духтарона,Ҷ,Ҷаҳон,Джахон,Jahon,ҶАҲОН,ДЖАХОН,JAHON,True,"Қарори Ҳукумати Ҷумҳурии Тоҷикистон аз 26 феврали соли 2026, №98",False,,,Тоҷикӣ / Форсӣ,,
tj_f_jahonafruz_1354,1354,female,Женский,Духтарона,Ҷ,Ҷаҳонафрӯз,Джахонафруз,Jahonafruz,ҶАҲОНАФРӮЗ,ДЖАХОНАФРУЗ,JAHONAFRUZ,True,"Қарори Ҳукумати Ҷумҳурии Тоҷикистон аз 26 феврали соли 2026, №98",False,,,Тоҷикӣ / Форсӣ,,
tj_f_jahonbakht_1355,1355,female,Женский,Духтарона,Ҷ,Ҷаҳонбахт,Джахонбахт,Jahonbakht,ҶАҲОНБАХТ,ДЖАХОНБАХТ,JAHONBAKHT,True,"Қарори Ҳукумати Ҷумҳурии Тоҷикистон аз 26 феврали соли 2026, №98",False,,,Тоҷикӣ / Форсӣ,,
tj_f_jahonbakhsh_1356,1356,female,Женский,Духтарона,Ҷ,Ҷаҳонбахш,Джахонбахш,Jahonbakhsh,ҶАҲОНБАХШ,ДЖАХОНБАХШ,JAHONBAKHSH,True,"Қарори Ҳукумати Ҷумҳурии Тоҷикистон аз 26 феврали соли 2026, №98",False,,,Тоҷикӣ / Форсӣ,,
tj_f_jahonoro_1357,1357,female,Женский,Духтарона,Ҷ,Ҷаҳоноро,Джахоноро,Jahonoro,ҶАҲОНОРО,ДЖАХОНОРО,JAHONORO,True,"Қарори Ҳукумати Ҷумҳурии Тоҷикистон аз 26 феврали соли 2026, №98",False,,,Тоҷикӣ / Форсӣ,,
tj_f_jahontob_1358,1358,female,Женский,Духтарона,Ҷ,Ҷаҳонтоб,Джахонтоб,Jahontob,ҶАҲОНТОБ,ДЖАХОНТОБ,JAHONTOB,True,"Қарори Ҳукумати Ҷумҳурии Тоҷикистон аз 26 феврали соли 2026, №98",False,,,Тоҷикӣ / Форсӣ,,
tj_f_jahonshod_1359,1359,female,Женский,Духтарона,Ҷ,Ҷаҳоншод,Джахоншод,Jahonshod,ҶАҲОНШОД,ДЖАХОНШОД,JAHONSHOD,True,"Қарори Ҳукумати Ҷумҳурии Тоҷикистон аз 26 феврали соли 2026, №98",False,,,Тоҷикӣ / Форсӣ,,
tj_f_jonafshon_1360,1360,female,Женский,Духтарона,Ҷ,Ҷонафшон,Джонафшон,Jonafshon,ҶОНАФШОН,ДЖОНАФШОН,JONAFSHON,True,"Қарори Ҳукумати Ҷумҳурии Тоҷикистон аз 26 феврали соли 2026, №98",False,,,Тоҷикӣ / Форсӣ,,
tj_f_jonbakhsh_1361,1361,female,Женский,Духтарона,Ҷ,Ҷонбахш,Джонбахш,Jonbakhsh,ҶОНБАХШ,ДЖОНБАХШ,JONBAKHSH,True,"Қарори Ҳукумати Ҷумҳурии Тоҷикистон аз 26 феврали соли 2026, №98",False,,,Тоҷикӣ / Форсӣ,,
tj_f_jonbibi_1362,1362,female,Женский,Духтарона,Ҷ,Ҷонбибӣ,Джонбиби,Jonbibi,ҶОНБИБӢ,ДЖОНБИБИ,JONBIBI,True,"Қарори Ҳукумати Ҷумҳурии Тоҷикистон аз 26 феврали соли 2026, №98",False,,,Тоҷикӣ / Форсӣ,,
tj_f_jonon_1363,1363,female,Женский,Духтарона,Ҷ,Ҷонон,Джонон,Jonon,ҶОНОН,ДЖОНОН,JONON,True,"Қарори Ҳукумати Ҷумҳурии Тоҷикистон аз 26 феврали соли 2026, №98",False,,,Тоҷикӣ / Форсӣ,,
tj_f_jonona_1364,1364,female,Женский,Духтарона,Ҷ,Ҷонона,Джонона,Jonona,ҶОНОНА,ДЖОНОНА,JONONA,True,"Қарори Ҳукумати Ҷумҳурии Тоҷикистон аз 26 феврали соли 2026, №98",False,,,Тоҷикӣ / Форсӣ,,
tj_f_jonoro_1365,1365,female,Женский,Духтарона,Ҷ,Ҷоноро,Джоноро,Jonoro,ҶОНОРО,ДЖОНОРО,JONORO,True,"Қарори Ҳукумати Ҷумҳурии Тоҷикистон аз 26 феврали соли 2026, №98",False,,,Тоҷикӣ / Форсӣ,,
tj_f_jonoro_1366,1366,female,Женский,Духтарона,Ҷ,Ҷонором,Джонором,Jonoroм,ҶОНОРОМ,ДЖОНОРОМ,JONOROМ,True,"Қарори Ҳукумати Ҷумҳурии Тоҷикистон аз 26 феврали соли 2026, №98",False,,,Тоҷикӣ / Форсӣ,,
tj_f_jonfizo_1367,1367,female,Женский,Духтарона,Ҷ,Ҷонфизо,Джонфизо,Jonfizo,ҶОНФИЗО,ДЖОНФИЗО,JONFIZO,True,"Қарори Ҳукумати Ҷумҳурии Тоҷикистон аз 26 феврали соли 2026, №98",False,,,Тоҷикӣ / Форсӣ,,
tj_f_jumagul_1368,1368,female,Женский,Духтарона,Ҷ,Ҷумъагул,Джумъагул,Jum’agul,ҶУМЪАГУЛ,ДЖУМЪАГУЛ,JUM’AGUL,True,"Қарори Ҳукумати Ҷумҳурии Тоҷикистон аз 26 феврали соли 2026, №98",False,,,Тоҷикӣ / Форсӣ,,
tj_f_shabafruz_1369,1369,female,Женский,Духтарона,Ш,Шабафрӯз,Шабафруз,Shabafruz,ШАБАФРӮЗ,ШАБАФРУЗ,SHABAFRUZ,True,"Қарори Ҳукумати Ҷумҳурии Тоҷикистон аз 26 феврали соли 2026, №98",False,,,Тоҷикӣ / Форсӣ,,
tj_f_shabboda_1370,1370,female,Женский,Духтарона,Ш,Шаббода,Шаббода,Shabboda,ШАББОДА,ШАББОДА,SHABBODA,True,"Қарори Ҳукумати Ҷумҳурии Тоҷикистон аз 26 феврали соли 2026, №98",False,,,Тоҷикӣ / Форсӣ,,
tj_f_shabnam_1371,1371,female,Женский,Духтарона,Ш,Шабнам,Шабнам,Shabnam,ШАБНАМ,ШАБНАМ,SHABNAM,True,"Қарори Ҳукумати Ҷумҳурии Тоҷикистон аз 26 феврали соли 2026, №98",False,,,Тоҷикӣ / Форсӣ,,
tj_f_shabohang_1372,1372,female,Женский,Духтарона,Ш,Шабоҳанг,Шабоханг,Shabohang,ШАБОҲАНГ,ШАБОХАНГ,SHABOHANG,True,"Қарори Ҳукумати Ҷумҳурии Тоҷикистон аз 26 феврали соли 2026, №98",False,,,Тоҷикӣ / Форсӣ,,
tj_f_shavqiya_1373,1373,female,Женский,Духтарона,Ш,Шавқия,Шавкия,Shavqiya,ШАВҚИЯ,ШАВКИЯ,SHAVQIYA,True,"Қарори Ҳукумати Ҷумҳурии Тоҷикистон аз 26 феврали соли 2026, №98",False,,,Тоҷикӣ / Форсӣ,,
tj_f_shakarafshon_1374,1374,female,Женский,Духтарона,Ш,Шакарафшон,Шакарафшон,Shakarafshon,ШАКАРАФШОН,ШАКАРАФШОН,SHAKARAFSHON,True,"Қарори Ҳукумати Ҷумҳурии Тоҷикистон аз 26 феврали соли 2026, №98",False,,,Тоҷикӣ / Форсӣ,,
tj_f_shakarnoz_1375,1375,female,Женский,Духтарона,Ш,Шакарноз,Шакарноз,Shakarnoz,ШАКАРНОЗ,ШАКАРНОЗ,SHAKARNOZ,True,"Қарори Ҳукумати Ҷумҳурии Тоҷикистон аз 26 феврали соли 2026, №98",False,,,Тоҷикӣ / Форсӣ,,
tj_f_shakibo_1376,1376,female,Женский,Духтарона,Ш,Шакибо,Шакибо,Shakibo,ШАКИБО,ШАКИБО,SHAKIBO,True,"Қарори Ҳукумати Ҷумҳурии Тоҷикистон аз 26 феврали соли 2026, №98",False,,,Тоҷикӣ / Форсӣ,,
tj_f_shamima_1377,1377,female,Женский,Духтарона,Ш,Шамима,Шамима,Shamima,ШАМИМА,ШАМИМА,SHAMIMA,True,"Қарори Ҳукумати Ҷумҳурии Тоҷикистон аз 26 феврали соли 2026, №98",False,,,Тоҷикӣ / Форсӣ,,
tj_f_shamma_1378,1378,female,Женский,Духтарона,Ш,Шамома,Шамома,Shamоma,ШАМОМА,ШАМОМА,SHAMОMA,True,"Қарори Ҳукумати Ҷумҳурии Тоҷикистон аз 26 феврали соли 2026, №98",False,,,Тоҷикӣ / Форсӣ,,
tj_f_shamsiya_1379,1379,female,Женский,Духтарона,Ш,Шамсия,Шамсия,Shamsiya,ШАМСИЯ,ШАМСИЯ,SHAMSIYA,True,"Қарори Ҳукумати Ҷумҳурии Тоҷикистон аз 26 феврали соли 2026, №98",False,,,Тоҷикӣ / Форсӣ,,
tj_f_shamsoro_1380,1380,female,Женский,Духтарона,Ш,Шамсоро,Шамсоро,Shamsoro,ШАМСОРО,ШАМСОРО,SHAMSORO,True,"Қарори Ҳукумати Ҷумҳурии Тоҷикистон аз 26 феврали соли 2026, №98",False,,,Тоҷикӣ / Форсӣ,,
tj_f_shamafruz_1381,1381,female,Женский,Духтарона,Ш,Шамъафрӯз,Шамъафруз,Sham’afruz,ШАМЪАФРӮЗ,ШАМЪАФРУЗ,SHAM’AFRUZ,True,"Қарори Ҳукумати Ҷумҳурии Тоҷикистон аз 26 феврали соли 2026, №98",False,,,Тоҷикӣ / Форсӣ,,
tj_f_shamigul_1382,1382,female,Женский,Духтарона,Ш,Шамъигул,Шамъигул,Sham’igul,ШАМЪИГУЛ,ШАМЪИГУЛ,SHAM’IGUL,True,"Қарори Ҳукумати Ҷумҳурии Тоҷикистон аз 26 феврали соли 2026, №98",False,,,Тоҷикӣ / Форсӣ,,
tj_f_sharifa_1383,1383,female,Женский,Духтарона,Ш,Шарифа,Шарифа,Sharifa,ШАРИФА,ШАРИФА,SHARIFA,True,"Қарори Ҳукумати Ҷумҳурии Тоҷикистон аз 26 феврали соли 2026, №98",False,,,Тоҷикӣ / Форсӣ,,
tj_f_sharora_1384,1384,female,Женский,Духтарона,Ш,Шарора,Шарора,Sharora,ШАРОРА,ШАРОРА,SHARORA,True,"Қарори Ҳукумати Ҷумҳурии Тоҷикистон аз 26 феврали соли 2026, №98",False,,,Тоҷикӣ / Форсӣ,,
tj_f_sharofat_1385,1385,female,Женский,Духтарона,Ш,Шарофат,Шарофат,Sharofat,ШАРОФАТ,ШАРОФАТ,SHAROFAT,True,"Қарори Ҳукумати Ҷумҳурии Тоҷикистон аз 26 феврали соли 2026, №98",False,,,Тоҷикӣ / Форсӣ,,
tj_f_shafaq_1386,1386,female,Женский,Духтарона,Ш,Шафақ,Шафак,Shafaq,ШАФАҚ,ШАФАК,SHAFAQ,True,"Қарори Ҳукумати Ҷумҳурии Тоҷикистон аз 26 феврали соли 2026, №98",False,,,Тоҷикӣ / Форсӣ,,
tj_f_shafiqa_1387,1387,female,Женский,Духтарона,Ш,Шафиқа,Шафика,Shafiqa,ШАФИҚА,ШАФИКА,SHAFIQA,True,"Қарори Ҳукумати Ҷумҳурии Тоҷикистон аз 26 феврали соли 2026, №98",False,,,Тоҷикӣ / Форсӣ,,
tj_f_shafiya_1388,1388,female,Женский,Духтарона,Ш,Шафия,Шафия,Shafiya,ШАФИЯ,ШАФИЯ,SHAFIYA,True,"Қарори Ҳукумати Ҷумҳурии Тоҷикистон аз 26 феврали соли 2026, №98",False,,,Тоҷикӣ / Форсӣ,,
tj_f_shahbibi_1389,1389,female,Женский,Духтарона,Ш,Шаҳбибӣ,Шахбиби,Shahbibi,ШАҲБИБӢ,ШАХБИБИ,SHAHBIBI,True,"Қарори Ҳукумати Ҷумҳурии Тоҷикистон аз 26 феврали соли 2026, №98",False,,,Тоҷикӣ / Форсӣ,,
tj_f_shahbonu_1390,1390,female,Женский,Духтарона,Ш,Шаҳбону,Шахбону,Shahbonu,ШАҲБОНУ,ШАХБОНУ,SHAHBONU,True,"Қарори Ҳукумати Ҷумҳурии Тоҷикистон аз 26 феврали соли 2026, №98",False,,,Тоҷикӣ / Форсӣ,,
tj_f_shahgul_1391,1391,female,Женский,Духтарона,Ш,Шаҳгул,Шахгул,Shahgul,ШАҲГУЛ,ШАХГУЛ,SHAHGUL,True,"Қарори Ҳукумати Ҷумҳурии Тоҷикистон аз 26 феврали соли 2026, №98",False,,,Тоҷикӣ / Форсӣ,,
tj_f_shahdiya_1392,1392,female,Женский,Духтарона,Ш,Шаҳдия,Шахдия,Shahdiya,ШАҲДИЯ,ШАХДИЯ,SHAHDIYA,True,"Қарори Ҳукумати Ҷумҳурии Тоҷикистон аз 26 феврали соли 2026, №98",False,,,Тоҷикӣ / Форсӣ,,
tj_f_shahdona_1393,1393,female,Женский,Духтарона,Ш,Шаҳдона,Шахдона,Shahdona,ШАҲДОНА,ШАХДОНА,SHAHDONA,True,"Қарори Ҳукумати Ҷумҳурии Тоҷикистон аз 26 феврали соли 2026, №98",False,,,Тоҷикӣ / Форсӣ,,
tj_f_shahin_1394,1394,female,Женский,Духтарона,Ш,Шаҳина,Шахина,Shahinа,ШАҲИНА,ШАХИНА,SHAHINА,True,"Қарори Ҳукумати Ҷумҳурии Тоҷикистон аз 26 феврали соли 2026, №98",False,,,Тоҷикӣ / Форсӣ,,
tj_f_shahlo_1395,1395,female,Женский,Духтарона,Ш,Шаҳло,Шахло,Shahlo,ШАҲЛО,ШАХЛО,SHAHLO,True,"Қарори Ҳукумати Ҷумҳурии Тоҷикистон аз 26 феврали соли 2026, №98",True,shahla,"Голубоглазая, со стальными глазами",Арабское,привлекательная; яркая; проницательная; выразительная; красивая,"Арабское شَهْلَاء (шахля) — «женщина с голубыми или серо-зелёными глазами», редкий и восхитительный цвет глаз в арабской эстетике. В арабской поэзии «шахля» — эпитет красавицы с пронизывающим, необычным взглядом. Доисламская поэтесса аль-Ханса использовала подобные образы. В персидской поэзии Хафиз воспевал «шахля» как особенно пленительные глаза. Имя распространено в Иране, Афганистане, арабских странах."
tj_f_shahnavoz_1396,1396,female,Женский,Духтарона,Ш,Шаҳнавоз,Шахнавоз,Shahnavoz,ШАҲНАВОЗ,ШАХНАВОЗ,SHAHNAVOZ,True,"Қарори Ҳукумати Ҷумҳурии Тоҷикистон аз 26 феврали соли 2026, №98",False,,,Тоҷикӣ / Форсӣ,,
tj_f_shahnoz_1397,1397,female,Женский,Духтарона,Ш,Шаҳноз,Шахноз,Shahnoz,ШАҲНОЗ,ШАХНОЗ,SHAHNOZ,True,"Қарори Ҳукумати Ҷумҳурии Тоҷикистон аз 26 феврали соли 2026, №98",True,shahnaz,"Гордость шаха, царская нега",Персидское,царственная; гордая; благородная; изящная; величественная,"Персидское شاهناز (шахназ) — сложное слово: «шах» (царь) + «наз» (нежность, гордость, кокетство): «царская нега, гордость шаха». Наз в персидском — тонкое понятие: кокетливая нежность, которую позволяет себе любимый человек. Шахназ — также название музыкального лада (дастгах/макам) в иранской классической музыке. Принцесса Шахназ Пехлеви (р. 1940) — старшая дочь шаха Мохаммада Резы. Имя широко распространено в Иране, Афганистане, Пакистане."
tj_f_shahrbonu_1398,1398,female,Женский,Духтарона,Ш,Шаҳрбону,Шахрбону,Shahrbonu,ШАҲРБОНУ,ШАХРБОНУ,SHAHRBONU,True,"Қарори Ҳукумати Ҷумҳурии Тоҷикистон аз 26 феврали соли 2026, №98",False,,,Тоҷикӣ / Форсӣ,,
tj_f_shahrigul_1399,1399,female,Женский,Духтарона,Ш,Шаҳригул,Шахригул,Shahrigul,ШАҲРИГУЛ,ШАХРИГУЛ,SHAHRIGUL,True,"Қарори Ҳукумати Ҷумҳурии Тоҷикистон аз 26 феврали соли 2026, №98",False,,,Тоҷикӣ / Форсӣ,,
tj_f_shahrinoz_1400,1400,female,Женский,Духтарона,Ш,Шаҳриноз,Шахриноз,Shahrinoz,ШАҲРИНОЗ,ШАХРИНОЗ,SHAHRINOZ,True,"Қарори Ҳукумати Ҷумҳурии Тоҷикистон аз 26 феврали соли 2026, №98",False,,,Тоҷикӣ / Форсӣ,,
tj_f_shahriya_1401,1401,female,Женский,Духтарона,Ш,Шаҳрия,Шахрия,Shahriya,ШАҲРИЯ,ШАХРИЯ,SHAHRIYA,True,"Қарори Ҳукумати Ҷумҳурии Тоҷикистон аз 26 феврали соли 2026, №98",False,,,Тоҷикӣ / Форсӣ,,
tj_f_shahrnavoz_1402,1402,female,Женский,Духтарона,Ш,Шаҳрнавоз,Шахрнавоз,Shahrnavoz,ШАҲРНАВОЗ,ШАХРНАВОЗ,SHAHRNAVOZ,True,"Қарори Ҳукумати Ҷумҳурии Тоҷикистон аз 26 феврали соли 2026, №98",False,,,Тоҷикӣ / Форсӣ,,
tj_f_shahrnigor_1403,1403,female,Женский,Духтарона,Ш,Шаҳрнигор,Шахрнигор,Shahrnigor,ШАҲРНИГОР,ШАХРНИГОР,SHAHRNIGOR,True,"Қарори Ҳукумати Ҷумҳурии Тоҷикистон аз 26 феврали соли 2026, №98",False,,,Тоҷикӣ / Форсӣ,,
tj_f_shahrnoz_1404,1404,female,Женский,Духтарона,Ш,Шаҳрноз,Шахрноз,Shahrnoz,ШАҲРНОЗ,ШАХРНОЗ,SHAHRNOZ,True,"Қарори Ҳукумати Ҷумҳурии Тоҷикистон аз 26 феврали соли 2026, №98",False,,,Тоҷикӣ / Форсӣ,,
tj_f_shahrnush_1405,1405,female,Женский,Духтарона,Ш,Шаҳрнуш,Шахрнуш,Shahrnush,ШАҲРНУШ,ШАХРНУШ,SHAHRNUSH,True,"Қарори Ҳукумати Ҷумҳурии Тоҷикистон аз 26 феврали соли 2026, №98",False,,,Тоҷикӣ / Форсӣ,,
tj_f_shedmoh_1406,1406,female,Женский,Духтарона,Ш,Шедмоҳ,Шедмох,Shedmoh,ШЕДМОҲ,ШЕДМОХ,SHEDMOH,True,"Қарори Ҳукумати Ҷумҳурии Тоҷикистон аз 26 феврали соли 2026, №98",False,,,Тоҷикӣ / Форсӣ,,
tj_f_shefta_1407,1407,female,Женский,Духтарона,Ш,Шефта,Шефта,Shefta,ШЕФТА,ШЕФТА,SHEFTA,True,"Қарори Ҳукумати Ҷумҳурии Тоҷикистон аз 26 феврали соли 2026, №98",False,,,Тоҷикӣ / Форсӣ,,
tj_f_shikebo_1408,1408,female,Женский,Духтарона,Ш,Шикебо,Шикебо,Shikebo,ШИКЕБО,ШИКЕБО,SHIKEBO,True,"Қарори Ҳукумати Ҷумҳурии Тоҷикистон аз 26 феврали соли 2026, №98",False,,,Тоҷикӣ / Форсӣ,,
tj_f_shirvona_1409,1409,female,Женский,Духтарона,Ш,Ширвона,Ширвона,Shirvona,ШИРВОНА,ШИРВОНА,SHIRVONA,True,"Қарори Ҳукумати Ҷумҳурии Тоҷикистон аз 26 феврали соли 2026, №98",False,,,Тоҷикӣ / Форсӣ,,
tj_f_shirin_1410,1410,female,Женский,Духтарона,Ш,Ширин,Ширин,Shirin,ШИРИН,ШИРИН,SHIRIN,True,"Қарори Ҳукумати Ҷумҳурии Тоҷикистон аз 26 феврали соли 2026, №98",True,shirin,"Сладкая, приятная",Персидское,красивая; нежная; добрая; весёлая,شیرین — «сладкая». Имя легендарной армянской принцессы из классической персидской поэмы Низами.
tj_f_shifo_1411,1411,female,Женский,Духтарона,Ш,Шифо,Шифо,Shifo,ШИФО,ШИФО,SHIFO,True,"Қарори Ҳукумати Ҷумҳурии Тоҷикистон аз 26 феврали соли 2026, №98",True,shifaa,"Исцеление, лечение",Арабское,целительная; добрая; заботливая; полезная; нежная,"Арабское شِفَاء (шифа) — «исцеление, лечение». В Коране (10:57): «Уже пришло к вам увещание от вашего Господа, исцеление (شِفَاء) того, что в груди». В (17:82): «Мы ниспосылаем из Корана то, что является исцелением». Аш-Шифа бинт Абдулла аль-Адавийя — сподвижница Пророка; первая женщина-инспектор рынка в Медине и Мекке, практиковавшая медицину. Халиф Умар назначил её надзирательницей за рынком."
tj_f_shogun_1412,1412,female,Женский,Духтарона,Ш,Шогуна,Шогуна,Shogunа,ШОГУНА,ШОГУНА,SHOGUNА,True,"Қарори Ҳукумати Ҷумҳурии Тоҷикистон аз 26 феврали соли 2026, №98",False,,,Тоҷикӣ / Форсӣ,,
tj_f_shodigul_1413,1413,female,Женский,Духтарона,Ш,Шодигул,Шодигул,Shodigul,ШОДИГУЛ,ШОДИГУЛ,SHODIGUL,True,"Қарори Ҳукумати Ҷумҳурии Тоҷикистон аз 26 феврали соли 2026, №98",False,,,Тоҷикӣ / Форсӣ,,
tj_f_shodiyona_1414,1414,female,Женский,Духтарона,Ш,Шодиёна,Шодиёна,Shodiyona,ШОДИЁНА,ШОДИЁНА,SHODIYONA,True,"Қарори Ҳукумати Ҷумҳурии Тоҷикистон аз 26 феврали соли 2026, №98",False,,,Тоҷикӣ / Форсӣ,,
tj_f_shodkoma_1415,1415,female,Женский,Духтарона,Ш,Шодкома,Шодкома,Shodkoma,ШОДКОМА,ШОДКОМА,SHODKOMA,True,"Қарори Ҳукумати Ҷумҳурии Тоҷикистон аз 26 феврали соли 2026, №98",False,,,Тоҷикӣ / Форсӣ,,
tj_f_shodnoz_1416,1416,female,Женский,Духтарона,Ш,Шодноз,Шодноз,Shodnoz,ШОДНОЗ,ШОДНОЗ,SHODNOZ,True,"Қарори Ҳукумати Ҷумҳурии Тоҷикистон аз 26 феврали соли 2026, №98",False,,,Тоҷикӣ / Форсӣ,,
tj_f_shodnush_1417,1417,female,Женский,Духтарона,Ш,Шоднуш,Шоднуш,Shodnush,ШОДНУШ,ШОДНУШ,SHODNUSH,True,"Қарори Ҳукумати Ҷумҳурии Тоҷикистон аз 26 феврали соли 2026, №98",False,,,Тоҷикӣ / Форсӣ,,
tj_f_shodona_1418,1418,female,Женский,Духтарона,Ш,Шодона,Шодона,Shodona,ШОДОНА,ШОДОНА,SHODONA,True,"Қарори Ҳукумати Ҷумҳурии Тоҷикистон аз 26 феврали соли 2026, №98",False,,,Тоҷикӣ / Форсӣ,,
tj_f_shodofarid_1419,1419,female,Женский,Духтарона,Ш,Шодофарид,Шодофарид,Shodofarid,ШОДОФАРИД,ШОДОФАРИД,SHODOFARID,True,"Қарори Ҳукумати Ҷумҳурии Тоҷикистон аз 26 феврали соли 2026, №98",False,,,Тоҷикӣ / Форсӣ,,
tj_f_shodpari_1420,1420,female,Женский,Духтарона,Ш,Шодпарӣ,Шодпари,Shodpari,ШОДПАРӢ,ШОДПАРИ,SHODPARI,True,"Қарори Ҳукумати Ҷумҳурии Тоҷикистон аз 26 феврали соли 2026, №98",False,,,Тоҷикӣ / Форсӣ,,
tj_f_shodchehra_1421,1421,female,Женский,Духтарона,Ш,Шодчеҳра,Шодчехра,Shodchehra,ШОДЧЕҲРА,ШОДЧЕХРА,SHODCHEHRA,True,"Қарори Ҳукумати Ҷумҳурии Тоҷикистон аз 26 феврали соли 2026, №98",False,,,Тоҷикӣ / Форсӣ,,
tj_f_shoyo_1422,1422,female,Женский,Духтарона,Ш,Шоё,Шоё,Shoyo,ШОЁ,ШОЁ,SHOYO,True,"Қарори Ҳукумати Ҷумҳурии Тоҷикистон аз 26 феврали соли 2026, №98",False,,,Тоҷикӣ / Форсӣ,,
tj_f_shoira_1423,1423,female,Женский,Духтарона,Ш,Шоира,Шоира,Shoira,ШОИРА,ШОИРА,SHOIRA,True,"Қарори Ҳукумати Ҷумҳурии Тоҷикистон аз 26 феврали соли 2026, №98",False,,,Тоҷикӣ / Форсӣ,,
tj_f_shoista_1424,1424,female,Женский,Духтарона,Ш,Шоиста,Шоиста,Shoista,ШОИСТА,ШОИСТА,SHOISTA,True,"Қарори Ҳукумати Ҷумҳурии Тоҷикистон аз 26 феврали соли 2026, №98",False,,,Тоҷикӣ / Форсӣ,,
tj_f_shokira_1425,1425,female,Женский,Духтарона,Ш,Шокира,Шокира,Shokira,ШОКИРА,ШОКИРА,SHOKIRA,True,"Қарори Ҳукумати Ҷумҳурии Тоҷикистон аз 26 феврали соли 2026, №98",False,,,Тоҷикӣ / Форсӣ,,
tj_f_shoron_1426,1426,female,Женский,Духтарона,Ш,Шорон,Шорон,Shoron,ШОРОН,ШОРОН,SHORON,True,"Қарори Ҳукумати Ҷумҳурии Тоҷикистон аз 26 феврали соли 2026, №98",False,,,Тоҷикӣ / Форсӣ,,
tj_f_shohbakht_1427,1427,female,Женский,Духтарона,Ш,Шоҳбахт,Шохбахт,Shohbakht,ШОҲБАХТ,ШОХБАХТ,SHOHBAKHT,True,"Қарори Ҳукумати Ҷумҳурии Тоҷикистон аз 26 феврали соли 2026, №98",False,,,Тоҷикӣ / Форсӣ,,
tj_f_shohgul_1428,1428,female,Женский,Духтарона,Ш,Шоҳгул,Шохгул,Shohgul,ШОҲГУЛ,ШОХГУЛ,SHOHGUL,True,"Қарори Ҳукумати Ҷумҳурии Тоҷикистон аз 26 феврали соли 2026, №98",False,,,Тоҷикӣ / Форсӣ,,
tj_f_shohguna_1429,1429,female,Женский,Духтарона,Ш,Шоҳгуна,Шохгуна,Shohguna,ШОҲГУНА,ШОХГУНА,SHOHGUNA,True,"Қарори Ҳукумати Ҷумҳурии Тоҷикистон аз 26 феврали соли 2026, №98",False,,,Тоҷикӣ / Форсӣ,,
tj_f_shohdukhtar_1430,1430,female,Женский,Духтарона,Ш,Шоҳдухтар,Шохдухтар,Shohdukhtar,ШОҲДУХТАР,ШОХДУХТАР,SHOHDUKHTAR,True,"Қарори Ҳукумати Ҷумҳурии Тоҷикистон аз 26 феврали соли 2026, №98",False,,,Тоҷикӣ / Форсӣ,,
tj_f_shohina_1431,1431,female,Женский,Духтарона,Ш,Шоҳина,Шохина,Shohina,ШОҲИНА,ШОХИНА,SHOHINA,True,"Қарори Ҳукумати Ҷумҳурии Тоҷикистон аз 26 феврали соли 2026, №98",False,,,Тоҷикӣ / Форсӣ,,
tj_f_shhnavoz_1432,1432,female,Женский,Духтарона,Ш,Шоҳнавоз,Шохнавоз,Shоhnavoz,ШОҲНАВОЗ,ШОХНАВОЗ,SHОHNAVOZ,True,"Қарори Ҳукумати Ҷумҳурии Тоҷикистон аз 26 феврали соли 2026, №98",False,,,Тоҷикӣ / Форсӣ,,
tj_f_shohona_1433,1433,female,Женский,Духтарона,Ш,Шоҳона,Шохона,Shohona,ШОҲОНА,ШОХОНА,SHOHONA,True,"Қарори Ҳукумати Ҷумҳурии Тоҷикистон аз 26 феврали соли 2026, №98",False,,,Тоҷикӣ / Форсӣ,,
tj_f_shohpari_1434,1434,female,Женский,Духтарона,Ш,Шоҳпарӣ,Шохпари,Shohpari,ШОҲПАРӢ,ШОХПАРИ,SHOHPARI,True,"Қарори Ҳукумати Ҷумҳурии Тоҷикистон аз 26 феврали соли 2026, №98",False,,,Тоҷикӣ / Форсӣ,,
tj_f_shohpisand_1435,1435,female,Женский,Духтарона,Ш,Шоҳписанд,Шохписанд,Shohpisand,ШОҲПИСАНД,ШОХПИСАНД,SHOHPISAND,True,"Қарори Ҳукумати Ҷумҳурии Тоҷикистон аз 26 феврали соли 2026, №98",False,,,Тоҷикӣ / Форсӣ,,
tj_f_shohsanam_1436,1436,female,Женский,Духтарона,Ш,Шоҳсанам,Шохсанам,Shohsanam,ШОҲСАНАМ,ШОХСАНАМ,SHOHSANAM,True,"Қарори Ҳукумати Ҷумҳурии Тоҷикистон аз 26 феврали соли 2026, №98",False,,,Тоҷикӣ / Форсӣ,,
tj_f_shohjamol_1437,1437,female,Женский,Духтарона,Ш,Шоҳҷамол,Шохджамол,Shohjamol,ШОҲҶАМОЛ,ШОХДЖАМОЛ,SHOHJAMOL,True,"Қарори Ҳукумати Ҷумҳурии Тоҷикистон аз 26 феврали соли 2026, №98",False,,,Тоҷикӣ / Форсӣ,,
tj_f_shoyu_1438,1438,female,Женский,Духтарона,Ш,Шою,Шою,Shoyu,ШОЮ,ШОЮ,SHOYU,True,"Қарори Ҳукумати Ҷумҳурии Тоҷикистон аз 26 феврали соли 2026, №98",False,,,Тоҷикӣ / Форсӣ,,
tj_f_shuvoro_1439,1439,female,Женский,Духтарона,Ш,Шуворо,Шуворо,Shuvoro,ШУВОРО,ШУВОРО,SHUVORO,True,"Қарори Ҳукумати Ҷумҳурии Тоҷикистон аз 26 феврали соли 2026, №98",False,,,Тоҷикӣ / Форсӣ,,
tj_f_shugun_1440,1440,female,Женский,Духтарона,Ш,Шугун,Шугун,Shugun,ШУГУН,ШУГУН,SHUGUN,True,"Қарори Ҳукумати Ҷумҳурии Тоҷикистон аз 26 феврали соли 2026, №98",False,,,Тоҷикӣ / Форсӣ,,
tj_f_shuguniyo_1441,1441,female,Женский,Духтарона,Ш,Шугуниё,Шугуниё,Shuguniyo,ШУГУНИЁ,ШУГУНИЁ,SHUGUNIYO,True,"Қарори Ҳукумати Ҷумҳурии Тоҷикистон аз 26 феврали соли 2026, №98",False,,,Тоҷикӣ / Форсӣ,,
tj_f_shukriya_1442,1442,female,Женский,Духтарона,Ш,Шукрия,Шукрия,Shukriya,ШУКРИЯ,ШУКРИЯ,SHUKRIYA,True,"Қарори Ҳукумати Ҷумҳурии Тоҷикистон аз 26 феврали соли 2026, №98",False,,,Тоҷикӣ / Форсӣ,,
tj_f_shukrona_1443,1443,female,Женский,Духтарона,Ш,Шукрона,Шукрона,Shukrona,ШУКРОНА,ШУКРОНА,SHUKRONA,True,"Қарори Ҳукумати Ҷумҳурии Тоҷикистон аз 26 феврали соли 2026, №98",False,,,Тоҷикӣ / Форсӣ,,
tj_f_shukufo_1444,1444,female,Женский,Духтарона,Ш,Шукуфо,Шукуфо,Shukufo,ШУКУФО,ШУКУФО,SHUKUFO,True,"Қарори Ҳукумати Ҷумҳурии Тоҷикистон аз 26 феврали соли 2026, №98",False,,,Тоҷикӣ / Форсӣ,,
tj_f_shukufon_1445,1445,female,Женский,Духтарона,Ш,Шукуфон,Шукуфон,Shukufon,ШУКУФОН,ШУКУФОН,SHUKUFON,True,"Қарори Ҳукумати Ҷумҳурии Тоҷикистон аз 26 феврали соли 2026, №98",False,,,Тоҷикӣ / Форсӣ,,
tj_f_shuhra_1446,1446,female,Женский,Духтарона,Ш,Шуҳра,Шухра,Shuhra,ШУҲРА,ШУХРА,SHUHRA,True,"Қарори Ҳукумати Ҷумҳурии Тоҷикистон аз 26 феврали соли 2026, №98",False,,,Тоҷикӣ / Форсӣ,,
tj_f_eris_1447,1447,female,Женский,Духтарона,Э,Эрис,Эрис,Eris,ЭРИС,ЭРИС,ERIS,True,"Қарори Ҳукумати Ҷумҳурии Тоҷикистон аз 26 феврали соли 2026, №98",False,,,Тоҷикӣ / Форсӣ,,
tj_f_eriso_1448,1448,female,Женский,Духтарона,Э,Эрисо,Эрисо,Eriso,ЭРИСО,ЭРИСО,ERISO,True,"Қарори Ҳукумати Ҷумҳурии Тоҷикистон аз 26 феврали соли 2026, №98",False,,,Тоҷикӣ / Форсӣ,,
tj_f_erongul_1449,1449,female,Женский,Духтарона,Э,Эронгул,Эронгул,Erongul,ЭРОНГУЛ,ЭРОНГУЛ,ERONGUL,True,"Қарори Ҳукумати Ҷумҳурии Тоҷикистон аз 26 феврали соли 2026, №98",False,,,Тоҷикӣ / Форсӣ,,
tj_f_etibor_1450,1450,female,Женский,Духтарона,Э,Эътибор,Эътибор,E’tibor,ЭЪТИБОР,ЭЪТИБОР,E’TIBOR,True,"Қарори Ҳукумати Ҷумҳурии Тоҷикистон аз 26 феврали соли 2026, №98",False,,,Тоҷикӣ / Форсӣ,,
tj_f_yakdona_1451,1451,female,Женский,Духтарона,Я,Якдона,Якдона,Yakdona,ЯКДОНА,ЯКДОНА,YAKDONA,True,"Қарори Ҳукумати Ҷумҳурии Тоҷикистон аз 26 феврали соли 2026, №98",False,,,Тоҷикӣ / Форсӣ,,
tj_f_yalbonu_1452,1452,female,Женский,Духтарона,Я,Ялбону,Ялбону,Yalbonu,ЯЛБОНУ,ЯЛБОНУ,YALBONU,True,"Қарори Ҳукумати Ҷумҳурии Тоҷикистон аз 26 феврали соли 2026, №98",False,,,Тоҷикӣ / Форсӣ,,
tj_f_yasno_1453,1453,female,Женский,Духтарона,Я,Ясно,Ясно,Yasno,ЯСНО,ЯСНО,YASNO,True,"Қарори Ҳукумати Ҷумҳурии Тоҷикистон аз 26 феврали соли 2026, №98",False,,,Тоҷикӣ / Форсӣ,,
tj_f_yashmin_1454,1454,female,Женский,Духтарона,Я,Яшмина,Яшмина,Yashminа,ЯШМИНА,ЯШМИНА,YASHMINА,True,"Қарори Ҳукумати Ҷумҳурии Тоҷикистон аз 26 феврали соли 2026, №98",False,,,Тоҷикӣ / Форсӣ,,
tj_m_abarvand_1,1,male,Мужской,Писарона,А,Абарванд,Абарванд,Abarvand,АБАРВАНД,АБАРВАНД,ABARVAND,True,"Қарори Ҳукумати Ҷумҳурии Тоҷикистон аз 26 феврали соли 2026, №98",False,,,Тоҷикӣ / Форсӣ,,
tj_m_abardod_2,2,male,Мужской,Писарона,А,Абардод,Абардод,Abardod,АБАРДОД,АБАРДОД,ABARDOD,True,"Қарори Ҳукумати Ҷумҳурии Тоҷикистон аз 26 феврали соли 2026, №98",False,,,Тоҷикӣ / Форсӣ,,
tj_m_abarmard_3,3,male,Мужской,Писарона,А,Абармард,Абармард,Abarmard,АБАРМАРД,АБАРМАРД,ABARMARD,True,"Қарори Ҳукумати Ҷумҳурии Тоҷикистон аз 26 феврали соли 2026, №98",False,,,Тоҷикӣ / Форсӣ,,
tj_m_abarson_4,4,male,Мужской,Писарона,А,Абарсон,Абарсон,Abarson,АБАРСОН,АБАРСОН,ABARSON,True,"Қарори Ҳукумати Ҷумҳурии Тоҷикистон аз 26 феврали соли 2026, №98",False,,,Тоҷикӣ / Форсӣ,,
tj_m_abbos_5,5,male,Мужской,Писарона,А,Аббос,Аббос,Abbos,АББОС,АББОС,ABBOS,True,"Қарори Ҳукумати Ҷумҳурии Тоҷикистон аз 26 феврали соли 2026, №98",False,,,Тоҷикӣ / Форсӣ,,
tj_m_abduvahhob_6,6,male,Мужской,Писарона,А,Абдуваҳҳоб,Абдуваххоб,Abduvahhob,АБДУВАҲҲОБ,АБДУВАХХОБ,ABDUVAHHOB,True,"Қарори Ҳукумати Ҷумҳурии Тоҷикистон аз 26 феврали соли 2026, №98",False,,,Тоҷикӣ / Форсӣ,,
tj_m_abduvoris_7,7,male,Мужской,Писарона,А,Абдуворис,Абдуворис,Abduvoris,АБДУВОРИС,АБДУВОРИС,ABDUVORIS,True,"Қарори Ҳукумати Ҷумҳурии Тоҷикистон аз 26 феврали соли 2026, №98",False,,,Тоҷикӣ / Форсӣ,,
tj_m_abduvohid_8,8,male,Мужской,Писарона,А,Абдувоҳид,Абдувохид,Abduvohid,АБДУВОҲИД,АБДУВОХИД,ABDUVOHID,True,"Қарори Ҳукумати Ҷумҳурии Тоҷикистон аз 26 феврали соли 2026, №98",False,,,Тоҷикӣ / Форсӣ,,
tj_m_abdughani_9,9,male,Мужской,Писарона,А,Абдуғанӣ,Абдугани,Abdughani,АБДУҒАНӢ,АБДУГАНИ,ABDUGHANI,True,"Қарори Ҳукумати Ҷумҳурии Тоҷикистон аз 26 феврали соли 2026, №98",False,,,Тоҷикӣ / Форсӣ,,
tj_m_abdughaffor_10,10,male,Мужской,Писарона,А,Абдуғаффор,Абдугаффор,Abdughaffor,АБДУҒАФФОР,АБДУГАФФОР,ABDUGHAFFOR,True,"Қарори Ҳукумати Ҷумҳурии Тоҷикистон аз 26 феврали соли 2026, №98",False,,,Тоҷикӣ / Форсӣ,,
tj_m_abdukarim_11,11,male,Мужской,Писарона,А,Абдукарим,Абдукарим,Abdukarim,АБДУКАРИМ,АБДУКАРИМ,ABDUKARIM,True,"Қарори Ҳукумати Ҷумҳурии Тоҷикистон аз 26 феврали соли 2026, №98",False,,,Тоҷикӣ / Форсӣ,,
tj_m_abduqahhor_12,12,male,Мужской,Писарона,А,Абдуқаҳҳор,Абдукаххор,Abduqahhor,АБДУҚАҲҲОР,АБДУКАХХОР,ABDUQAHHOR,True,"Қарори Ҳукумати Ҷумҳурии Тоҷикистон аз 26 феврали соли 2026, №98",False,,,Тоҷикӣ / Форсӣ,,
tj_m_abduqodir_13,13,male,Мужской,Писарона,А,Абдуқодир,Абдукодир,Abduqodir,АБДУҚОДИР,АБДУКОДИР,ABDUQODIR,True,"Қарори Ҳукумати Ҷумҳурии Тоҷикистон аз 26 феврали соли 2026, №98",False,,,Тоҷикӣ / Форсӣ,,
tj_m_abdulatif_14,14,male,Мужской,Писарона,А,Абдулатиф,Абдулатиф,Abdulatif,АБДУЛАТИФ,АБДУЛАТИФ,ABDULATIF,True,"Қарори Ҳукумати Ҷумҳурии Тоҷикистон аз 26 феврали соли 2026, №98",False,,,Тоҷикӣ / Форсӣ,,
tj_m_abdullo_15,15,male,Мужской,Писарона,А,Абдулло,Абдулло,Abdullo,АБДУЛЛО,АБДУЛЛО,ABDULLO,True,"Қарори Ҳукумати Ҷумҳурии Тоҷикистон аз 26 феврали соли 2026, №98",False,,,Тоҷикӣ / Форсӣ,,
tj_m_abdumalik_16,16,male,Мужской,Писарона,А,Абдумалик,Абдумалик,Abdumalik,АБДУМАЛИК,АБДУМАЛИК,ABDUMALIK,True,"Қарори Ҳукумати Ҷумҳурии Тоҷикистон аз 26 феврали соли 2026, №98",False,,,Тоҷикӣ / Форсӣ,,
tj_m_abdumannon_17,17,male,Мужской,Писарона,А,Абдуманнон,Абдуманнон,Abdumannon,АБДУМАННОН,АБДУМАННОН,ABDUMANNON,True,"Қарори Ҳукумати Ҷумҳурии Тоҷикистон аз 26 феврали соли 2026, №98",False,,,Тоҷикӣ / Форсӣ,,
tj_m_abdumajid_18,18,male,Мужской,Писарона,А,Абдумаҷид,Абдумаджид,Abdumajid,АБДУМАҶИД,АБДУМАДЖИД,ABDUMAJID,True,"Қарори Ҳукумати Ҷумҳурии Тоҷикистон аз 26 феврали соли 2026, №98",False,,,Тоҷикӣ / Форсӣ,,
tj_m_abdurazzoq_19,19,male,Мужской,Писарона,А,Абдураззоқ,Абдураззок,Abdurazzoq,АБДУРАЗЗОҚ,АБДУРАЗЗОК,ABDURAZZOQ,True,"Қарори Ҳукумати Ҷумҳурии Тоҷикистон аз 26 феврали соли 2026, №98",False,,,Тоҷикӣ / Форсӣ,,
tj_m_abdurauf_20,20,male,Мужской,Писарона,А,Абдурауф,Абдурауф,Abdurauf,АБДУРАУФ,АБДУРАУФ,ABDURAUF,True,"Қарори Ҳукумати Ҷумҳурии Тоҷикистон аз 26 феврали соли 2026, №98",False,,,Тоҷикӣ / Форсӣ,,
tj_m_abdurahim_21,21,male,Мужской,Писарона,А,Абдураҳим,Абдурахим,Abdurahim,АБДУРАҲИМ,АБДУРАХИМ,ABDURAHIM,True,"Қарори Ҳукумати Ҷумҳурии Тоҷикистон аз 26 феврали соли 2026, №98",False,,,Тоҷикӣ / Форсӣ,,
tj_m_abdurahmon_22,22,male,Мужской,Писарона,А,Абдураҳмон,Абдурахмон,Abdurahmon,АБДУРАҲМОН,АБДУРАХМОН,ABDURAHMON,True,"Қарори Ҳукумати Ҷумҳурии Тоҷикистон аз 26 феврали соли 2026, №98",True,abdurrahman,Раб Милостивого (Аллаха),Арабское,верующий; добрый; щедрый; мудрый,Одно из самых любимых имён в исламе. Пророк сказал: «Самые любимые имена для Аллаха — Абдуллах и Абдуррахман».
tj_m_abdurashid_23,23,male,Мужской,Писарона,А,Абдурашид,Абдурашид,Abdurashid,АБДУРАШИД,АБДУРАШИД,ABDURASHID,True,"Қарори Ҳукумати Ҷумҳурии Тоҷикистон аз 26 феврали соли 2026, №98",False,,,Тоҷикӣ / Форсӣ,,
tj_m_abduroziq_24,24,male,Мужской,Писарона,А,Абдурозиқ,Абдурозик,Abduroziq,АБДУРОЗИҚ,АБДУРОЗИК,ABDUROZIQ,True,"Қарори Ҳукумати Ҷумҳурии Тоҷикистон аз 26 феврали соли 2026, №98",False,,,Тоҷикӣ / Форсӣ,,
tj_m_abdusalom_25,25,male,Мужской,Писарона,А,Абдусалом,Абдусалом,Abdusalom,АБДУСАЛОМ,АБДУСАЛОМ,ABDUSALOM,True,"Қарори Ҳукумати Ҷумҳурии Тоҷикистон аз 26 феврали соли 2026, №98",False,,,Тоҷикӣ / Форсӣ,,
tj_m_abdusattor_26,26,male,Мужской,Писарона,А,Абдусаттор,Абдусаттор,Abdusattor,АБДУСАТТОР,АБДУСАТТОР,ABDUSATTOR,True,"Қарори Ҳукумати Ҷумҳурии Тоҷикистон аз 26 феврали соли 2026, №98",False,,,Тоҷикӣ / Форсӣ,,
tj_m_abdulfattoh_27,27,male,Мужской,Писарона,А,Абдуфаттоҳ,Абдуфаттох,Abdulfattoh,АБДУФАТТОҲ,АБДУФАТТОХ,ABDULFATTOH,True,"Қарори Ҳукумати Ҷумҳурии Тоҷикистон аз 26 феврали соли 2026, №98",False,,,Тоҷикӣ / Форсӣ,,
tj_m_abdulkholiq_28,28,male,Мужской,Писарона,А,Абдухолиқ,Абдухолик,Abdulkholiq,АБДУХОЛИҚ,АБДУХОЛИК,ABDULKHOLIQ,True,"Қарори Ҳукумати Ҷумҳурии Тоҷикистон аз 26 феврали соли 2026, №98",False,,,Тоҷикӣ / Форсӣ,,
tj_m_abduhakim_29,29,male,Мужской,Писарона,А,Абдуҳаким,Абдухаким,Abduhakim,АБДУҲАКИМ,АБДУХАКИМ,ABDUHAKIM,True,"Қарори Ҳукумати Ҷумҳурии Тоҷикистон аз 26 феврали соли 2026, №98",False,,,Тоҷикӣ / Форсӣ,,
tj_m_abduhalim_30,30,male,Мужской,Писарона,А,Абдуҳалим,Абдухалим,Abduhalim,АБДУҲАЛИМ,АБДУХАЛИМ,ABDUHALIM,True,"Қарори Ҳукумати Ҷумҳурии Тоҷикистон аз 26 феврали соли 2026, №98",False,,,Тоҷикӣ / Форсӣ,,
tj_m_abduhamid_31,31,male,Мужской,Писарона,А,Абдуҳамид,Абдухамид,Abduhamid,АБДУҲАМИД,АБДУХАМИД,ABDUHAMID,True,"Қарори Ҳукумати Ҷумҳурии Тоҷикистон аз 26 феврали соли 2026, №98",False,,,Тоҷикӣ / Форсӣ,,
tj_m_abdujabbor_32,32,male,Мужской,Писарона,А,Абдуҷаббор,Абдуджаббор,Abdujabbor,АБДУҶАББОР,АБДУДЖАББОР,ABDUJABBOR,True,"Қарори Ҳукумати Ҷумҳурии Тоҷикистон аз 26 феврали соли 2026, №98",False,,,Тоҷикӣ / Форсӣ,,
tj_m_abdujalil_33,33,male,Мужской,Писарона,А,Абдуҷалил,Абдуджалил,Abdujalil,АБДУҶАЛИЛ,АБДУДЖАЛИЛ,ABDUJALIL,True,"Қарори Ҳукумати Ҷумҳурии Тоҷикистон аз 26 феврали соли 2026, №98",False,,,Тоҷикӣ / Форсӣ,,
tj_m_abnun_34,34,male,Мужской,Писарона,А,Абнун,Абнун,Abnun,АБНУН,АБНУН,ABNUN,True,"Қарори Ҳукумати Ҷумҳурии Тоҷикистон аз 26 феврали соли 2026, №98",False,,,Тоҷикӣ / Форсӣ,,
tj_m_abror_35,35,male,Мужской,Писарона,А,Аброр,Аброр,Abror,АБРОР,АБРОР,ABROR,True,"Қарори Ҳукумати Ҷумҳурии Тоҷикистон аз 26 феврали соли 2026, №98",True,abraar,"Праведные, благочестивые (мн.ч. от барр)",Арабское,праведный; богобоязненный; чистосердечный; великодушный; честный,"Арабское أَبْرَار — множественное число от «барр» (праведный, добродетельный). В Коране (76:5): «Воистину, праведники (الأَبْرَار) пьют из чаши, смешанной с камфорой». Сура Аль-Мутаффифин (83:18–22) описывает книгу деяний праведников — «Иллиюн». Быть среди абрар — высочайшая цель верующего согласно исламской этике."
tj_m_abuali_36,36,male,Мужской,Писарона,А,Абуалӣ,Абуали,Abuali,АБУАЛӢ,АБУАЛИ,ABUALI,True,"Қарори Ҳукумати Ҷумҳурии Тоҷикистон аз 26 феврали соли 2026, №98",False,,,Тоҷикӣ / Форсӣ,,
tj_m_abulqosim_37,37,male,Мужской,Писарона,А,Абулқосим,Абулкосим,Abulqosim,АБУЛҚОСИМ,АБУЛКОСИМ,ABULQOSIM,True,"Қарори Ҳукумати Ҷумҳурии Тоҷикистон аз 26 феврали соли 2026, №98",False,,,Тоҷикӣ / Форсӣ,,
tj_m_abumuslim_38,38,male,Мужской,Писарона,А,Абумуслим,Абумуслим,Abumuslim,АБУМУСЛИМ,АБУМУСЛИМ,ABUMUSLIM,True,"Қарори Ҳукумати Ҷумҳурии Тоҷикистон аз 26 феврали соли 2026, №98",False,,,Тоҷикӣ / Форсӣ,,
tj_m_abunasr_39,39,male,Мужской,Писарона,А,Абунаср,Абунаср,Abunasr,АБУНАСР,АБУНАСР,ABUNASR,True,"Қарори Ҳукумати Ҷумҳурии Тоҷикистон аз 26 феврали соли 2026, №98",False,,,Тоҷикӣ / Форсӣ,,
tj_m_aburayhon_40,40,male,Мужской,Писарона,А,Абурайҳон,Абурайхон,Aburayhon,АБУРАЙҲОН,АБУРАЙХОН,ABURAYHON,True,"Қарори Ҳукумати Ҷумҳурии Тоҷикистон аз 26 феврали соли 2026, №98",False,,,Тоҷикӣ / Форсӣ,,
tj_m_abuhanifa_41,41,male,Мужской,Писарона,А,Абуҳанифа,Абуханифа,Abuhanifa,АБУҲАНИФА,АБУХАНИФА,ABUHANIFA,True,"Қарори Ҳукумати Ҷумҳурии Тоҷикистон аз 26 феврали соли 2026, №98",False,,,Тоҷикӣ / Форсӣ,,
tj_m_avaz_42,42,male,Мужской,Писарона,А,Аваз,Аваз,Avaz,АВАЗ,АВАЗ,AVAZ,True,"Қарори Ҳукумати Ҷумҳурии Тоҷикистон аз 26 феврали соли 2026, №98",False,,,Тоҷикӣ / Форсӣ,,
tj_m_avardod_43,43,male,Мужской,Писарона,А,Авардод,Авардод,Avardod,АВАРДОД,АВАРДОД,AVARDOD,True,"Қарори Ҳукумати Ҷумҳурии Тоҷикистон аз 26 феврали соли 2026, №98",False,,,Тоҷикӣ / Форсӣ,,
tj_m_avirto_44,44,male,Мужской,Писарона,А,Авирто,Авирто,Avirto,АВИРТО,АВИРТО,AVIRTO,True,"Қарори Ҳукумати Ҷумҳурии Тоҷикистон аз 26 феврали соли 2026, №98",False,,,Тоҷикӣ / Форсӣ,,
tj_m_avrang_45,45,male,Мужской,Писарона,А,Авранг,Авранг,Avrang,АВРАНГ,АВРАНГ,AVRANG,True,"Қарори Ҳукумати Ҷумҳурии Тоҷикистон аз 26 феврали соли 2026, №98",False,,,Тоҷикӣ / Форсӣ,,
tj_m_avrangzeb_46,46,male,Мужской,Писарона,А,Аврангзеб,Аврангзеб,Avrangzeb,АВРАНГЗЕБ,АВРАНГЗЕБ,AVRANGZEB,True,"Қарори Ҳукумати Ҷумҳурии Тоҷикистон аз 26 феврали соли 2026, №98",False,,,Тоҷикӣ / Форсӣ,,
tj_m_avrand_47,47,male,Мужской,Писарона,А,Авранд,Авранд,Avrand,АВРАНД,АВРАНД,AVRAND,True,"Қарори Ҳукумати Ҷумҳурии Тоҷикистон аз 26 феврали соли 2026, №98",False,,,Тоҷикӣ / Форсӣ,,
tj_m_avroz_48,48,male,Мужской,Писарона,А,Авроз,Авроз,Avroz,АВРОЗ,АВРОЗ,AVROZ,True,"Қарори Ҳукумати Ҷумҳурии Тоҷикистон аз 26 феврали соли 2026, №98",False,,,Тоҷикӣ / Форсӣ,,
tj_m_adib_49,49,male,Мужской,Писарона,А,Адиб,Адиб,Adib,АДИБ,АДИБ,ADIB,True,"Қарори Ҳукумати Ҷумҳурии Тоҷикистон аз 26 феврали соли 2026, №98",True,adib,"Воспитанный, образованный, литератор",Арабское,образованный; воспитанный; культурный; красноречивый; утончённый,"Арабское أَدِيب (адиб) — «человек высокой культуры, литератор, знаток изящной словесности». Корень «адаб» (أدب) — воспитание, этика, литература — один из центральных концептов исламской цивилизации. Пророк ﷺ сказал: «Аллах воспитал меня, и хорошо воспитал» (хадис). Классические учёные Islam подчёркивали: знание без адаба — опасность, адаб без знания — недостаточно."
tj_m_azamat_50,50,male,Мужской,Писарона,А,Азамат,Азамат,Azamat,АЗАМАТ,АЗАМАТ,AZAMAT,True,"Қарори Ҳукумати Ҷумҳурии Тоҷикистон аз 26 феврали соли 2026, №98",False,,,Тоҷикӣ / Форсӣ,,
tj_m_aziz_51,51,male,Мужской,Писарона,А,Азиз,Азиз,Aziz,АЗИЗ,АЗИЗ,AZIZ,True,"Қарори Ҳукумати Ҷумҳурии Тоҷикистон аз 26 феврали соли 2026, №98",True,aziz,"Дорогой, могущественный, непобедимый",Арабское,могущественный; уважаемый; дорогой; непреодолимый; достойный,"Аль-Азиз (العَزِيز) — одно из прекрасных имён Аллаха, означающее «Непреодолимый, Всемогущий». Встречается в Коране более 90 раз. Умар ибн Абдул-Азиз (682–720) — восьмой Омейядский халиф, прозванный «пятым праведным халифом» за его справедливость и благочестие; отменил незаконные налоги и восстановил исламские принципы правления. Абдул-Азиз — имя основателя Саудовской Аравии (1875–1953). В Средней Азии Азиз — очень распространённое имя."
tj_m_azizullo_52,52,male,Мужской,Писарона,А,Азизулло,Азизулло,Azizullo,АЗИЗУЛЛО,АЗИЗУЛЛО,AZIZULLO,True,"Қарори Ҳукумати Ҷумҳурии Тоҷикистон аз 26 феврали соли 2026, №98",False,,,Тоҷикӣ / Форсӣ,,
tj_m_azim_53,53,male,Мужской,Писарона,А,Азим,Азим,Azim,АЗИМ,АЗИМ,AZIM,True,"Қарори Ҳукумати Ҷумҳурии Тоҷикистон аз 26 феврали соли 2026, №98",True,azeem,"Великий, величественный, могущественный. Корень عَظَمَ (азама) — быть огромным, великим. عَظِيم — один из 99 прекрасных имён Аллаха, встречается в Коране многократно",Арабское,великий; величественный; могущественный; грандиозный; почитаемый,"Арабское عَظِيم (азим) — «великий, огромный, несравненный». В знаменитом аят аль-Курси (Коран, 2:255) завершающие слова: «وَهُوَ الْعَلِيُّ الْعَظِيمُ» — «Он Всевышний, Величайший». Это же имя Аллаха повторяется в суре Аш-Шура (42:4). Пророк ﷺ велел произносить «Субхана раббийал-Азим» в поясном поклоне (руку"
tj_m_ayyom_54,54,male,Мужской,Писарона,А,Айём,Айём,Ayyom,АЙЁМ,АЙЁМ,AYYOM,True,"Қарори Ҳукумати Ҷумҳурии Тоҷикистон аз 26 феврали соли 2026, №98",False,,,Тоҷикӣ / Форсӣ,,
tj_m_ayni_55,55,male,Мужской,Писарона,А,Айнӣ,Айни,Ayni,АЙНӢ,АЙНИ,AYNI,True,"Қарори Ҳукумати Ҷумҳурии Тоҷикистон аз 26 феврали соли 2026, №98",False,,,Тоҷикӣ / Форсӣ,,
tj_m_ayyub_56,56,male,Мужской,Писарона,А,Айюб,Айюб,Ayyub,АЙЮБ,АЙЮБ,AYYUB,True,"Қарори Ҳукумати Ҷумҳурии Тоҷикистон аз 26 феврали соли 2026, №98",False,,,Тоҷикӣ / Форсӣ,,
tj_m_akbar_57,57,male,Мужской,Писарона,А,Акбар,Акбар,Akbar,АКБАР,АКБАР,AKBAR,True,"Қарори Ҳукумати Ҷумҳурии Тоҷикистон аз 26 феврали соли 2026, №98",False,,,Тоҷикӣ / Форсӣ,,
tj_m_akmal_58,58,male,Мужской,Писарона,А,Акмал,Акмал,Akmal,АКМАЛ,АКМАЛ,AKMAL,True,"Қарори Ҳукумати Ҷумҳурии Тоҷикистон аз 26 феврали соли 2026, №98",False,,,Тоҷикӣ / Форсӣ,,
tj_m_akobir_59,59,male,Мужской,Писарона,А,Акобир,Акобир,Akobir,АКОБИР,АКОБИР,AKOBIR,True,"Қарори Ҳукумати Ҷумҳурии Тоҷикистон аз 26 феврали соли 2026, №98",False,,,Тоҷикӣ / Форсӣ,,
tj_m_akram_60,60,male,Мужской,Писарона,А,Акрам,Акрам,Akram,АКРАМ,АКРАМ,AKRAM,True,"Қарори Ҳукумати Ҷумҳурии Тоҷикистон аз 26 феврали соли 2026, №98",True,akram,Наиболее щедрый и благородный,Арабское,щедрый; благородный; верующий; добрый; мудрый,"От арабского أكرم — превосходная степень от «карим» («щедрый, благородный»). В Коране в суре «Аль-Алак» (96:3) Аллах назван «аль-Акрам» — «наищедрейший». Это сура была первой ниспослана Пророку. Имя несёт в себе призыв к щедрости и благородству как высшим человеческим добродетелям."
tj_m_alidust_61,61,male,Мужской,Писарона,А,Алидӯст,Алидуст,Alidust,АЛИДӮСТ,АЛИДУСТ,ALIDUST,True,"Қарори Ҳукумати Ҷумҳурии Тоҷикистон аз 26 феврали соли 2026, №98",False,,,Тоҷикӣ / Форсӣ,,
tj_m_alim_62,62,male,Мужской,Писарона,А,Алим,Алим,Alim,АЛИМ,АЛИМ,ALIM,True,"Қарори Ҳукумати Ҷумҳурии Тоҷикистон аз 26 феврали соли 2026, №98",True,alim,"Учёный, знающий",Арабское,учёный; мудрый; знающий; просвещённый; глубокомысленный,"Арабское عَالِم (алим) — «знающий, учёный». Один из эпитетов Аллаха — аль-Алим (البَارِئ). Пророк ﷺ сказал: «Превосходство учёного над поклоняющимся подобно превосходству луны над остальными звёздами» (Тирмизи). В исламской цивилизации «алимы» — хранители религиозного знания, их статус исключителен. Имя носили великие учёные: Алим ад-Дин аль-Сахави и др."
tj_m_alimardon_63,63,male,Мужской,Писарона,А,Алимардон,Алимардон,Alimardon,АЛИМАРДОН,АЛИМАРДОН,ALIMARDON,True,"Қарори Ҳукумати Ҷумҳурии Тоҷикистон аз 26 феврали соли 2026, №98",False,,,Тоҷикӣ / Форсӣ,,
tj_m_alimurod_64,64,male,Мужской,Писарона,А,Алимурод,Алимурод,Alimurod,АЛИМУРОД,АЛИМУРОД,ALIMUROD,True,"Қарори Ҳукумати Ҷумҳурии Тоҷикистон аз 26 феврали соли 2026, №98",False,,,Тоҷикӣ / Форсӣ,,
tj_m_alisher_65,65,male,Мужской,Писарона,А,Алишер,Алишер,Alisher,АЛИШЕР,АЛИШЕР,ALISHER,True,"Қарори Ҳукумати Ҷумҳурии Тоҷикистон аз 26 феврали соли 2026, №98",False,,,Тоҷикӣ / Форсӣ,,
tj_m_alishoh_66,66,male,Мужской,Писарона,А,Алишоҳ,Алишох,Alishoh,АЛИШОҲ,АЛИШОХ,ALISHOH,True,"Қарори Ҳукумати Ҷумҳурии Тоҷикистон аз 26 феврали соли 2026, №98",False,,,Тоҷикӣ / Форсӣ,,
tj_m_ali_67,67,male,Мужской,Писарона,А,Алӣ,Али,Ali,АЛӢ,АЛИ,ALI,True,"Қарори Ҳукумати Ҷумҳурии Тоҷикистон аз 26 феврали соли 2026, №98",True,ali,"Возвышенный, высокий",Арабское,сильный; справедливый; мудрый; храбрый,"От арабского علي (ʿAlī) — «высокий, возвышенный». Имя четвёртого праведного халифа и зятя Пророка Мухаммада."
tj_m_almos_68,68,male,Мужской,Писарона,А,Алмос,Алмос,Almos,АЛМОС,АЛМОС,ALMOS,True,"Қарори Ҳукумати Ҷумҳурии Тоҷикистон аз 26 феврали соли 2026, №98",True,almas,"Алмаз, бриллиант",Персидское,твёрдая; сверкающая; ценная; редкая; стойкая,"Персидское الماس (алмас) — «алмаз», заимствованное из греческого «адамас» (непобедимый). В персидской поэзии алмаз — символ неподкупности, чистоты и блеска: «Слова мудреца — как алмаз: режут всё, но сами остаются невредимы». В исламской традиции чистота (сафа) и твёрдость характера (сабат) — добродетели, уподобляемые алмазу. Имя широко используется в Иране, Афганистане, Таджикистане и Пакистане."
tj_m_amid_69,69,male,Мужской,Писарона,А,Амид,Амид,Amid,АМИД,АМИД,AMID,True,"Қарори Ҳукумати Ҷумҳурии Тоҷикистон аз 26 феврали соли 2026, №98",False,,,Тоҷикӣ / Форсӣ,,
tj_m_amin_70,70,male,Мужской,Писарона,А,Амин,Амин,Amin,АМИН,АМИН,AMIN,True,"Қарори Ҳукумати Ҷумҳурии Тоҷикистон аз 26 феврали соли 2026, №98",True,ameen,"Надёжный, заслуживающий доверия",Арабское,надёжный; честный; верный; правдивый; доверенный,"Арабское أَمِين (амин) — «надёжный, заслуживающий доверия». Прозвище Пророка Мухаммада ﷺ ещё до пророчества — «аль-Амин» (الأَمِين), данное ему мекканцами за безупречную честность. В исламе амана (доверие, ответственность) — одна из важнейших ценностей. В хадисе: «Отсутствие амана — признак лицемерия» (Бухари). Имя широко распространено от Марокко до Индонезии."
tj_m_amirali_71,71,male,Мужской,Писарона,А,Амиралӣ,Амирали,Amirali,АМИРАЛӢ,АМИРАЛИ,AMIRALI,True,"Қарори Ҳукумати Ҷумҳурии Тоҷикистон аз 26 феврали соли 2026, №98",False,,,Тоҷикӣ / Форсӣ,,
tj_m_amirjon_72,72,male,Мужской,Писарона,А,Амирҷон,Амирджон,Amirjon,АМИРҶОН,АМИРДЖОН,AMIRJON,True,"Қарори Ҳукумати Ҷумҳурии Тоҷикистон аз 26 феврали соли 2026, №98",False,,,Тоҷикӣ / Форсӣ,,
tj_m_amirshoh_73,73,male,Мужской,Писарона,А,Амиршоҳ,Амиршох,Amirshoh,АМИРШОҲ,АМИРШОХ,AMIRSHOH,True,"Қарори Ҳукумати Ҷумҳурии Тоҷикистон аз 26 феврали соли 2026, №98",False,,,Тоҷикӣ / Форсӣ,,
tj_m_amitis_74,74,male,Мужской,Писарона,А,Амитис,Амитис,Amitis,АМИТИС,АМИТИС,AMITIS,True,"Қарори Ҳукумати Ҷумҳурии Тоҷикистон аз 26 феврали соли 2026, №98",False,,,Тоҷикӣ / Форсӣ,,
tj_m_amon_75,75,male,Мужской,Писарона,А,Амон,Амон,Amon,АМОН,АМОН,AMON,True,"Қарори Ҳукумати Ҷумҳурии Тоҷикистон аз 26 феврали соли 2026, №98",False,,,Тоҷикӣ / Форсӣ,,
tj_m_amonullo_76,76,male,Мужской,Писарона,А,Амонулло,Амонулло,Amonullo,АМОНУЛЛО,АМОНУЛЛО,AMONULLO,True,"Қарори Ҳукумати Ҷумҳурии Тоҷикистон аз 26 феврали соли 2026, №98",False,,,Тоҷикӣ / Форсӣ,,
tj_m_amriddin_77,77,male,Мужской,Писарона,А,Амриддин,Амриддин,Amriddin,АМРИДДИН,АМРИДДИН,AMRIDDIN,True,"Қарори Ҳукумати Ҷумҳурии Тоҷикистон аз 26 феврали соли 2026, №98",False,,,Тоҷикӣ / Форсӣ,,
tj_m_amrikhudo_78,78,male,Мужской,Писарона,А,Амрихудо,Амрихудо,Amrikhudo,АМРИХУДО,АМРИХУДО,AMRIKHUDO,True,"Қарори Ҳукумати Ҷумҳурии Тоҷикистон аз 26 феврали соли 2026, №98",False,,,Тоҷикӣ / Форсӣ,,
tj_m_amriyazdon_79,79,male,Мужской,Писарона,А,Амрияздон,Амрияздон,Amriyazdon,АМРИЯЗДОН,АМРИЯЗДОН,AMRIYAZDON,True,"Қарори Ҳукумати Ҷумҳурии Тоҷикистон аз 26 феврали соли 2026, №98",False,,,Тоҷикӣ / Форсӣ,,
tj_m_amrullo_80,80,male,Мужской,Писарона,А,Амрулло,Амрулло,Amrullo,АМРУЛЛО,АМРУЛЛО,AMRULLO,True,"Қарори Ҳукумати Ҷумҳурии Тоҷикистон аз 26 феврали соли 2026, №98",False,,,Тоҷикӣ / Форсӣ,,
tj_m_anboz_81,81,male,Мужской,Писарона,А,Анбоз,Анбоз,Anboz,АНБОЗ,АНБОЗ,ANBOZ,True,"Қарори Ҳукумати Ҷумҳурии Тоҷикистон аз 26 феврали соли 2026, №98",False,,,Тоҷикӣ / Форсӣ,,
tj_m_anvar_82,82,male,Мужской,Писарона,А,Анвар,Анвар,Anvar,АНВАР,АНВАР,ANVAR,True,"Қарори Ҳукумати Ҷумҳурии Тоҷикистон аз 26 феврали соли 2026, №98",True,anwar,"Наиболее яркий, лучи света, сияние",Арабское,лучезарный; умный; верующий; благородный; мудрый,"От арабского أنوار — множественное число от «нур» (свет), «наиболее светлый, лучи». Анвар ас-Садат (1918–1981) — президент Египта, лауреат Нобелевской премии мира, подписавший Кэмп-Дэвидские соглашения. Имя перекликается с кораническим образом Аллаха как «Нур ас-самавати валь-ард» — «Свет небес и земли» (сура «Ан-Нур», 24:35)."
tj_m_andimon_83,83,male,Мужской,Писарона,А,Андимон,Андимон,Andimon,АНДИМОН,АНДИМОН,ANDIMON,True,"Қарори Ҳукумати Ҷумҳурии Тоҷикистон аз 26 феврали соли 2026, №98",False,,,Тоҷикӣ / Форсӣ,,
tj_m_anis_84,84,male,Мужской,Писарона,А,Анис,Анис,Anis,АНИС,АНИС,ANIS,True,"Қарори Ҳукумати Ҷумҳурии Тоҷикистон аз 26 феврали соли 2026, №98",False,,,Тоҷикӣ / Форсӣ,,
tj_m_ansor_85,85,male,Мужской,Писарона,А,Ансор,Ансор,Ansor,АНСОР,АНСОР,ANSOR,True,"Қарори Ҳукумати Ҷумҳурии Тоҷикистон аз 26 феврали соли 2026, №98",False,,,Тоҷикӣ / Форсӣ,,
tj_m_anush_86,86,male,Мужской,Писарона,А,Ануш,Ануш,Anush,АНУШ,АНУШ,ANUSH,True,"Қарори Ҳукумати Ҷумҳурии Тоҷикистон аз 26 феврали соли 2026, №98",False,,,Тоҷикӣ / Форсӣ,,
tj_m_anushervon_87,87,male,Мужской,Писарона,А,Анушервон,Анушервон,Anushervon,АНУШЕРВОН,АНУШЕРВОН,ANUSHERVON,True,"Қарори Ҳукумати Ҷумҳурии Тоҷикистон аз 26 феврали соли 2026, №98",False,,,Тоҷикӣ / Форсӣ,,
tj_m_anushin_88,88,male,Мужской,Писарона,А,Анушин,Анушин,Anushin,АНУШИН,АНУШИН,ANUSHIN,True,"Қарори Ҳукумати Ҷумҳурии Тоҷикистон аз 26 феврали соли 2026, №98",False,,,Тоҷикӣ / Форсӣ,,
tj_m_anjumanshoh_89,89,male,Мужской,Писарона,А,Анҷуманшоҳ,Анджуманшох,Anjumanshoh,АНҶУМАНШОҲ,АНДЖУМАНШОХ,ANJUMANSHOH,True,"Қарори Ҳукумати Ҷумҳурии Тоҷикистон аз 26 феврали соли 2026, №98",False,,,Тоҷикӣ / Форсӣ,,
tj_m_aparvand_90,90,male,Мужской,Писарона,А,Апарванд,Апарванд,Aparvand,АПАРВАНД,АПАРВАНД,APARVAND,True,"Қарори Ҳукумати Ҷумҳурии Тоҷикистон аз 26 феврали соли 2026, №98",False,,,Тоҷикӣ / Форсӣ,,
tj_m_arashzod_91,91,male,Мужской,Писарона,А,Арашзод,Арашзод,Arashzod,АРАШЗОД,АРАШЗОД,ARASHZOD,True,"Қарори Ҳукумати Ҷумҳурии Тоҷикистон аз 26 феврали соли 2026, №98",False,,,Тоҷикӣ / Форсӣ,,
tj_m_arashk_92,92,male,Мужской,Писарона,А,Арашк,Арашк,Arashk,АРАШК,АРАШК,ARASHK,True,"Қарори Ҳукумати Ҷумҳурии Тоҷикистон аз 26 феврали соли 2026, №98",False,,,Тоҷикӣ / Форсӣ,,
tj_m_arvand_93,93,male,Мужской,Писарона,А,Арванд,Арванд,Arvand,АРВАНД,АРВАНД,ARVAND,True,"Қарори Ҳукумати Ҷумҳурии Тоҷикистон аз 26 феврали соли 2026, №98",False,,,Тоҷикӣ / Форсӣ,,
tj_m_arvod_94,94,male,Мужской,Писарона,А,Арвод,Арвод,Arvod,АРВОД,АРВОД,ARVOD,True,"Қарори Ҳукумати Ҷумҳурии Тоҷикистон аз 26 феврали соли 2026, №98",False,,,Тоҷикӣ / Форсӣ,,
tj_m_ard_95,95,male,Мужской,Писарона,А,Арда,Арда,Ardа,АРДА,АРДА,ARDА,True,"Қарори Ҳукумати Ҷумҳурии Тоҷикистон аз 26 феврали соли 2026, №98",False,,,Тоҷикӣ / Форсӣ,,
tj_m_ardvarz_96,96,male,Мужской,Писарона,А,Ардаварз,Ардаварз,Ardаvarz,АРДАВАРЗ,АРДАВАРЗ,ARDАVARZ,True,"Қарори Ҳукумати Ҷумҳурии Тоҷикистон аз 26 феврали соли 2026, №98",False,,,Тоҷикӣ / Форсӣ,,
tj_m_ardavon_97,97,male,Мужской,Писарона,А,Ардавон,Ардавон,Ardavon,АРДАВОН,АРДАВОН,ARDAVON,True,"Қарори Ҳукумати Ҷумҳурии Тоҷикистон аз 26 феврали соли 2026, №98",False,,,Тоҷикӣ / Форсӣ,,
tj_m_ardadod_98,98,male,Мужской,Писарона,А,Ардадод,Ардадод,Ardadod,АРДАДОД,АРДАДОД,ARDADOD,True,"Қарори Ҳукумати Ҷумҳурии Тоҷикистон аз 26 феврали соли 2026, №98",False,,,Тоҷикӣ / Форсӣ,,
tj_m_ardamehr_99,99,male,Мужской,Писарона,А,Ардамеҳр,Ардамехр,Ardamehr,АРДАМЕҲР,АРДАМЕХР,ARDAMEHR,True,"Қарори Ҳукумати Ҷумҳурии Тоҷикистон аз 26 феврали соли 2026, №98",False,,,Тоҷикӣ / Форсӣ,,
tj_m_ardafar_100,100,male,Мужской,Писарона,А,Ардафар,Ардафар,Ardafar,АРДАФАР,АРДАФАР,ARDAFAR,True,"Қарори Ҳукумати Ҷумҳурии Тоҷикистон аз 26 феврали соли 2026, №98",False,,,Тоҷикӣ / Форсӣ,,
tj_m_ardasher_101,101,male,Мужской,Писарона,А,Ардашер,Ардашер,Ardasher,АРДАШЕР,АРДАШЕР,ARDASHER,True,"Қарори Ҳукумати Ҷумҳурии Тоҷикистон аз 26 феврали соли 2026, №98",False,,,Тоҷикӣ / Форсӣ,,
tj_m_ardin_102,102,male,Мужской,Писарона,А,Ардин,Ардин,Ardin,АРДИН,АРДИН,ARDIN,True,"Қарори Ҳукумати Ҷумҳурии Тоҷикистон аз 26 феврали соли 2026, №98",False,,,Тоҷикӣ / Форсӣ,,
tj_m_ardo_103,103,male,Мужской,Писарона,А,Ардо,Ардо,Ardo,АРДО,АРДО,ARDO,True,"Қарори Ҳукумати Ҷумҳурии Тоҷикистон аз 26 феврали соли 2026, №98",False,,,Тоҷикӣ / Форсӣ,,
tj_m_ardofar_104,104,male,Мужской,Писарона,А,Ардофар,Ардофар,Ardofar,АРДОФАР,АРДОФАР,ARDOFAR,True,"Қарори Ҳукумати Ҷумҳурии Тоҷикистон аз 26 феврали соли 2026, №98",False,,,Тоҷикӣ / Форсӣ,,
tj_m_arzhang_105,105,male,Мужской,Писарона,А,Аржанг,Аржанг,Arzhang,АРЖАНГ,АРЖАНГ,ARZHANG,True,"Қарори Ҳукумати Ҷумҳурии Тоҷикистон аз 26 феврали соли 2026, №98",False,,,Тоҷикӣ / Форсӣ,,
tj_m_arzin_106,106,male,Мужской,Писарона,А,Арзин,Арзин,Arzin,АРЗИН,АРЗИН,ARZIN,True,"Қарори Ҳукумати Ҷумҳурии Тоҷикистон аз 26 феврали соли 2026, №98",False,,,Тоҷикӣ / Форсӣ,,
tj_m_ariaram_107,107,male,Мужской,Писарона,А,Ариарам,Ариарам,Ariaram,АРИАРАМ,АРИАРАМ,ARIARAM,True,"Қарори Ҳукумати Ҷумҳурии Тоҷикистон аз 26 феврали соли 2026, №98",False,,,Тоҷикӣ / Форсӣ,,
tj_m_arish_108,108,male,Мужской,Писарона,А,Ариш,Ариш,Arish,АРИШ,АРИШ,ARISH,True,"Қарори Ҳукумати Ҷумҳурии Тоҷикистон аз 26 феврали соли 2026, №98",False,,,Тоҷикӣ / Форсӣ,,
tj_m_arishto_109,109,male,Мужской,Писарона,А,Аришто,Аришто,Arishto,АРИШТО,АРИШТО,ARISHTO,True,"Қарори Ҳукумати Ҷумҳурии Тоҷикистон аз 26 феврали соли 2026, №98",False,,,Тоҷикӣ / Форсӣ,,
tj_m_armon_110,110,male,Мужской,Писарона,А,Армон,Армон,Armon,АРМОН,АРМОН,ARMON,True,"Қарори Ҳукумати Ҷумҳурии Тоҷикистон аз 26 феврали соли 2026, №98",False,,,Тоҷикӣ / Форсӣ,,
tj_m_arnut_111,111,male,Мужской,Писарона,А,Арнут,Арнут,Arnut,АРНУТ,АРНУТ,ARNUT,True,"Қарори Ҳукумати Ҷумҳурии Тоҷикистон аз 26 феврали соли 2026, №98",False,,,Тоҷикӣ / Форсӣ,,
tj_m_arsom_112,112,male,Мужской,Писарона,А,Арсом,Арсом,Arsom,АРСОМ,АРСОМ,ARSOM,True,"Қарори Ҳукумати Ҷумҳурии Тоҷикистон аз 26 феврали соли 2026, №98",False,,,Тоҷикӣ / Форсӣ,,
tj_m_artabon_113,113,male,Мужской,Писарона,А,Артабон,Артабон,Artabon,АРТАБОН,АРТАБОН,ARTABON,True,"Қарори Ҳукумати Ҷумҳурии Тоҷикистон аз 26 феврали соли 2026, №98",False,,,Тоҷикӣ / Форсӣ,,
tj_m_artavon_114,114,male,Мужской,Писарона,А,Артавон,Артавон,Artavon,АРТАВОН,АРТАВОН,ARTAVON,True,"Қарори Ҳукумати Ҷумҳурии Тоҷикистон аз 26 феврали соли 2026, №98",False,,,Тоҷикӣ / Форсӣ,,
tj_m_artoman_115,115,male,Мужской,Писарона,А,Артоман,Артоман,Artoman,АРТОМАН,АРТОМАН,ARTOMAN,True,"Қарори Ҳукумати Ҷумҳурии Тоҷикистон аз 26 феврали соли 2026, №98",False,,,Тоҷикӣ / Форсӣ,,
tj_m_artomas_116,116,male,Мужской,Писарона,А,Артомас,Артомас,Artomas,АРТОМАС,АРТОМАС,ARTOMAS,True,"Қарори Ҳукумати Ҷумҳурии Тоҷикистон аз 26 феврали соли 2026, №98",False,,,Тоҷикӣ / Форсӣ,,
tj_m_artusht_117,117,male,Мужской,Писарона,А,Артушт,Артушт,Artusht,АРТУШТ,АРТУШТ,ARTUSHT,True,"Қарори Ҳукумати Ҷумҳурии Тоҷикистон аз 26 феврали соли 2026, №98",False,,,Тоҷикӣ / Форсӣ,,
tj_m_arjmand_118,118,male,Мужской,Писарона,А,Арҷманд,Арджманд,Arjmand,АРҶМАНД,АРДЖМАНД,ARJMAND,True,"Қарори Ҳукумати Ҷумҳурии Тоҷикистон аз 26 феврали соли 2026, №98",False,,,Тоҷикӣ / Форсӣ,,
tj_m_arshad_119,119,male,Мужской,Писарона,А,Аршад,Аршад,Arshad,АРШАД,АРШАД,ARSHAD,True,"Қарори Ҳукумати Ҷумҳурии Тоҷикистон аз 26 феврали соли 2026, №98",False,,,Тоҷикӣ / Форсӣ,,
tj_m_arshk_120,120,male,Мужской,Писарона,А,Аршак,Аршак,Arshаk,АРШАК,АРШАК,ARSHАK,True,"Қарори Ҳукумати Ҷумҳурии Тоҷикистон аз 26 феврали соли 2026, №98",False,,,Тоҷикӣ / Форсӣ,,
tj_m_arshama_121,121,male,Мужской,Писарона,А,Аршама,Аршама,Arshama,АРШАМА,АРШАМА,ARSHAMA,True,"Қарори Ҳукумати Ҷумҳурии Тоҷикистон аз 26 феврали соли 2026, №98",False,,,Тоҷикӣ / Форсӣ,,
tj_m_arshan_122,122,male,Мужской,Писарона,А,Аршан,Аршан,Arshan,АРШАН,АРШАН,ARSHAN,True,"Қарори Ҳукумати Ҷумҳурии Тоҷикистон аз 26 феврали соли 2026, №98",False,,,Тоҷикӣ / Форсӣ,,
tj_m_arshiyo_123,123,male,Мужской,Писарона,А,Аршиё,Аршиё,Arshiyo,АРШИЁ,АРШИЁ,ARSHIYO,True,"Қарори Ҳукумати Ҷумҳурии Тоҷикистон аз 26 феврали соли 2026, №98",False,,,Тоҷикӣ / Форсӣ,,
tj_m_arshin_124,124,male,Мужской,Писарона,А,Аршин,Аршин,Arshin,АРШИН,АРШИН,ARSHIN,True,"Қарори Ҳукумати Ҷумҳурии Тоҷикистон аз 26 феврали соли 2026, №98",False,,,Тоҷикӣ / Форсӣ,,
tj_m_arsho_125,125,male,Мужской,Писарона,А,Аршо,Аршо,Arsho,АРШО,АРШО,ARSHO,True,"Қарори Ҳукумати Ҷумҳурии Тоҷикистон аз 26 феврали соли 2026, №98",False,,,Тоҷикӣ / Форсӣ,,
tj_m_arshom_126,126,male,Мужской,Писарона,А,Аршом,Аршом,Arshom,АРШОМ,АРШОМ,ARSHOM,True,"Қарори Ҳукумати Ҷумҳурии Тоҷикистон аз 26 феврали соли 2026, №98",False,,,Тоҷикӣ / Форсӣ,,
tj_m_arshon_127,127,male,Мужской,Писарона,А,Аршон,Аршон,Arshon,АРШОН,АРШОН,ARSHON,True,"Қарори Ҳукумати Ҷумҳурии Тоҷикистон аз 26 феврали соли 2026, №98",False,,,Тоҷикӣ / Форсӣ,,
tj_m_arshosp_128,128,male,Мужской,Писарона,А,Аршосп,Аршосп,Arshosp,АРШОСП,АРШОСП,ARSHOSP,True,"Қарори Ҳукумати Ҷумҳурии Тоҷикистон аз 26 феврали соли 2026, №98",False,,,Тоҷикӣ / Форсӣ,,
tj_m_asad_129,129,male,Мужской,Писарона,А,Асад,Асад,Asad,АСАД,АСАД,ASAD,True,"Қарори Ҳукумати Ҷумҳурии Тоҷикистон аз 26 феврали соли 2026, №98",True,asad,Лев,Арабское,смелый; сильный; решительный; гордый; защищающий,"Арабское أَسَد — «лев». Один из самых почитаемых символов в арабской и исламской культуре. Хамза ибн Абдул-Мутталиб, дядя Пророка, прозван «Асадуллах» (Лев Аллаха) и «Сайид аш-Шухада» (Господин мучеников). Имам Али также носил прозвище «Асадуллах аль-Галиб» (Непобедимый Лев Аллаха). Мухаммад Асад (1900–1992) — один из самых известных европейских мусульман XX века, автор перевода Корана «The Message of the Quran»."
tj_m_asadullo_130,130,male,Мужской,Писарона,А,Асадулло,Асадулло,Asadullo,АСАДУЛЛО,АСАДУЛЛО,ASADULLO,True,"Қарори Ҳукумати Ҷумҳурии Тоҷикистон аз 26 феврали соли 2026, №98",False,,,Тоҷикӣ / Форсӣ,,
tj_m_asil_131,131,male,Мужской,Писарона,А,Асил,Асил,Asil,АСИЛ,АСИЛ,ASIL,True,"Қарори Ҳукумати Ҷумҳурии Тоҷикистон аз 26 феврали соли 2026, №98",True,atheel,"Вечерняя пора, благородная по происхождению",Арабское,благородная; вечерняя; нежная; изысканная; поэтичная,"Арабское أَصِيل (асиль) — «вечернее время (перед закатом); благородный по происхождению». В арабской поэзии закатное время — самое поэтическое и меланхолическое. Коранический «асиль» (вечер) упоминается в контексте поминания Аллаха: «Поминайте Аллаха утром и вечером (وَالْآصَالِ)» (3:41, 7:205). Имя несёт образ возвышенной красоты вечернего часа."
tj_m_askar_132,132,male,Мужской,Писарона,А,Аскар,Аскар,Askar,АСКАР,АСКАР,ASKAR,True,"Қарори Ҳукумати Ҷумҳурии Тоҷикистон аз 26 феврали соли 2026, №98",False,,,Тоҷикӣ / Форсӣ,,
tj_m_aslam_133,133,male,Мужской,Писарона,А,Аслам,Аслам,Aslam,АСЛАМ,АСЛАМ,ASLAM,True,"Қарори Ҳукумати Ҷумҳурии Тоҷикистон аз 26 феврали соли 2026, №98",False,,,Тоҷикӣ / Форсӣ,,
tj_m_asliddin_134,134,male,Мужской,Писарона,А,Аслиддин,Аслиддин,Asliddin,АСЛИДДИН,АСЛИДДИН,ASLIDDIN,True,"Қарори Ҳукумати Ҷумҳурии Тоҷикистон аз 26 феврали соли 2026, №98",False,,,Тоҷикӣ / Форсӣ,,
tj_m_asoiddin_135,135,male,Мужской,Писарона,А,Асомиддин,Асомиддин,Asoмiddin,АСОМИДДИН,АСОМИДДИН,ASOМIDDIN,True,"Қарори Ҳукумати Ҷумҳурии Тоҷикистон аз 26 феврали соли 2026, №98",False,,,Тоҷикӣ / Форсӣ,,
tj_m_asra_136,136,male,Мужской,Писарона,А,Асра,Асра,Asra,АСРА,АСРА,ASRA,True,"Қарори Ҳукумати Ҷумҳурии Тоҷикистон аз 26 феврали соли 2026, №98",True,azraa,"Девственница, чистая непорочная дева. Корень عَذَرَ (адара) — быть невинным, чистым. عَذْرَاء — «незамужняя дева, сохранившая чистоту»",Арабское,чистая; невинная; скромная; целомудренная; кроткая,"Арабское عَذْرَاء (азра) — «дева, девственница». В Коране Марьям (Дева Мария) описывается как «аль-Батуль» (непорочная дева): «وَمَرْيَمَ ابْنَتَ عِمْرَانَ الَّتِي أَحْصَنَتْ فَرْجَهَا» (66:12) — «Марьям, дочь Имрана, охранявшую своё целомудрие». Марьям — единственная женщина, упомянутая по имени в Коране, и ей посвящена целая сура (19). Имя Азра популярно в персидской поэзии: «Вамик и Азра» — классическая история о верной деве."
tj_m_asror_137,137,male,Мужской,Писарона,А,Асрор,Асрор,Asror,АСРОР,АСРОР,ASROR,True,"Қарори Ҳукумати Ҷумҳурии Тоҷикистон аз 26 феврали соли 2026, №98",True,asrar,Тайны (мн.ч. от сирр); сокровенные истины,Арабское,глубокомысленный; духовный; проницательный; мудрый; таинственный,"Арабское أَسْرَار (асрар) — мн.ч. от «сирр» (тайна, сокровенное). В суфийской традиции «асрар» — тайные духовные знания, передаваемые от шейха к ученику. Ибн Аль-Каййим писал об «асрар ас-салат» (тайнах молитвы). Имя часто встречается среди религиозных учёных субконтинента как выражение глубины духовного знания."
tj_m_ato_138,138,male,Мужской,Писарона,А,Ато,Ато,Ato,АТО,АТО,ATO,True,"Қарори Ҳукумати Ҷумҳурии Тоҷикистон аз 26 феврали соли 2026, №98",True,ataa,"Дар, подарок, дарование",Арабское,щедрый; дарящий; добрый; благородный; дарованный,"Арабское عَطَاء (ата) — «дар, дарование». Ата ибн Аби Рабах (ок. 647–732) — чернокожий вольноотпущенник из Эфиопии; стал великим табиином и признанным муфтием Мекки: халиф Умар ибн Абдулазиз писал: «Лучший в Мекке в делах фикха — Ата ибн Аби Рабах». Пример того, как ислам возвышает человека вне зависимости от происхождения."
tj_m_atobakhsh_139,139,male,Мужской,Писарона,А,Атобахш,Атобахш,Atobakhsh,АТОБАХШ,АТОБАХШ,ATOBAKHSH,True,"Қарори Ҳукумати Ҷумҳурии Тоҷикистон аз 26 феврали соли 2026, №98",False,,,Тоҷикӣ / Форсӣ,,
tj_m_attor_140,140,male,Мужской,Писарона,А,Аттор,Аттор,Attor,АТТОР,АТТОР,ATTOR,True,"Қарори Ҳукумати Ҷумҳурии Тоҷикистон аз 26 феврали соли 2026, №98",False,,,Тоҷикӣ / Форсӣ,,
tj_m_afzal_141,141,male,Мужской,Писарона,А,Афзал,Афзал,Afzal,АФЗАЛ,АФЗАЛ,AFZAL,True,"Қарори Ҳукумати Ҷумҳурии Тоҷикистон аз 26 феврали соли 2026, №98",True,afzal,"Превосходный, наилучший из всех; от арабского корня فَضَلَ (фадала) — превосходить, отличаться достоинством. افضل — сравнительно-превосходная форма: «тот, кто выше всех по достоинству»",Арабское,превосходный; достойный; выдающийся; добродетельный; благородный,"Арабское أَفْضَل (афдал) — превосходная степень от «фадл» (فَضْل) — достоинство, щедрость, превосходство. В Коране (2:269): «Он дарует мудрость, кому пожелает, и кто получил мудрость, тот обрёл великое благо (خَيْرًا كَثِيرًا)» — исламские учёные связывали «фадл» с высшим даром Аллаха. Имя носил Афзал Хан — прославленный командующий Биджапурского султаната XVII в. В суфийской традиции «аль-афдал» — атрибут совершенства духовного пути."
tj_m_afzalshoh_142,142,male,Мужской,Писарона,А,Афзалшоҳ,Афзалшох,Afzalshoh,АФЗАЛШОҲ,АФЗАЛШОХ,AFZALSHOH,True,"Қарори Ҳукумати Ҷумҳурии Тоҷикистон аз 26 феврали соли 2026, №98",False,,,Тоҷикӣ / Форсӣ,,
tj_m_afzunmehr_143,143,male,Мужской,Писарона,А,Афзунмеҳр,Афзунмехр,Afzunmehr,АФЗУНМЕҲР,АФЗУНМЕХР,AFZUNMEHR,True,"Қарори Ҳукумати Ҷумҳурии Тоҷикистон аз 26 феврали соли 2026, №98",False,,,Тоҷикӣ / Форсӣ,,
tj_m_afrand_144,144,male,Мужской,Писарона,А,Афранд,Афранд,Afrand,АФРАНД,АФРАНД,AFRAND,True,"Қарори Ҳукумати Ҷумҳурии Тоҷикистон аз 26 феврали соли 2026, №98",False,,,Тоҷикӣ / Форсӣ,,
tj_m_afroz_145,145,male,Мужской,Писарона,А,Афроз,Афроз,Afroz,АФРОЗ,АФРОЗ,AFROZ,True,"Қарори Ҳукумати Ҷумҳурии Тоҷикистон аз 26 феврали соли 2026, №98",False,,,Тоҷикӣ / Форсӣ,,
tj_m_afromin_146,146,male,Мужской,Писарона,А,Афромин,Афромин,Afromin,АФРОМИН,АФРОМИН,AFROMIN,True,"Қарори Ҳукумати Ҷумҳурии Тоҷикистон аз 26 феврали соли 2026, №98",False,,,Тоҷикӣ / Форсӣ,,
tj_m_afrosiyob_147,147,male,Мужской,Писарона,А,Афросиёб,Афросиёб,Afrosiyob,АФРОСИЁБ,АФРОСИЁБ,AFROSIYOB,True,"Қарори Ҳукумати Ҷумҳурии Тоҷикистон аз 26 феврали соли 2026, №98",False,,,Тоҷикӣ / Форсӣ,,
tj_m_afruz_148,148,male,Мужской,Писарона,А,Афрӯз,Афруз,Afruz,АФРӮЗ,АФРУЗ,AFRUZ,True,"Қарори Ҳукумати Ҷумҳурии Тоҷикистон аз 26 феврали соли 2026, №98",False,,,Тоҷикӣ / Форсӣ,,
tj_m_afsar_149,149,male,Мужской,Писарона,А,Афсар,Афсар,Afsar,АФСАР,АФСАР,AFSAR,True,"Қарори Ҳукумати Ҷумҳурии Тоҷикистон аз 26 феврали соли 2026, №98",False,,,Тоҷикӣ / Форсӣ,,
tj_m_afshid_150,150,male,Мужской,Писарона,А,Афшид,Афшид,Afshid,АФШИД,АФШИД,AFSHID,True,"Қарори Ҳукумати Ҷумҳурии Тоҷикистон аз 26 феврали соли 2026, №98",False,,,Тоҷикӣ / Форсӣ,,
tj_m_afshin_151,151,male,Мужской,Писарона,А,Афшин,Афшин,Afshin,АФШИН,АФШИН,AFSHIN,True,"Қарори Ҳукумати Ҷумҳурии Тоҷикистон аз 26 феврали соли 2026, №98",False,,,Тоҷикӣ / Форсӣ,,
tj_m_ahd_152,152,male,Мужской,Писарона,А,Аҳад,Ахад,Ahаd,АҲАД,АХАД,AHАD,True,"Қарори Ҳукумати Ҷумҳурии Тоҷикистон аз 26 феврали соли 2026, №98",False,,,Тоҷикӣ / Форсӣ,,
tj_m_ahliddin_153,153,male,Мужской,Писарона,А,Аҳлиддин,Ахлиддин,Ahliddin,АҲЛИДДИН,АХЛИДДИН,AHLIDDIN,True,"Қарори Ҳукумати Ҷумҳурии Тоҷикистон аз 26 феврали соли 2026, №98",False,,,Тоҷикӣ / Форсӣ,,
tj_m_ahmad_154,154,male,Мужской,Писарона,А,Аҳмад,Ахмад,Ahmad,АҲМАД,АХМАД,AHMAD,True,"Қарори Ҳукумати Ҷумҳурии Тоҷикистон аз 26 феврали соли 2026, №98",True,ahmad,"Наиболее достойный похвалы, превозносящий Аллаха",Арабское,достойный; верующий; мудрый; благородный; стойкий,"Аҳмад — одно из имён самого Пророка Мухаммада, упомянутое в суре «Ас-Сафф» (61:6) как предсказанное пришествие. Происходит от арабского корня حمد (хамд — «хвала»), превосходная степень означает «тот, кто больше всех восхваляет Аллаха». Имам Ахмад ибн Ханбал (IX в.) — основатель одной из четырёх суннитских правовых школ, прославившийся несгибаемой стойкостью перед халифом аль-Мутасимом."
tj_m_ahmadshoh_155,155,male,Мужской,Писарона,А,Аҳмадшоҳ,Ахмадшох,Ahmadshoh,АҲМАДШОҲ,АХМАДШОХ,AHMADSHOH,True,"Қарори Ҳукумати Ҷумҳурии Тоҷикистон аз 26 феврали соли 2026, №98",False,,,Тоҷикӣ / Форсӣ,,
tj_m_ahror_156,156,male,Мужской,Писарона,А,Аҳрор,Ахрор,Ahror,АҲРОР,АХРОР,AHROR,True,"Қарори Ҳукумати Ҷумҳурии Тоҷикистон аз 26 феврали соли 2026, №98",False,,,Тоҷикӣ / Форсӣ,,
tj_m_ahtam_157,157,male,Мужской,Писарона,А,Аҳтам,Ахтам,Ahtam,АҲТАМ,АХТАМ,AHTAM,True,"Қарори Ҳукумати Ҷумҳурии Тоҷикистон аз 26 феврали соли 2026, №98",False,,,Тоҷикӣ / Форсӣ,,
tj_m_ajam_158,158,male,Мужской,Писарона,А,Аҷам,Аджам,Ajam,АҶАМ,АДЖАМ,AJAM,True,"Қарори Ҳукумати Ҷумҳурии Тоҷикистон аз 26 феврали соли 2026, №98",False,,,Тоҷикӣ / Форсӣ,,
tj_m_ajamrod_159,159,male,Мужской,Писарона,А,Аҷамрод,Аджамрод,Ajamrod,АҶАМРОД,АДЖАМРОД,AJAMROD,True,"Қарори Ҳукумати Ҷумҳурии Тоҷикистон аз 26 феврали соли 2026, №98",False,,,Тоҷикӣ / Форсӣ,,
tj_m_ajamshoh_160,160,male,Мужской,Писарона,А,Аҷамшоҳ,Аджамшох,Ajamshoh,АҶАМШОҲ,АДЖАМШОХ,AJAMSHOH,True,"Қарори Ҳукумати Ҷумҳурии Тоҷикистон аз 26 феврали соли 2026, №98",False,,,Тоҷикӣ / Форсӣ,,
tj_m_ajvon_161,161,male,Мужской,Писарона,А,Аҷвон,Аджвон,Ajvon,АҶВОН,АДЖВОН,AJVON,True,"Қарори Ҳукумати Ҷумҳурии Тоҷикистон аз 26 феврали соли 2026, №98",False,,,Тоҷикӣ / Форсӣ,,
tj_m_ashkbus_162,162,male,Мужской,Писарона,А,Ашкбус,Ашкбус,Ashkbus,АШКБУС,АШКБУС,ASHKBUS,True,"Қарори Ҳукумати Ҷумҳурии Тоҷикистон аз 26 феврали соли 2026, №98",False,,,Тоҷикӣ / Форсӣ,,
tj_m_ashkon_163,163,male,Мужской,Писарона,А,Ашкон,Ашкон,Ashkon,АШКОН,АШКОН,ASHKON,True,"Қарори Ҳукумати Ҷумҳурии Тоҷикистон аз 26 феврали соли 2026, №98",False,,,Тоҷикӣ / Форсӣ,,
tj_m_ashovand_164,164,male,Мужской,Писарона,А,Ашованд,Ашованд,Ashovand,АШОВАНД,АШОВАНД,ASHOVAND,True,"Қарори Ҳукумати Ҷумҳурии Тоҷикистон аз 26 феврали соли 2026, №98",False,,,Тоҷикӣ / Форсӣ,,
tj_m_ashraf_165,165,male,Мужской,Писарона,А,Ашраф,Ашраф,Ashraf,АШРАФ,АШРАФ,ASHRAF,True,"Қарори Ҳукумати Ҷумҳурии Тоҷикистон аз 26 феврали соли 2026, №98",True,ashraf,"Наиболее почётный, знатнейший",Арабское,благородный; справедливый; верующий; мудрый; честный,"От арабского أشرف — превосходная степень от «шариф» («почётный, знатный»). В исламской традиции самыми почитаемыми людьми являются Пророк и его потомки — шурафа (множ. от шариф). Ашраф аль-Максум («наиболее почётный из созданий») — одно из эпитетов Пророка Мухаммада в исламской поэзии."
tj_m_ashto_166,166,male,Мужской,Писарона,А,Ашто,Ашто,Ashto,АШТО,АШТО,ASHTO,True,"Қарори Ҳукумати Ҷумҳурии Тоҷикистон аз 26 феврали соли 2026, №98",False,,,Тоҷикӣ / Форсӣ,,
tj_m_ashudod_167,167,male,Мужской,Писарона,А,Ашудод,Ашудод,Ashudod,АШУДОД,АШУДОД,ASHUDOD,True,"Қарори Ҳукумати Ҷумҳурии Тоҷикистон аз 26 феврали соли 2026, №98",False,,,Тоҷикӣ / Форсӣ,,
tj_m_ashur_168,168,male,Мужской,Писарона,А,Ашур,Ашур,Ashur,АШУР,АШУР,ASHUR,True,"Қарори Ҳукумати Ҷумҳурии Тоҷикистон аз 26 феврали соли 2026, №98",False,,,Тоҷикӣ / Форсӣ,,
tj_m_azam_169,169,male,Мужской,Писарона,А,Аъзам,Аъзам,A’zam,АЪЗАМ,АЪЗАМ,A’ZAM,True,"Қарори Ҳукумати Ҷумҳурии Тоҷикистон аз 26 феврали соли 2026, №98",True,azzam,"Решительный, твёрдый в намерении",Арабское,решительный; твёрдый; целеустремлённый; стойкий; непреклонный,"Арабское عَزَّام (аззам) — «очень решительный, полный решимости». «Азм» (решимость, твёрдость намерения) — добродетель, упомянутая в Коране (3:159): «Когда же примешь решение, уповай на Аллаха». Абдулла Аззам (1941–1989) — исламский учёный и деятель, оказавший огромное влияние на джихадское движение 1980-х. Имя символизирует железную волю и целеустремлённость."
tj_m_badriddin_170,170,male,Мужской,Писарона,Б,Бадриддин,Бадриддин,Badriddin,БАДРИДДИН,БАДРИДДИН,BADRIDDIN,True,"Қарори Ҳукумати Ҷумҳурии Тоҷикистон аз 26 феврали соли 2026, №98",False,,,Тоҷикӣ / Форсӣ,,
tj_m_bayoz_171,171,male,Мужской,Писарона,Б,Баёз,Баёз,Bayoz,БАЁЗ,БАЁЗ,BAYOZ,True,"Қарори Ҳукумати Ҷумҳурии Тоҷикистон аз 26 феврали соли 2026, №98",False,,,Тоҷикӣ / Форсӣ,,
tj_m_bayzo_172,172,male,Мужской,Писарона,Б,Байзо,Байзо,Bayzo,БАЙЗО,БАЙЗО,BAYZO,True,"Қарори Ҳукумати Ҷумҳурии Тоҷикистон аз 26 феврали соли 2026, №98",False,,,Тоҷикӣ / Форсӣ,,
tj_m_baqo_173,173,male,Мужской,Писарона,Б,Бақо,Бако,Baqo,БАҚО,БАКО,BAQO,True,"Қарори Ҳукумати Ҷумҳурии Тоҷикистон аз 26 феврали соли 2026, №98",False,,,Тоҷикӣ / Форсӣ,,
tj_m_balosh_174,174,male,Мужской,Писарона,Б,Балош,Балош,Balosh,БАЛОШ,БАЛОШ,BALOSH,True,"Қарори Ҳукумати Ҷумҳурии Тоҷикистон аз 26 феврали соли 2026, №98",False,,,Тоҷикӣ / Форсӣ,,
tj_m_balkhyor_175,175,male,Мужской,Писарона,Б,Балхёр,Балхёр,Balkhyor,БАЛХЁР,БАЛХЁР,BALKHYOR,True,"Қарори Ҳукумати Ҷумҳурии Тоҷикистон аз 26 феврали соли 2026, №98",False,,,Тоҷикӣ / Форсӣ,,
tj_m_balami_176,176,male,Мужской,Писарона,Б,Балъамӣ,Балъами,Bal’ami,БАЛЪАМӢ,БАЛЪАМИ,BAL’AMI,True,"Қарори Ҳукумати Ҷумҳурии Тоҷикистон аз 26 феврали соли 2026, №98",False,,,Тоҷикӣ / Форсӣ,,
tj_m_bahman_177,177,male,Мужской,Писарона,Б,Баҳман,Бахман,Bahman,БАҲМАН,БАХМАН,BAHMAN,True,"Қарори Ҳукумати Ҷумҳурии Тоҷикистон аз 26 феврали соли 2026, №98",False,,,Тоҷикӣ / Форсӣ,,
tj_m_bahmandod_178,178,male,Мужской,Писарона,Б,Баҳмандод,Бахмандод,Bahmandod,БАҲМАНДОД,БАХМАНДОД,BAHMANDOD,True,"Қарори Ҳукумати Ҷумҳурии Тоҷикистон аз 26 феврали соли 2026, №98",False,,,Тоҷикӣ / Форсӣ,,
tj_m_bahromshod_179,179,male,Мужской,Писарона,Б,Баҳромшод,Бахромшод,Bahromshod,БАҲРОМШОД,БАХРОМШОД,BAHROMSHOD,True,"Қарори Ҳукумати Ҷумҳурии Тоҷикистон аз 26 феврали соли 2026, №98",False,,,Тоҷикӣ / Форсӣ,,
tj_m_barakatullo_180,180,male,Мужской,Писарона,Б,Баракатулло,Баракатулло,Barakatullo,БАРАКАТУЛЛО,БАРАКАТУЛЛО,BARAKATULLO,True,"Қарори Ҳукумати Ҷумҳурии Тоҷикистон аз 26 феврали соли 2026, №98",False,,,Тоҷикӣ / Форсӣ,,
tj_m_bardiya_181,181,male,Мужской,Писарона,Б,Бардия,Бардия,Bardiya,БАРДИЯ,БАРДИЯ,BARDIYA,True,"Қарори Ҳукумати Ҷумҳурии Тоҷикистон аз 26 феврали соли 2026, №98",False,,,Тоҷикӣ / Форсӣ,,
tj_m_barzvar_182,182,male,Мужской,Писарона,Б,Барзвар,Барзвар,Barzvar,БАРЗВАР,БАРЗВАР,BARZVAR,True,"Қарори Ҳукумати Ҷумҳурии Тоҷикистон аз 26 феврали соли 2026, №98",False,,,Тоҷикӣ / Форсӣ,,
tj_m_barzgar_183,183,male,Мужской,Писарона,Б,Барзгар,Барзгар,Barzgar,БАРЗГАР,БАРЗГАР,BARZGAR,True,"Қарори Ҳукумати Ҷумҳурии Тоҷикистон аз 26 феврали соли 2026, №98",False,,,Тоҷикӣ / Форсӣ,,
tj_m_barziyo_184,184,male,Мужской,Писарона,Б,Барзиё,Барзиё,Barziyo,БАРЗИЁ,БАРЗИЁ,BARZIYO,True,"Қарори Ҳукумати Ҷумҳурии Тоҷикистон аз 26 феврали соли 2026, №98",False,,,Тоҷикӣ / Форсӣ,,
tj_m_barzin_185,185,male,Мужской,Писарона,Б,Барзин,Барзин,Barzin,БАРЗИН,БАРЗИН,BARZIN,True,"Қарори Ҳукумати Ҷумҳурии Тоҷикистон аз 26 феврали соли 2026, №98",False,,,Тоҷикӣ / Форсӣ,,
tj_m_barzindod_186,186,male,Мужской,Писарона,Б,Барзиндод,Барзиндод,Barzindod,БАРЗИНДОД,БАРЗИНДОД,BARZINDOD,True,"Қарори Ҳукумати Ҷумҳурии Тоҷикистон аз 26 феврали соли 2026, №98",False,,,Тоҷикӣ / Форсӣ,,
tj_m_barzinmehr_187,187,male,Мужской,Писарона,Б,Барзинмеҳр,Барзинмехр,Barzinmehr,БАРЗИНМЕҲР,БАРЗИНМЕХР,BARZINMEHR,True,"Қарори Ҳукумати Ҷумҳурии Тоҷикистон аз 26 феврали соли 2026, №98",False,,,Тоҷикӣ / Форсӣ,,
tj_m_barzinfar_188,188,male,Мужской,Писарона,Б,Барзинфар,Барзинфар,Barzinfar,БАРЗИНФАР,БАРЗИНФАР,BARZINFAR,True,"Қарори Ҳукумати Ҷумҳурии Тоҷикистон аз 26 феврали соли 2026, №98",False,,,Тоҷикӣ / Форсӣ,,
tj_m_barzinshod_189,189,male,Мужской,Писарона,Б,Барзиншод,Барзиншод,Barzinshod,БАРЗИНШОД,БАРЗИНШОД,BARZINSHOD,True,"Қарори Ҳукумати Ҷумҳурии Тоҷикистон аз 26 феврали соли 2026, №98",False,,,Тоҷикӣ / Форсӣ,,
tj_m_barzmand_190,190,male,Мужской,Писарона,Б,Барзманд,Барзманд,Barzmand,БАРЗМАНД,БАРЗМАНД,BARZMAND,True,"Қарори Ҳукумати Ҷумҳурии Тоҷикистон аз 26 феврали соли 2026, №98",False,,,Тоҷикӣ / Форсӣ,,
tj_m_barzon_191,191,male,Мужской,Писарона,Б,Барзон,Барзон,Barzon,БАРЗОН,БАРЗОН,BARZON,True,"Қарори Ҳукумати Ҷумҳурии Тоҷикистон аз 26 феврали соли 2026, №98",False,,,Тоҷикӣ / Форсӣ,,
tj_m_barzu_192,192,male,Мужской,Писарона,Б,Барзу,Барзу,Barzu,БАРЗУ,БАРЗУ,BARZU,True,"Қарори Ҳукумати Ҷумҳурии Тоҷикистон аз 26 феврали соли 2026, №98",False,,,Тоҷикӣ / Форсӣ,,
tj_m_barzush_193,193,male,Мужской,Писарона,Б,Барзуш,Барзуш,Barzush,БАРЗУШ,БАРЗУШ,BARZUSH,True,"Қарори Ҳукумати Ҷумҳурии Тоҷикистон аз 26 феврали соли 2026, №98",False,,,Тоҷикӣ / Форсӣ,,
tj_m_barzuya_194,194,male,Мужской,Писарона,Б,Барзуя,Барзуя,Barzuya,БАРЗУЯ,БАРЗУЯ,BARZUYA,True,"Қарори Ҳукумати Ҷумҳурии Тоҷикистон аз 26 феврали соли 2026, №98",False,,,Тоҷикӣ / Форсӣ,,
tj_m_barmak_195,195,male,Мужской,Писарона,Б,Бармак,Бармак,Barmak,БАРМАК,БАРМАК,BARMAK,True,"Қарори Ҳукумати Ҷумҳурии Тоҷикистон аз 26 феврали соли 2026, №98",False,,,Тоҷикӣ / Форсӣ,,
tj_m_barmoya_196,196,male,Мужской,Писарона,Б,Бармоя,Бармоя,Barmoya,БАРМОЯ,БАРМОЯ,BARMOYA,True,"Қарори Ҳукумати Ҷумҳурии Тоҷикистон аз 26 феврали соли 2026, №98",False,,,Тоҷикӣ / Форсӣ,,
tj_m_baroz_197,197,male,Мужской,Писарона,Б,Бароз,Бароз,Baroz,БАРОЗ,БАРОЗ,BAROZ,True,"Қарори Ҳукумати Ҷумҳурии Тоҷикистон аз 26 феврали соли 2026, №98",False,,,Тоҷикӣ / Форсӣ,,
tj_m_baroznush_198,198,male,Мужской,Писарона,Б,Барознуш,Барознуш,Baroznush,БАРОЗНУШ,БАРОЗНУШ,BAROZNUSH,True,"Қарори Ҳукумати Ҷумҳурии Тоҷикистон аз 26 феврали соли 2026, №98",False,,,Тоҷикӣ / Форсӣ,,
tj_m_baronush_199,199,male,Мужской,Писарона,Б,Баронуш,Баронуш,Baronush,БАРОНУШ,БАРОНУШ,BARONUSH,True,"Қарори Ҳукумати Ҷумҳурии Тоҷикистон аз 26 феврали соли 2026, №98",False,,,Тоҷикӣ / Форсӣ,,
tj_m_barot_200,200,male,Мужской,Писарона,Б,Барот,Барот,Barot,БАРОТ,БАРОТ,BAROT,True,"Қарори Ҳукумати Ҷумҳурии Тоҷикистон аз 26 феврали соли 2026, №98",False,,,Тоҷикӣ / Форсӣ,,
tj_m_barohim_201,201,male,Мужской,Писарона,Б,Бароҳим,Барохим,Barohim,БАРОҲИМ,БАРОХИМ,BAROHIM,True,"Қарори Ҳукумати Ҷумҳурии Тоҷикистон аз 26 феврали соли 2026, №98",False,,,Тоҷикӣ / Форсӣ,,
tj_m_barumand_202,202,male,Мужской,Писарона,Б,Баруманд,Баруманд,Barumand,БАРУМАНД,БАРУМАНД,BARUMAND,True,"Қарори Ҳукумати Ҷумҳурии Тоҷикистон аз 26 феврали соли 2026, №98",False,,,Тоҷикӣ / Форсӣ,,
tj_m_basir_203,203,male,Мужской,Писарона,Б,Басир,Басир,Basir,БАСИР,БАСИР,BASIR,True,"Қарори Ҳукумати Ҷумҳурии Тоҷикистон аз 26 феврали соли 2026, №98",False,,,Тоҷикӣ / Форсӣ,,
tj_m_bastom_204,204,male,Мужской,Писарона,Б,Бастом,Бастом,Bastom,БАСТОМ,БАСТОМ,BASTOM,True,"Қарори Ҳукумати Ҷумҳурии Тоҷикистон аз 26 феврали соли 2026, №98",False,,,Тоҷикӣ / Форсӣ,,
tj_m_bastur_205,205,male,Мужской,Писарона,Б,Бастур,Бастур,Bastur,БАСТУР,БАСТУР,BASTUR,True,"Қарори Ҳукумати Ҷумҳурии Тоҷикистон аз 26 феврали соли 2026, №98",False,,,Тоҷикӣ / Форсӣ,,
tj_m_bakht_206,206,male,Мужской,Писарона,Б,Бахт,Бахт,Bakht,БАХТ,БАХТ,BAKHT,True,"Қарори Ҳукумати Ҷумҳурии Тоҷикистон аз 26 феврали соли 2026, №98",False,,,Тоҷикӣ / Форсӣ,,
tj_m_bakhtiyor_207,207,male,Мужской,Писарона,Б,Бахтиёр,Бахтиёр,Bakhtiyor,БАХТИЁР,БАХТИЁР,BAKHTIYOR,True,"Қарори Ҳукумати Ҷумҳурии Тоҷикистон аз 26 феврали соли 2026, №98",False,,,Тоҷикӣ / Форсӣ,,
tj_m_bakhti_208,208,male,Мужской,Писарона,Б,Бахтӣ,Бахти,Bakhti,БАХТӢ,БАХТИ,BAKHTI,True,"Қарори Ҳукумати Ҷумҳурии Тоҷикистон аз 26 феврали соли 2026, №98",False,,,Тоҷикӣ / Форсӣ,,
tj_m_bakhtovar_209,209,male,Мужской,Писарона,Б,Бахтовар,Бахтовар,Bakhtovar,БАХТОВАР,БАХТОВАР,BAKHTOVAR,True,"Қарори Ҳукумати Ҷумҳурии Тоҷикистон аз 26 феврали соли 2026, №98",False,,,Тоҷикӣ / Форсӣ,,
tj_m_bakhtofar_210,210,male,Мужской,Писарона,Б,Бахтофар,Бахтофар,Bakhtofar,БАХТОФАР,БАХТОФАР,BAKHTOFAR,True,"Қарори Ҳукумати Ҷумҳурии Тоҷикистон аз 26 феврали соли 2026, №98",False,,,Тоҷикӣ / Форсӣ,,
tj_m_bakhtofarid_211,211,male,Мужской,Писарона,Б,Бахтофарид,Бахтофарид,Bakhtofarid,БАХТОФАРИД,БАХТОФАРИД,BAKHTOFARID,True,"Қарори Ҳукумати Ҷумҳурии Тоҷикистон аз 26 феврали соли 2026, №98",False,,,Тоҷикӣ / Форсӣ,,
tj_m_bakhtfizo_212,212,male,Мужской,Писарона,Б,Бахтфизо,Бахтфизо,Bakhtfizo,БАХТФИЗО,БАХТФИЗО,BAKHTFIZO,True,"Қарори Ҳукумати Ҷумҳурии Тоҷикистон аз 26 феврали соли 2026, №98",False,,,Тоҷикӣ / Форсӣ,,
tj_m_bakhshon_213,213,male,Мужской,Писарона,Б,Бахшон,Бахшон,Bakhshon,БАХШОН,БАХШОН,BAKHSHON,True,"Қарори Ҳукумати Ҷумҳурии Тоҷикистон аз 26 феврали соли 2026, №98",False,,,Тоҷикӣ / Форсӣ,,
tj_m_bahman_214,214,male,Мужской,Писарона,Б,Баҳман,Бахман,Bahman,БАҲМАН,БАХМАН,BAHMAN,True,"Қарори Ҳукумати Ҷумҳурии Тоҷикистон аз 26 феврали соли 2026, №98",False,,,Тоҷикӣ / Форсӣ,,
tj_m_bahmanyor_215,215,male,Мужской,Писарона,Б,Баҳманёр,Бахманёр,Bahmanyor,БАҲМАНЁР,БАХМАНЁР,BAHMANYOR,True,"Қарори Ҳукумати Ҷумҳурии Тоҷикистон аз 26 феврали соли 2026, №98",False,,,Тоҷикӣ / Форсӣ,,
tj_m_bahovar_216,216,male,Мужской,Писарона,Б,Баҳовар,Баховар,Bahovar,БАҲОВАР,БАХОВАР,BAHOVAR,True,"Қарори Ҳукумати Ҷумҳурии Тоҷикистон аз 26 феврали соли 2026, №98",False,,,Тоҷикӣ / Форсӣ,,
tj_m_bahodur_217,217,male,Мужской,Писарона,Б,Баҳодур,Баходур,Bahodur,БАҲОДУР,БАХОДУР,BAHODUR,True,"Қарори Ҳукумати Ҷумҳурии Тоҷикистон аз 26 феврали соли 2026, №98",False,,,Тоҷикӣ / Форсӣ,,
tj_m_bahouddin_218,218,male,Мужской,Писарона,Б,Баҳоуддин,Бахоуддин,Bahouddin,БАҲОУДДИН,БАХОУДДИН,BAHOUDDIN,True,"Қарори Ҳукумати Ҷумҳурии Тоҷикистон аз 26 феврали соли 2026, №98",False,,,Тоҷикӣ / Форсӣ,,
tj_m_bahravar_219,219,male,Мужской,Писарона,Б,Баҳравар,Бахравар,Bahravar,БАҲРАВАР,БАХРАВАР,BAHRAVAR,True,"Қарори Ҳукумати Ҷумҳурии Тоҷикистон аз 26 феврали соли 2026, №98",False,,,Тоҷикӣ / Форсӣ,,
tj_m_bahramand_220,220,male,Мужской,Писарона,Б,Баҳраманд,Бахраманд,Bahramand,БАҲРАМАНД,БАХРАМАНД,BAHRAMAND,True,"Қарори Ҳукумати Ҷумҳурии Тоҷикистон аз 26 феврали соли 2026, №98",False,,,Тоҷикӣ / Форсӣ,,
tj_m_bahriddin_221,221,male,Мужской,Писарона,Б,Баҳриддин,Бахриддин,Bahriddin,БАҲРИДДИН,БАХРИДДИН,BAHRIDDIN,True,"Қарори Ҳукумати Ҷумҳурии Тоҷикистон аз 26 феврали соли 2026, №98",False,,,Тоҷикӣ / Форсӣ,,
tj_m_bahrom_222,222,male,Мужской,Писарона,Б,Баҳром,Бахром,Bahrom,БАҲРОМ,БАХРОМ,BAHROM,True,"Қарори Ҳукумати Ҷумҳурии Тоҷикистон аз 26 феврали соли 2026, №98",False,,,Тоҷикӣ / Форсӣ,,
tj_m_bahron_223,223,male,Мужской,Писарона,Б,Баҳрон,Бахрон,Bahron,БАҲРОН,БАХРОН,BAHRON,True,"Қарори Ҳукумати Ҷумҳурии Тоҷикистон аз 26 феврали соли 2026, №98",False,,,Тоҷикӣ / Форсӣ,,
tj_m_bahrullo_224,224,male,Мужской,Писарона,Б,Баҳрулло,Бахрулло,Bahrullo,БАҲРУЛЛО,БАХРУЛЛО,BAHRULLO,True,"Қарори Ҳукумати Ҷумҳурии Тоҷикистон аз 26 феврали соли 2026, №98",False,,,Тоҷикӣ / Форсӣ,,
tj_m_bashir_225,225,male,Мужской,Писарона,Б,Башир,Башир,Bashir,БАШИР,БАШИР,BASHIR,True,"Қарори Ҳукумати Ҷумҳурии Тоҷикистон аз 26 феврали соли 2026, №98",False,,,Тоҷикӣ / Форсӣ,,
tj_m_bashutan_226,226,male,Мужской,Писарона,Б,Башутан,Башутан,Bashutan,БАШУТАН,БАШУТАН,BASHUTAN,True,"Қарори Ҳукумати Ҷумҳурии Тоҷикистон аз 26 феврали соли 2026, №98",False,,,Тоҷикӣ / Форсӣ,,
tj_m_bebok_227,227,male,Мужской,Писарона,Б,Бебок,Бебок,Bebok,БЕБОК,БЕБОК,BEBOK,True,"Қарори Ҳукумати Ҷумҳурии Тоҷикистон аз 26 феврали соли 2026, №98",False,,,Тоҷикӣ / Форсӣ,,
tj_m_bevard_228,228,male,Мужской,Писарона,Б,Бевард,Бевард,Bevard,БЕВАРД,БЕВАРД,BEVARD,True,"Қарори Ҳукумати Ҷумҳурии Тоҷикистон аз 26 феврали соли 2026, №98",False,,,Тоҷикӣ / Форсӣ,,
tj_m_bedil_229,229,male,Мужской,Писарона,Б,Бедил,Бедил,Bedil,БЕДИЛ,БЕДИЛ,BEDIL,True,"Қарори Ҳукумати Ҷумҳурии Тоҷикистон аз 26 феврали соли 2026, №98",False,,,Тоҷикӣ / Форсӣ,,
tj_m_bedor_230,230,male,Мужской,Писарона,Б,Бедор,Бедор,Bedor,БЕДОР,БЕДОР,BEDOR,True,"Қарори Ҳукумати Ҷумҳурии Тоҷикистон аз 26 феврали соли 2026, №98",False,,,Тоҷикӣ / Форсӣ,,
tj_m_bedordil_231,231,male,Мужской,Писарона,Б,Бедордил,Бедордил,Bedordil,БЕДОРДИЛ,БЕДОРДИЛ,BEDORDIL,True,"Қарори Ҳукумати Ҷумҳурии Тоҷикистон аз 26 феврали соли 2026, №98",False,,,Тоҷикӣ / Форсӣ,,
tj_m_bezhan_232,232,male,Мужской,Писарона,Б,Бежан,Бежан,Bezhan,БЕЖАН,БЕЖАН,BEZHAN,True,"Қарори Ҳукумати Ҷумҳурии Тоҷикистон аз 26 феврали соли 2026, №98",False,,,Тоҷикӣ / Форсӣ,,
tj_m_beniyoz_233,233,male,Мужской,Писарона,Б,Бениёз,Бениёз,Beniyoz,БЕНИЁЗ,БЕНИЁЗ,BENIYOZ,True,"Қарори Ҳукумати Ҷумҳурии Тоҷикистон аз 26 феврали соли 2026, №98",False,,,Тоҷикӣ / Форсӣ,,
tj_m_behbud_234,234,male,Мужской,Писарона,Б,Беҳбуд,Бехбуд,Behbud,БЕҲБУД,БЕХБУД,BEHBUD,True,"Қарори Ҳукумати Ҷумҳурии Тоҷикистон аз 26 феврали соли 2026, №98",False,,,Тоҷикӣ / Форсӣ,,
tj_m_behgu_235,235,male,Мужской,Писарона,Б,Беҳгӯ,Бехгу,Behgu,БЕҲГӮ,БЕХГУ,BEHGU,True,"Қарори Ҳукумати Ҷумҳурии Тоҷикистон аз 26 феврали соли 2026, №98",False,,,Тоҷикӣ / Форсӣ,,
tj_m_behdovar_236,236,male,Мужской,Писарона,Б,Беҳдовар,Бехдовар,Behdovar,БЕҲДОВАР,БЕХДОВАР,BEHDOVAR,True,"Қарори Ҳукумати Ҷумҳурии Тоҷикистон аз 26 феврали соли 2026, №98",False,,,Тоҷикӣ / Форсӣ,,
tj_m_behdod_237,237,male,Мужской,Писарона,Б,Беҳдод,Бехдод,Behdod,БЕҲДОД,БЕХДОД,BEHDOD,True,"Қарори Ҳукумати Ҷумҳурии Тоҷикистон аз 26 феврали соли 2026, №98",False,,,Тоҷикӣ / Форсӣ,,
tj_m_behdust_238,238,male,Мужской,Писарона,Б,Беҳдӯст,Бехдуст,Behdust,БЕҲДӮСТ,БЕХДУСТ,BEHDUST,True,"Қарори Ҳукумати Ҷумҳурии Тоҷикистон аз 26 феврали соли 2026, №98",False,,,Тоҷикӣ / Форсӣ,,
tj_m_behyod_239,239,male,Мужской,Писарона,Б,Беҳёд,Бехёд,Behyod,БЕҲЁД,БЕХЁД,BEHYOD,True,"Қарори Ҳукумати Ҷумҳурии Тоҷикистон аз 26 феврали соли 2026, №98",False,,,Тоҷикӣ / Форсӣ,,
tj_m_behzod_240,240,male,Мужской,Писарона,Б,Беҳзод,Бехзод,Behzod,БЕҲЗОД,БЕХЗОД,BEHZOD,True,"Қарори Ҳукумати Ҷумҳурии Тоҷикистон аз 26 феврали соли 2026, №98",False,,,Тоҷикӣ / Форсӣ,,
tj_m_behin_241,241,male,Мужской,Писарона,Б,Беҳин,Бехин,Behin,БЕҲИН,БЕХИН,BEHIN,True,"Қарори Ҳукумати Ҷумҳурии Тоҷикистон аз 26 феврали соли 2026, №98",False,,,Тоҷикӣ / Форсӣ,,
tj_m_behmanish_242,242,male,Мужской,Писарона,Б,Беҳманиш,Бехманиш,Behmanish,БЕҲМАНИШ,БЕХМАНИШ,BEHMANISH,True,"Қарори Ҳукумати Ҷумҳурии Тоҷикистон аз 26 феврали соли 2026, №98",False,,,Тоҷикӣ / Форсӣ,,
tj_m_behnazar_243,243,male,Мужской,Писарона,Б,Беҳназар,Беxназар,Behnazar,БЕҲНАЗАР,БЕXНАЗАР,BEHNAZAR,True,"Қарори Ҳукумати Ҷумҳурии Тоҷикистон аз 26 феврали соли 2026, №98",False,,,Тоҷикӣ / Форсӣ,,
tj_m_behniyo_244,244,male,Мужской,Писарона,Б,Беҳниё,Бехниё,Behniyo,БЕҲНИЁ,БЕХНИЁ,BEHNIYO,True,"Қарори Ҳукумати Ҷумҳурии Тоҷикистон аз 26 феврали соли 2026, №98",False,,,Тоҷикӣ / Форсӣ,,
tj_m_behnom_245,245,male,Мужской,Писарона,Б,Беҳном,Бехном,Behnom,БЕҲНОМ,БЕХНОМ,BEHNOM,True,"Қарори Ҳукумати Ҷумҳурии Тоҷикистон аз 26 феврали соли 2026, №98",False,,,Тоҷикӣ / Форсӣ,,
tj_m_behnush_246,246,male,Мужской,Писарона,Б,Беҳнуш,Бехнуш,Behnush,БЕҲНУШ,БЕХНУШ,BEHNUSH,True,"Қарори Ҳукумати Ҷумҳурии Тоҷикистон аз 26 феврали соли 2026, №98",False,,,Тоҷикӣ / Форсӣ,,
tj_m_behozin_247,247,male,Мужской,Писарона,Б,Беҳозин,Бехозин,Behozin,БЕҲОЗИН,БЕХОЗИН,BEHOZIN,True,"Қарори Ҳукумати Ҷумҳурии Тоҷикистон аз 26 феврали соли 2026, №98",False,,,Тоҷикӣ / Форсӣ,,
tj_m_behoyin_248,248,male,Мужской,Писарона,Б,Беҳойин,Бехойин,Behoyin,БЕҲОЙИН,БЕХОЙИН,BEHOYIN,True,"Қарори Ҳукумати Ҷумҳурии Тоҷикистон аз 26 феврали соли 2026, №98",False,,,Тоҷикӣ / Форсӣ,,
tj_m_behorash_249,249,male,Мужской,Писарона,Б,Беҳораш,Бехораш,Behorash,БЕҲОРАШ,БЕХОРАШ,BEHORASH,True,"Қарори Ҳукумати Ҷумҳурии Тоҷикистон аз 26 феврали соли 2026, №98",False,,,Тоҷикӣ / Форсӣ,,
tj_m_behofarid_250,250,male,Мужской,Писарона,Б,Беҳофарид,Бехофарид,Behofarid,БЕҲОФАРИД,БЕХОФАРИД,BEHOFARID,True,"Қарори Ҳукумати Ҷумҳурии Тоҷикистон аз 26 феврали соли 2026, №98",False,,,Тоҷикӣ / Форсӣ,,
tj_m_behrod_251,251,male,Мужской,Писарона,Б,Беҳрод,Бехрод,Behrod,БЕҲРОД,БЕХРОД,BEHROD,True,"Қарори Ҳукумати Ҷумҳурии Тоҷикистон аз 26 феврали соли 2026, №98",False,,,Тоҷикӣ / Форсӣ,,
tj_m_behrukh_252,252,male,Мужской,Писарона,Б,Беҳрух,Бехрух,Behrukh,БЕҲРУХ,БЕХРУХ,BEHRUKH,True,"Қарори Ҳукумати Ҷумҳурии Тоҷикистон аз 26 феврали соли 2026, №98",False,,,Тоҷикӣ / Форсӣ,,
tj_m_behruz_253,253,male,Мужской,Писарона,Б,Беҳрӯз,Бехруз,Behruz,БЕҲРӮЗ,БЕХРУЗ,BEHRUZ,True,"Қарори Ҳукумати Ҷумҳурии Тоҷикистон аз 26 феврали соли 2026, №98",False,,,Тоҷикӣ / Форсӣ,,
tj_m_behfar_254,254,male,Мужской,Писарона,Б,Беҳфар,Бехфар,Behfar,БЕҲФАР,БЕХФАР,BEHFAR,True,"Қарори Ҳукумати Ҷумҳурии Тоҷикистон аз 26 феврали соли 2026, №98",False,,,Тоҷикӣ / Форсӣ,,
tj_m_behshod_255,255,male,Мужской,Писарона,Б,Беҳшод,Бехшод,Behshod,БЕҲШОД,БЕХШОД,BEHSHOD,True,"Қарори Ҳукумати Ҷумҳурии Тоҷикистон аз 26 феврали соли 2026, №98",False,,,Тоҷикӣ / Форсӣ,,
tj_m_beruni_256,256,male,Мужской,Писарона,Б,Берунӣ,Беруни,Beruni,БЕРУНӢ,БЕРУНИ,BERUNI,True,"Қарори Ҳукумати Ҷумҳурии Тоҷикистон аз 26 феврали соли 2026, №98",False,,,Тоҷикӣ / Форсӣ,,
tj_m_bilol_257,257,male,Мужской,Писарона,Б,Билол,Билол,Bilol,БИЛОЛ,БИЛОЛ,BILOL,True,"Қарори Ҳукумати Ҷумҳурии Тоҷикистон аз 26 феврали соли 2026, №98",True,bilal,"Влага, свежесть",Арабское,верующий; стойкий; терпеливый; справедливый,"Билял — первый муэдзин ислама, бывший раб, принявший ислам и выдержавший жестокие пытки за веру. Символ стойкости и равенства."
tj_m_binoi_258,258,male,Мужской,Писарона,Б,Биноӣ,Бинои,Binoi,БИНОӢ,БИНОИ,BINOI,True,"Қарори Ҳукумати Ҷумҳурии Тоҷикистон аз 26 феврали соли 2026, №98",False,,,Тоҷикӣ / Форсӣ,,
tj_m_bihovand_259,259,male,Мужской,Писарона,Б,Биҳованд,Бихованд,Bihovand,БИҲОВАНД,БИХОВАНД,BIHOVAND,True,"Қарори Ҳукумати Ҷумҳурии Тоҷикистон аз 26 феврали соли 2026, №98",False,,,Тоҷикӣ / Форсӣ,,
tj_m_bihon_260,260,male,Мужской,Писарона,Б,Биҳон,Бихон,Bihon,БИҲОН,БИХОН,BIHON,True,"Қарори Ҳукумати Ҷумҳурии Тоҷикистон аз 26 феврали соли 2026, №98",False,,,Тоҷикӣ / Форсӣ,,
tj_m_bobak_261,261,male,Мужской,Писарона,Б,Бобак,Бобак,Bobak,БОБАК,БОБАК,BOBAK,True,"Қарори Ҳукумати Ҷумҳурии Тоҷикистон аз 26 феврали соли 2026, №98",False,,,Тоҷикӣ / Форсӣ,,
tj_m_boboaziz_262,262,male,Мужской,Писарона,Б,Бобоазиз,Бобоазиз,Boboaziz,БОБОАЗИЗ,БОБОАЗИЗ,BOBOAZIZ,True,"Қарори Ҳукумати Ҷумҳурии Тоҷикистон аз 26 феврали соли 2026, №98",False,,,Тоҷикӣ / Форсӣ,,
tj_m_boboali_263,263,male,Мужской,Писарона,Б,Бобоалӣ,Бобоали,Boboali,БОБОАЛӢ,БОБОАЛИ,BOBOALI,True,"Қарори Ҳукумати Ҷумҳурии Тоҷикистон аз 26 феврали соли 2026, №98",False,,,Тоҷикӣ / Форсӣ,,
tj_m_boboyor_264,264,male,Мужской,Писарона,Б,Бобоёр,Бобоёр,Boboyor,БОБОЁР,БОБОЁР,BOBOYOR,True,"Қарори Ҳукумати Ҷумҳурии Тоҷикистон аз 26 феврали соли 2026, №98",False,,,Тоҷикӣ / Форсӣ,,
tj_m_bobokalon_265,265,male,Мужской,Писарона,Б,Бобокалон,Бобокалон,Bobokalon,БОБОКАЛОН,БОБОКАЛОН,BOBOKALON,True,"Қарори Ҳукумати Ҷумҳурии Тоҷикистон аз 26 феврали соли 2026, №98",False,,,Тоҷикӣ / Форсӣ,,
tj_m_bobomurod_266,266,male,Мужской,Писарона,Б,Бобомурод,Бобомурод,Bobomurod,БОБОМУРОД,БОБОМУРОД,BOBOMUROD,True,"Қарори Ҳукумати Ҷумҳурии Тоҷикистон аз 26 феврали соли 2026, №98",False,,,Тоҷикӣ / Форсӣ,,
tj_m_bobonazar_267,267,male,Мужской,Писарона,Б,Бобоназар,Бобоназар,Bobonazar,БОБОНАЗАР,БОБОНАЗАР,BOBONAZAR,True,"Қарори Ҳукумати Ҷумҳурии Тоҷикистон аз 26 феврали соли 2026, №98",False,,,Тоҷикӣ / Форсӣ,,
tj_m_boboniyoz_268,268,male,Мужской,Писарона,Б,Бобониёз,Бобониёз,Boboniyoz,БОБОНИЁЗ,БОБОНИЁЗ,BOBONIYOZ,True,"Қарори Ҳукумати Ҷумҳурии Тоҷикистон аз 26 феврали соли 2026, №98",False,,,Тоҷикӣ / Форсӣ,,
tj_m_boborajab_269,269,male,Мужской,Писарона,Б,Бобораҷаб,Бобораджаб,Boborajab,БОБОРАҶАБ,БОБОРАДЖАБ,BOBORAJAB,True,"Қарори Ҳукумати Ҷумҳурии Тоҷикистон аз 26 феврали соли 2026, №98",False,,,Тоҷикӣ / Форсӣ,,
tj_m_bobosafar_270,270,male,Мужской,Писарона,Б,Бобосафар,Бобосафар,Bobosafar,БОБОСАФАР,БОБОСАФАР,BOBOSAFAR,True,"Қарори Ҳукумати Ҷумҳурии Тоҷикистон аз 26 феврали соли 2026, №98",False,,,Тоҷикӣ / Форсӣ,,
tj_m_bobojon_271,271,male,Мужской,Писарона,Б,Бобоҷон,Бободжон,Bobojon,БОБОҶОН,БОБОДЖОН,BOBOJON,True,"Қарори Ҳукумати Ҷумҳурии Тоҷикистон аз 26 феврали соли 2026, №98",False,,,Тоҷикӣ / Форсӣ,,
tj_m_boboshoh_272,272,male,Мужской,Писарона,Б,Бобошоҳ,Бобошох,Boboshoh,БОБОШОҲ,БОБОШОХ,BOBOSHOH,True,"Қарори Ҳукумати Ҷумҳурии Тоҷикистон аз 26 феврали соли 2026, №98",False,,,Тоҷикӣ / Форсӣ,,
tj_m_bovan_273,273,male,Мужской,Писарона,Б,Бован,Бован,Bovan,БОВАН,БОВАН,BOVAN,True,"Қарори Ҳукумати Ҷумҳурии Тоҷикистон аз 26 феврали соли 2026, №98",False,,,Тоҷикӣ / Форсӣ,,
tj_m_bovand_274,274,male,Мужской,Писарона,Б,Бованд,Бованд,Bovand,БОВАНД,БОВАНД,BOVAND,True,"Қарори Ҳукумати Ҷумҳурии Тоҷикистон аз 26 феврали соли 2026, №98",False,,,Тоҷикӣ / Форсӣ,,
tj_m_boqi_275,275,male,Мужской,Писарона,Б,Боқӣ,Боки,Boqi,БОҚӢ,БОКИ,BOQI,True,"Қарори Ҳукумати Ҷумҳурии Тоҷикистон аз 26 феврали соли 2026, №98",False,,,Тоҷикӣ / Форсӣ,,
tj_m_bomyod_276,276,male,Мужской,Писарона,Б,Бомёд,Бомёд,Bomyod,БОМЁД,БОМЁД,BOMYOD,True,"Қарори Ҳукумати Ҷумҳурии Тоҷикистон аз 26 феврали соли 2026, №98",False,,,Тоҷикӣ / Форсӣ,,
tj_m_bomiyon_277,277,male,Мужской,Писарона,Б,Бомиён,Бомиён,Bomiyon,БОМИЁН,БОМИЁН,BOMIYON,True,"Қарори Ҳукумати Ҷумҳурии Тоҷикистон аз 26 феврали соли 2026, №98",False,,,Тоҷикӣ / Форсӣ,,
tj_m_bomirukh_278,278,male,Мужской,Писарона,Б,Бомирух,Бомирух,Bomirukh,БОМИРУХ,БОМИРУХ,BOMIRUKH,True,"Қарори Ҳукумати Ҷумҳурии Тоҷикистон аз 26 феврали соли 2026, №98",False,,,Тоҷикӣ / Форсӣ,,
tj_m_bomifar_279,279,male,Мужской,Писарона,Б,Бомифар,Бомифар,Bomifar,БОМИФАР,БОМИФАР,BOMIFAR,True,"Қарори Ҳукумати Ҷумҳурии Тоҷикистон аз 26 феврали соли 2026, №98",False,,,Тоҷикӣ / Форсӣ,,
tj_m_bomshod_280,280,male,Мужской,Писарона,Б,Бомшод,Бомшод,Bomshod,БОМШОД,БОМШОД,BOMSHOD,True,"Қарори Ҳукумати Ҷумҳурии Тоҷикистон аз 26 феврали соли 2026, №98",False,,,Тоҷикӣ / Форсӣ,,
tj_m_bonavo_281,281,male,Мужской,Писарона,Б,Бонаво,Бонаво,Bonavo,БОНАВО,БОНАВО,BONAVO,True,"Қарори Ҳукумати Ҷумҳурии Тоҷикистон аз 26 феврали соли 2026, №98",False,,,Тоҷикӣ / Форсӣ,,
tj_m_borbad_282,282,male,Мужской,Писарона,Б,Борбад,Борбад,Borbad,БОРБАД,БОРБАД,BORBAD,True,"Қарори Ҳукумати Ҷумҳурии Тоҷикистон аз 26 феврали соли 2026, №98",False,,,Тоҷикӣ / Форсӣ,,
tj_m_boriz_283,283,male,Мужской,Писарона,Б,Бориз,Бориз,Boriz,БОРИЗ,БОРИЗ,BORIZ,True,"Қарори Ҳукумати Ҷумҳурии Тоҷикистон аз 26 феврали соли 2026, №98",False,,,Тоҷикӣ / Форсӣ,,
tj_m_bofar_284,284,male,Мужской,Писарона,Б,Бофар,Бофар,Bofar,БОФАР,БОФАР,BOFAR,True,"Қарори Ҳукумати Ҷумҳурии Тоҷикистон аз 26 феврали соли 2026, №98",False,,,Тоҷикӣ / Форсӣ,,
tj_m_bohir_285,285,male,Мужской,Писарона,Б,Боҳир,Бохир,Bohir,БОҲИР,БОХИР,BOHIR,True,"Қарори Ҳукумати Ҷумҳурии Тоҷикистон аз 26 феврали соли 2026, №98",False,,,Тоҷикӣ / Форсӣ,,
tj_m_boyazid_286,286,male,Мужской,Писарона,Б,Боязид,Боязид,Boyazid,БОЯЗИД,БОЯЗИД,BOYAZID,True,"Қарори Ҳукумати Ҷумҳурии Тоҷикистон аз 26 феврали соли 2026, №98",False,,,Тоҷикӣ / Форсӣ,,
tj_m_buzurg_287,287,male,Мужской,Писарона,Б,Бузург,Бузург,Buzurg,БУЗУРГ,БУЗУРГ,BUZURG,True,"Қарори Ҳукумати Ҷумҳурии Тоҷикистон аз 26 феврали соли 2026, №98",False,,,Тоҷикӣ / Форсӣ,,
tj_m_buzurgmehr_288,288,male,Мужской,Писарона,Б,Бузургмеҳр,Бузургмехр,Buzurgmehr,БУЗУРГМЕҲР,БУЗУРГМЕХР,BUZURGMEHR,True,"Қарори Ҳукумати Ҷумҳурии Тоҷикистон аз 26 феврали соли 2026, №98",False,,,Тоҷикӣ / Форсӣ,,
tj_m_bundod_289,289,male,Мужской,Писарона,Б,Бундод,Бундод,Bundod,БУНДОД,БУНДОД,BUNDOD,True,"Қарори Ҳукумати Ҷумҳурии Тоҷикистон аз 26 феврали соли 2026, №98",False,,,Тоҷикӣ / Форсӣ,,
tj_m_bunyod_290,290,male,Мужской,Писарона,Б,Бунёд,Бунёд,Bunyod,БУНЁД,БУНЁД,BUNYOD,True,"Қарори Ҳукумати Ҷумҳурии Тоҷикистон аз 26 феврали соли 2026, №98",False,,,Тоҷикӣ / Форсӣ,,
tj_m_bunshod_291,291,male,Мужской,Писарона,Б,Буншод,Буншод,Bunshod,БУНШОД,БУНШОД,BUNSHOD,True,"Қарори Ҳукумати Ҷумҳурии Тоҷикистон аз 26 феврали соли 2026, №98",False,,,Тоҷикӣ / Форсӣ,,
tj_m_burzdod_292,292,male,Мужской,Писарона,Б,Бурздод,Бурздод,Burzdod,БУРЗДОД,БУРЗДОД,BURZDOD,True,"Қарори Ҳукумати Ҷумҳурии Тоҷикистон аз 26 феврали соли 2026, №98",False,,,Тоҷикӣ / Форсӣ,,
tj_m_burzinmehr_293,293,male,Мужской,Писарона,Б,Бурзинмеҳр,Бурзинмехр,Burzinmehr,БУРЗИНМЕҲР,БУРЗИНМЕХР,BURZINMEHR,True,"Қарори Ҳукумати Ҷумҳурии Тоҷикистон аз 26 феврали соли 2026, №98",False,,,Тоҷикӣ / Форсӣ,,
tj_m_burzomehr_294,294,male,Мужской,Писарона,Б,Бурзомеҳр,Бурзомехр,Burzomehr,БУРЗОМЕҲР,БУРЗОМЕХР,BURZOMEHR,True,"Қарори Ҳукумати Ҷумҳурии Тоҷикистон аз 26 феврали соли 2026, №98",False,,,Тоҷикӣ / Форсӣ,,
tj_m_burzofar_295,295,male,Мужской,Писарона,Б,Бурзофар,Бурзофар,Burzofar,БУРЗОФАР,БУРЗОФАР,BURZOFAR,True,"Қарори Ҳукумати Ҷумҳурии Тоҷикистон аз 26 феврали соли 2026, №98",False,,,Тоҷикӣ / Форсӣ,,
tj_m_burhon_296,296,male,Мужской,Писарона,Б,Бурҳон,Бурхон,Burhon,БУРҲОН,БУРХОН,BURHON,True,"Қарори Ҳукумати Ҷумҳурии Тоҷикистон аз 26 феврали соли 2026, №98",True,burhan,"Доказательство, ясное свидетельство",Арабское,убедительный; логичный; умный; красноречивый; проницательный,"Арабское بُرْهَان (бурхан) — «ясное доказательство, неопровержимое свидетельство». Слово встречается в Коране в суре Ан-Ниса (4:174): «О люди! К вам явилось ясное доказательство от вашего Господа» (قَدْ جَاءَكُم بُرْهَانٌ مِّن رَّبِّكُمْ). Бурхан ад-Дин аз-Зарнуджи (XIII в.) — исламский учёный, автор классического педагогического трактата «Та"
tj_m_burhoniddin_297,297,male,Мужской,Писарона,Б,Бурҳониддин,Бурхониддин,Burhoniddin,БУРҲОНИДДИН,БУРХОНИДДИН,BURHONIDDIN,True,"Қарори Ҳукумати Ҷумҳурии Тоҷикистон аз 26 феврали соли 2026, №98",False,,,Тоҷикӣ / Форсӣ,,
tj_m_vazhdo_298,298,male,Мужской,Писарона,В,Важдо,Важдо,Vazhdo,ВАЖДО,ВАЖДО,VAZHDO,True,"Қарори Ҳукумати Ҷумҳурии Тоҷикистон аз 26 феврали соли 2026, №98",False,,,Тоҷикӣ / Форсӣ,,
tj_m_vazdar_299,299,male,Мужской,Писарона,В,Ваздар,Ваздар,Vazdar,ВАЗДАР,ВАЗДАР,VAZDAR,True,"Қарори Ҳукумати Ҷумҳурии Тоҷикистон аз 26 феврали соли 2026, №98",False,,,Тоҷикӣ / Форсӣ,,
tj_m_varzin_300,300,male,Мужской,Писарона,В,Варзин,Варзин,Varzin,ВАРЗИН,ВАРЗИН,VARZIN,True,"Қарори Ҳукумати Ҷумҳурии Тоҷикистон аз 26 феврали соли 2026, №98",False,,,Тоҷикӣ / Форсӣ,,
tj_m_varqa_301,301,male,Мужской,Писарона,В,Варқа,Варка,Varqa,ВАРҚА,ВАРКА,VARQA,True,"Қарори Ҳукумати Ҷумҳурии Тоҷикистон аз 26 феврали соли 2026, №98",False,,,Тоҷикӣ / Форсӣ,,
tj_m_varnush_302,302,male,Мужской,Писарона,В,Варнуш,Варнуш,Varnush,ВАРНУШ,ВАРНУШ,VARNUSH,True,"Қарори Ҳукумати Ҷумҳурии Тоҷикистон аз 26 феврали соли 2026, №98",False,,,Тоҷикӣ / Форсӣ,,
tj_m_varoz_303,303,male,Мужской,Писарона,В,Вароз,Вароз,Varoz,ВАРОЗ,ВАРОЗ,VAROZ,True,"Қарори Ҳукумати Ҷумҳурии Тоҷикистон аз 26 феврали соли 2026, №98",False,,,Тоҷикӣ / Форсӣ,,
tj_m_varozod_304,304,male,Мужской,Писарона,В,Варозод,Варозод,Varozod,ВАРОЗОД,ВАРОЗОД,VAROZOD,True,"Қарори Ҳукумати Ҷумҳурии Тоҷикистон аз 26 феврали соли 2026, №98",False,,,Тоҷикӣ / Форсӣ,,
tj_m_vartoj_305,305,male,Мужской,Писарона,В,Вартоҷ,Вартодж,Vartoj,ВАРТОҶ,ВАРТОДЖ,VARTOJ,True,"Қарори Ҳукумати Ҷумҳурии Тоҷикистон аз 26 феврали соли 2026, №98",False,,,Тоҷикӣ / Форсӣ,,
tj_m_varj_306,306,male,Мужской,Писарона,В,Варҷ,Вардж,Varj,ВАРҶ,ВАРДЖ,VARJ,True,"Қарори Ҳукумати Ҷумҳурии Тоҷикистон аз 26 феврали соли 2026, №98",False,,,Тоҷикӣ / Форсӣ,,
tj_m_varjovand_307,307,male,Мужской,Писарона,В,Варҷованд,Варджованд,Varjovand,ВАРҶОВАНД,ВАРДЖОВАНД,VARJOVAND,True,"Қарори Ҳукумати Ҷумҳурии Тоҷикистон аз 26 феврали соли 2026, №98",False,,,Тоҷикӣ / Форсӣ,,
tj_m_vasim_308,308,male,Мужской,Писарона,В,Васим,Васим,Vasim,ВАСИМ,ВАСИМ,VASIM,True,"Қарори Ҳукумати Ҷумҳурии Тоҷикистон аз 26 феврали соли 2026, №98",True,wassim,"Красивый, привлекательный, статный",Арабское,красивый; благородный; добрый; верующий; элегантный,"От арабского وسيم (wasīm) — «красивый, привлекательный лицом». В исламской традиции внешняя красота рассматривается как благодать Аллаха: «Аллах красив и любит красоту» (хадис). Имя напоминает, что физическая привлекательность — дар, который следует сопровождать красотой нрава."
tj_m_vassof_309,309,male,Мужской,Писарона,В,Вассоф,Вассоф,Vassof,ВАССОФ,ВАССОФ,VASSOF,True,"Қарори Ҳукумати Ҷумҳурии Тоҷикистон аз 26 феврали соли 2026, №98",False,,,Тоҷикӣ / Форсӣ,,
tj_m_vatanshoh_310,310,male,Мужской,Писарона,В,Ватаншоҳ,Ватаншох,Vatanshoh,ВАТАНШОҲ,ВАТАНШОХ,VATANSHOH,True,"Қарори Ҳукумати Ҷумҳурии Тоҷикистон аз 26 феврали соли 2026, №98",False,,,Тоҷикӣ / Форсӣ,,
tj_m_vafo_311,311,male,Мужской,Писарона,В,Вафо,Вафо,Vafo,ВАФО,ВАФО,VAFO,True,"Қарори Ҳукумати Ҷумҳурии Тоҷикистон аз 26 феврали соли 2026, №98",True,wafa,"Верность, преданность, исполнение обещаний",Арабское,верная; преданная; честная; добрая; надёжная,"От арабского وفاء (wafāʾ) — «верность, исполнение обещания». В исламской этике вафа — одна из высших нравственных ценностей, связанная с понятием «амана» (доверие). Пророк сказал: «Нет веры у того, кто не держит слово, нет религии у того, кто не соблюдает договор». Имя несёт завет неизменной верности Аллаху и людям."
tj_m_vafoyor_312,312,male,Мужской,Писарона,В,Вафоёр,Вафоёр,Vafoyor,ВАФОЁР,ВАФОЁР,VAFOYOR,True,"Қарори Ҳукумати Ҷумҳурии Тоҷикистон аз 26 феврали соли 2026, №98",False,,,Тоҷикӣ / Форсӣ,,
tj_m_vakhshonvar_313,313,male,Мужской,Писарона,В,Вахшонвар,Вахшонвар,Vakhshonvar,ВАХШОНВАР,ВАХШОНВАР,VAKHSHONVAR,True,"Қарори Ҳукумати Ҷумҳурии Тоҷикистон аз 26 феврали соли 2026, №98",False,,,Тоҷикӣ / Форсӣ,,
tj_m_vakhshord_314,314,male,Мужской,Писарона,В,Вахшорд,Вахшорд,Vakhshord,ВАХШОРД,ВАХШОРД,VAKHSHORD,True,"Қарори Ҳукумати Ҷумҳурии Тоҷикистон аз 26 феврали соли 2026, №98",False,,,Тоҷикӣ / Форсӣ,,
tj_m_vakhshun_315,315,male,Мужской,Писарона,В,Вахшун,Вахшун,Vakhshun,ВАХШУН,ВАХШУН,VAKHSHUN,True,"Қарори Ҳукумати Ҷумҳурии Тоҷикистон аз 26 феврали соли 2026, №98",False,,,Тоҷикӣ / Форсӣ,,
tj_m_vakhshur_316,316,male,Мужской,Писарона,В,Вахшур,Вахшур,Vakhshur,ВАХШУР,ВАХШУР,VAKHSHUR,True,"Қарори Ҳукумати Ҷумҳурии Тоҷикистон аз 26 феврали соли 2026, №98",False,,,Тоҷикӣ / Форсӣ,,
tj_m_vahnom_317,317,male,Мужской,Писарона,В,Ваҳном,Вахном,Vahnom,ВАҲНОМ,ВАХНОМ,VAHNOM,True,"Қарори Ҳукумати Ҷумҳурии Тоҷикистон аз 26 феврали соли 2026, №98",False,,,Тоҷикӣ / Форсӣ,,
tj_m_vahhob_318,318,male,Мужской,Писарона,В,Ваҳҳоб,Ваххоб,Vahhob,ВАҲҲОБ,ВАХХОБ,VAHHOB,True,"Қарори Ҳукумати Ҷумҳурии Тоҷикистон аз 26 феврали соли 2026, №98",False,,,Тоҷикӣ / Форсӣ,,
tj_m_vidod_319,319,male,Мужской,Писарона,В,Видод,Видод,Vidod,ВИДОД,ВИДОД,VIDOD,True,"Қарори Ҳукумати Ҷумҳурии Тоҷикистон аз 26 феврали соли 2026, №98",True,widad,"Любовь, привязанность, нежная дружба",Арабское,любящая; верная; добрая; нежная; верующая,"От арабского وداد (widād) — «любовь, искренняя привязанность». В Коране в суре «Марьям» (19:96) говорится: «Тех, кто уверовал и творил добро, Милостивый наделит любовью (wudd)». Имя Видад несёт в себе образ чистой, бескорыстной любви — той, что исходит от Аллаха и к Нему возвращается."
tj_m_viyoso_320,320,male,Мужской,Писарона,В,Виёсо,Виёсо,Viyoso,ВИЁСО,ВИЁСО,VIYOSO,True,"Қарори Ҳукумати Ҷумҳурии Тоҷикистон аз 26 феврали соли 2026, №98",False,,,Тоҷикӣ / Форсӣ,,
tj_m_vizhan_321,321,male,Мужской,Писарона,В,Вижан,Вижан,Vizhan,ВИЖАН,ВИЖАН,VIZHAN,True,"Қарори Ҳукумати Ҷумҳурии Тоҷикистон аз 26 феврали соли 2026, №98",False,,,Тоҷикӣ / Форсӣ,,
tj_m_viqor_322,322,male,Мужской,Писарона,В,Виқор,Викор,Viqor,ВИҚОР,ВИКОР,VIQOR,True,"Қарори Ҳукумати Ҷумҳурии Тоҷикистон аз 26 феврали соли 2026, №98",False,,,Тоҷикӣ / Форсӣ,,
tj_m_vima_323,323,male,Мужской,Писарона,В,Вима,Вима,Vima,ВИМА,ВИМА,VIMA,True,"Қарори Ҳукумати Ҷумҳурии Тоҷикистон аз 26 феврали соли 2026, №98",False,,,Тоҷикӣ / Форсӣ,,
tj_m_vir_324,324,male,Мужской,Писарона,В,Вир,Вир,Vir,ВИР,ВИР,VIR,True,"Қарори Ҳукумати Ҷумҳурии Тоҷикистон аз 26 феврали соли 2026, №98",False,,,Тоҷикӣ / Форсӣ,,
tj_m_virkan_325,325,male,Мужской,Писарона,В,Виркан,Виркан,Virkan,ВИРКАН,ВИРКАН,VIRKAN,True,"Қарори Ҳукумати Ҷумҳурии Тоҷикистон аз 26 феврали соли 2026, №98",False,,,Тоҷикӣ / Форсӣ,,
tj_m_viro_326,326,male,Мужской,Писарона,В,Виро,Виро,Viro,ВИРО,ВИРО,VIRO,True,"Қарори Ҳукумати Ҷумҳурии Тоҷикистон аз 26 феврали соли 2026, №98",False,,,Тоҷикӣ / Форсӣ,,
tj_m_viroz_327,327,male,Мужской,Писарона,В,Вироз,Вироз,Viroz,ВИРОЗ,ВИРОЗ,VIROZ,True,"Қарори Ҳукумати Ҷумҳурии Тоҷикистон аз 26 феврали соли 2026, №98",False,,,Тоҷикӣ / Форсӣ,,
tj_m_virof_328,328,male,Мужской,Писарона,В,Вироф,Вироф,Virof,ВИРОФ,ВИРОФ,VIROF,True,"Қарори Ҳукумати Ҷумҳурии Тоҷикистон аз 26 феврали соли 2026, №98",False,,,Тоҷикӣ / Форсӣ,,
tj_m_viruy_329,329,male,Мужской,Писарона,В,Вирӯй,Вируй,Viruy,ВИРӮЙ,ВИРУЙ,VIRUY,True,"Қарори Ҳукумати Ҷумҳурии Тоҷикистон аз 26 феврали соли 2026, №98",False,,,Тоҷикӣ / Форсӣ,,
tj_m_vis_330,330,male,Мужской,Писарона,В,Вис,Вис,Vis,ВИС,ВИС,VIS,True,"Қарори Ҳукумати Ҷумҳурии Тоҷикистон аз 26 феврали соли 2026, №98",False,,,Тоҷикӣ / Форсӣ,,
tj_m_visa_331,331,male,Мужской,Писарона,В,Виса,Виса,Visa,ВИСА,ВИСА,VISA,True,"Қарори Ҳукумати Ҷумҳурии Тоҷикистон аз 26 феврали соли 2026, №98",False,,,Тоҷикӣ / Форсӣ,,
tj_m_vispan_332,332,male,Мужской,Писарона,В,Виспан,Виспан,Vispan,ВИСПАН,ВИСПАН,VISPAN,True,"Қарори Ҳукумати Ҷумҳурии Тоҷикистон аз 26 феврали соли 2026, №98",False,,,Тоҷикӣ / Форсӣ,,
tj_m_vishtsp_333,333,male,Мужской,Писарона,В,Виштасп,Виштасп,Vishtаsp,ВИШТАСП,ВИШТАСП,VISHTАSP,True,"Қарори Ҳукумати Ҷумҳурии Тоҷикистон аз 26 феврали соли 2026, №98",False,,,Тоҷикӣ / Форсӣ,,
tj_m_vishtosp_334,334,male,Мужской,Писарона,В,Виштосп,Виштосп,Vishtosp,ВИШТОСП,ВИШТОСП,VISHTOSP,True,"Қарори Ҳукумати Ҷумҳурии Тоҷикистон аз 26 феврали соли 2026, №98",False,,,Тоҷикӣ / Форсӣ,,
tj_m_vozeh_335,335,male,Мужской,Писарона,В,Возеҳ,Возех,Vozeh,ВОЗЕҲ,ВОЗЕХ,VOZEH,True,"Қарори Ҳукумати Ҷумҳурии Тоҷикистон аз 26 феврали соли 2026, №98",False,,,Тоҷикӣ / Форсӣ,,
tj_m_voqif_336,336,male,Мужской,Писарона,В,Воқиф,Вокиф,Voqif,ВОҚИФ,ВОКИФ,VOQIF,True,"Қарори Ҳукумати Ҷумҳурии Тоҷикистон аз 26 феврали соли 2026, №98",False,,,Тоҷикӣ / Форсӣ,,
tj_m_volo_337,337,male,Мужской,Писарона,В,Воло,Воло,Volo,ВОЛО,ВОЛО,VOLO,True,"Қарори Ҳукумати Ҷумҳурии Тоҷикистон аз 26 феврали соли 2026, №98",False,,,Тоҷикӣ / Форсӣ,,
tj_m_vologuhar_338,338,male,Мужской,Писарона,В,Вологуҳар,Вологухар,Vologuhar,ВОЛОГУҲАР,ВОЛОГУХАР,VOLOGUHAR,True,"Қарори Ҳукумати Ҷумҳурии Тоҷикистон аз 26 феврали соли 2026, №98",False,,,Тоҷикӣ / Форсӣ,,
tj_m_volonazr_339,339,male,Мужской,Писарона,В,Волоназар,Волоназар,Volonazаr,ВОЛОНАЗАР,ВОЛОНАЗАР,VOLONAZАR,True,"Қарори Ҳукумати Ҷумҳурии Тоҷикистон аз 26 феврали соли 2026, №98",False,,,Тоҷикӣ / Форсӣ,,
tj_m_volokhirad_340,340,male,Мужской,Писарона,В,Волохирад,Волохирад,Volokhirad,ВОЛОХИРАД,ВОЛОХИРАД,VOLOKHIRAD,True,"Қарори Ҳукумати Ҷумҳурии Тоҷикистон аз 26 феврали соли 2026, №98",False,,,Тоҷикӣ / Форсӣ,,
tj_m_vomiq_341,341,male,Мужской,Писарона,В,Вомиқ,Вомик,Vomiq,ВОМИҚ,ВОМИК,VOMIQ,True,"Қарори Ҳукумати Ҷумҳурии Тоҷикистон аз 26 феврали соли 2026, №98",False,,,Тоҷикӣ / Форсӣ,,
tj_m_voris_342,342,male,Мужской,Писарона,В,Ворис,Ворис,Voris,ВОРИС,ВОРИС,VORIS,True,"Қарори Ҳукумати Ҷумҳурии Тоҷикистон аз 26 феврали соли 2026, №98",False,,,Тоҷикӣ / Форсӣ,,
tj_m_vose_343,343,male,Мужской,Писарона,В,Восеъ,Восеъ,Vose’,ВОСЕЪ,ВОСЕЪ,VOSE’,True,"Қарори Ҳукумати Ҷумҳурии Тоҷикистон аз 26 феврали соли 2026, №98",False,,,Тоҷикӣ / Форсӣ,,
tj_m_vosit_344,344,male,Мужской,Писарона,В,Восит,Восит,Vosit,ВОСИТ,ВОСИТ,VOSIT,True,"Қарори Ҳукумати Ҷумҳурии Тоҷикистон аз 26 феврали соли 2026, №98",False,,,Тоҷикӣ / Форсӣ,,
tj_m_vosif_345,345,male,Мужской,Писарона,В,Восиф,Восиф,Vosif,ВОСИФ,ВОСИФ,VOSIF,True,"Қарори Ҳукумати Ҷумҳурии Тоҷикистон аз 26 феврали соли 2026, №98",False,,,Тоҷикӣ / Форсӣ,,
tj_m_vohid_346,346,male,Мужской,Писарона,В,Воҳид,Вохид,Vohid,ВОҲИД,ВОХИД,VOHID,True,"Қарори Ҳукумати Ҷумҳурии Тоҷикистон аз 26 феврали соли 2026, №98",False,,,Тоҷикӣ / Форсӣ,,
tj_m_ganjbakhsh_347,347,male,Мужской,Писарона,Г,Ганҷбахш,Ганджбахш,Ganjbakhsh,ГАНҶБАХШ,ГАНДЖБАХШ,GANJBAKHSH,True,"Қарори Ҳукумати Ҷумҳурии Тоҷикистон аз 26 феврали соли 2026, №98",False,,,Тоҷикӣ / Форсӣ,,
tj_m_ganjovar_348,348,male,Мужской,Писарона,Г,Ганҷовар,Ганджовар,Ganjovar,ГАНҶОВАР,ГАНДЖОВАР,GANJOVAR,True,"Қарори Ҳукумати Ҷумҳурии Тоҷикистон аз 26 феврали соли 2026, №98",False,,,Тоҷикӣ / Форсӣ,,
tj_m_garsevaz_349,349,male,Мужской,Писарона,Г,Гарсеваз,Гарсеваз,Garsevaz,ГАРСЕВАЗ,ГАРСЕВАЗ,GARSEVAZ,True,"Қарори Ҳукумати Ҷумҳурии Тоҷикистон аз 26 феврали соли 2026, №98",False,,,Тоҷикӣ / Форсӣ,,
tj_m_garshosp_350,350,male,Мужской,Писарона,Г,Гаршосп,Гаршосп,Garshosp,ГАРШОСП,ГАРШОСП,GARSHOSP,True,"Қарори Ҳукумати Ҷумҳурии Тоҷикистон аз 26 феврали соли 2026, №98",False,,,Тоҷикӣ / Форсӣ,,
tj_m_gahor_351,351,male,Мужской,Писарона,Г,Гаҳор,Гахор,Gahor,ГАҲОР,ГАХОР,GAHOR,True,"Қарори Ҳукумати Ҷумҳурии Тоҷикистон аз 26 феврали соли 2026, №98",False,,,Тоҷикӣ / Форсӣ,,
tj_m_gev_352,352,male,Мужской,Писарона,Г,Гев,Гев,Gev,ГЕВ,ГЕВ,GEV,True,"Қарори Ҳукумати Ҷумҳурии Тоҷикистон аз 26 феврали соли 2026, №98",False,,,Тоҷикӣ / Форсӣ,,
tj_m_giromi_353,353,male,Мужской,Писарона,Г,Гиромӣ,Гироми,Giromi,ГИРОМӢ,ГИРОМИ,GIROMI,True,"Қарори Ҳукумати Ҷумҳурии Тоҷикистон аз 26 феврали соли 2026, №98",False,,,Тоҷикӣ / Форсӣ,,
tj_m_gudarz_354,354,male,Мужской,Писарона,Г,Гударз,Гударз,Gudarz,ГУДАРЗ,ГУДАРЗ,GUDARZ,True,"Қарори Ҳукумати Ҷумҳурии Тоҷикистон аз 26 феврали соли 2026, №98",False,,,Тоҷикӣ / Форсӣ,,
tj_m_gulbod_355,355,male,Мужской,Писарона,Г,Гулбод,Гулбод,Gulbod,ГУЛБОД,ГУЛБОД,GULBOD,True,"Қарори Ҳукумати Ҷумҳурии Тоҷикистон аз 26 феврали соли 2026, №98",False,,,Тоҷикӣ / Форсӣ,,
tj_m_gulmurd_356,356,male,Мужской,Писарона,Г,Гулмурод,Гулмурод,Gulmurоd,ГУЛМУРОД,ГУЛМУРОД,GULMURОD,True,"Қарори Ҳукумати Ҷумҳурии Тоҷикистон аз 26 феврали соли 2026, №98",False,,,Тоҷикӣ / Форсӣ,,
tj_m_gulmuhammad_357,357,male,Мужской,Писарона,Г,Гулмуҳаммад,Гулмухаммад,Gulmuhammad,ГУЛМУҲАММАД,ГУЛМУХАММАД,GULMUHAMMAD,True,"Қарори Ҳукумати Ҷумҳурии Тоҷикистон аз 26 феврали соли 2026, №98",False,,,Тоҷикӣ / Форсӣ,,
tj_m_gulnazar_358,358,male,Мужской,Писарона,Г,Гулназар,Гулназар,Gulnazar,ГУЛНАЗАР,ГУЛНАЗАР,GULNAZAR,True,"Қарори Ҳукумати Ҷумҳурии Тоҷикистон аз 26 феврали соли 2026, №98",False,,,Тоҷикӣ / Форсӣ,,
tj_m_gurd_359,359,male,Мужской,Писарона,Г,Гурд,Гурд,Gurd,ГУРД,ГУРД,GURD,True,"Қарори Ҳукумати Ҷумҳурии Тоҷикистон аз 26 феврали соли 2026, №98",False,,,Тоҷикӣ / Форсӣ,,
tj_m_gurdafgan_360,360,male,Мужской,Писарона,Г,Гурдафган,Гурдафган,Gurdafgan,ГУРДАФГАН,ГУРДАФГАН,GURDAFGAN,True,"Қарори Ҳукумати Ҷумҳурии Тоҷикистон аз 26 феврали соли 2026, №98",False,,,Тоҷикӣ / Форсӣ,,
tj_m_gurdafkan_361,361,male,Мужской,Писарона,Г,Гурдафкан,Гурдафкан,Gurdafkan,ГУРДАФКАН,ГУРДАФКАН,GURDAFKAN,True,"Қарори Ҳукумати Ҷумҳурии Тоҷикистон аз 26 феврали соли 2026, №98",False,,,Тоҷикӣ / Форсӣ,,
tj_m_gurdgir_362,362,male,Мужской,Писарона,Г,Гурдгир,Гурдгир,Gurdgir,ГУРДГИР,ГУРДГИР,GURDGIR,True,"Қарори Ҳукумати Ҷумҳурии Тоҷикистон аз 26 феврали соли 2026, №98",False,,,Тоҷикӣ / Форсӣ,,
tj_m_gurdzod_363,363,male,Мужской,Писарона,Г,Гурдзод,Гурдзод,Gurdzod,ГУРДЗОД,ГУРДЗОД,GURDZOD,True,"Қарори Ҳукумати Ҷумҳурии Тоҷикистон аз 26 феврали соли 2026, №98",False,,,Тоҷикӣ / Форсӣ,,
tj_m_gurzman_364,364,male,Мужской,Писарона,Г,Гурзман,Гурзман,Gurzman,ГУРЗМАН,ГУРЗМАН,GURZMAN,True,"Қарори Ҳукумати Ҷумҳурии Тоҷикистон аз 26 феврали соли 2026, №98",False,,,Тоҷикӣ / Форсӣ,,
tj_m_gustahm_365,365,male,Мужской,Писарона,Г,Густаҳм,Густахм,Gustahm,ГУСТАҲМ,ГУСТАХМ,GUSTAHM,True,"Қарори Ҳукумати Ҷумҳурии Тоҷикистон аз 26 феврали соли 2026, №98",False,,,Тоҷикӣ / Форсӣ,,
tj_m_gushtasp_366,366,male,Мужской,Писарона,Г,Гуштасп,Гуштасп,Gushtasp,ГУШТАСП,ГУШТАСП,GUSHTASP,True,"Қарори Ҳукумати Ҷумҳурии Тоҷикистон аз 26 феврали соли 2026, №98",False,,,Тоҷикӣ / Форсӣ,,
tj_m_gushtosp_367,367,male,Мужской,Писарона,Г,Гуштосп,Гуштосп,Gushtosp,ГУШТОСП,ГУШТОСП,GUSHTOSP,True,"Қарори Ҳукумати Ҷумҳурии Тоҷикистон аз 26 феврали соли 2026, №98",False,,,Тоҷикӣ / Форсӣ,,
tj_m_ghayrat_368,368,male,Мужской,Писарона,Ғ,Ғайрат,Гайрат,Ghayrat,ҒАЙРАТ,ГАЙРАТ,GHAYRAT,True,"Қарори Ҳукумати Ҷумҳурии Тоҷикистон аз 26 феврали соли 2026, №98",False,,,Тоҷикӣ / Форсӣ,,
tj_m_ghani_369,369,male,Мужской,Писарона,Ғ,Ғанӣ,Гани,Ghani,ҒАНӢ,ГАНИ,GHANI,True,"Қарори Ҳукумати Ҷумҳурии Тоҷикистон аз 26 феврали соли 2026, №98",False,,,Тоҷикӣ / Форсӣ,,
tj_m_ghafur_370,370,male,Мужской,Писарона,Ғ,Ғафур,Гафур,Ghafur,ҒАФУР,ГАФУР,GHAFUR,True,"Қарори Ҳукумати Ҷумҳурии Тоҷикистон аз 26 феврали соли 2026, №98",False,,,Тоҷикӣ / Форсӣ,,
tj_m_ghaffor_371,371,male,Мужской,Писарона,Ғ,Ғаффор,Гаффор,Ghaffor,ҒАФФОР,ГАФФОР,GHAFFOR,True,"Қарори Ҳукумати Ҷумҳурии Тоҷикистон аз 26 феврали соли 2026, №98",False,,,Тоҷикӣ / Форсӣ,,
tj_m_ghayur_372,372,male,Мужской,Писарона,Ғ,Ғаюр,Гаюр,Ghayur,ҒАЮР,ГАЮР,GHAYUR,True,"Қарори Ҳукумати Ҷумҳурии Тоҷикистон аз 26 феврали соли 2026, №98",False,,,Тоҷикӣ / Форсӣ,,
tj_m_ghiyos_373,373,male,Мужской,Писарона,Ғ,Ғиёс,Гиёс,Ghiyos,ҒИЁС,ГИЁС,GHIYOS,True,"Қарори Ҳукумати Ҷумҳурии Тоҷикистон аз 26 феврали соли 2026, №98",False,,,Тоҷикӣ / Форсӣ,,
tj_m_ghoib_374,374,male,Мужской,Писарона,Ғ,Ғоиб,Гоиб,Ghoib,ҒОИБ,ГОИБ,GHOIB,True,"Қарори Ҳукумати Ҷумҳурии Тоҷикистон аз 26 феврали соли 2026, №98",False,,,Тоҷикӣ / Форсӣ,,
tj_m_gholib_375,375,male,Мужской,Писарона,Ғ,Ғолиб,Голиб,Gholib,ҒОЛИБ,ГОЛИБ,GHOLIB,True,"Қарори Ҳукумати Ҷумҳурии Тоҷикистон аз 26 феврали соли 2026, №98",True,ghalib,"Победитель, одолевший, преобладающий",Арабское,победоносный; непоколебимый; стойкий; смелый; решительный,"От арабского غَلَبَ (галаба) — «побеждать, одолевать». غَالِب (галиб) — «победитель». В Коране: «...Аллах непременно победит. Воистину, Аллах — Всесильный, Великий» (سورة المجادلة، 58:21). Мирза Асадулла Хан Галиб (1797–1869) — величайший поэт Индийского субконтинента, писавший на урду и фарси; его газели считаются вершиной урду-поэзии. Имя особо популярно в Пакистане, Индии, Афганистане."
tj_m_ghurak_376,376,male,Мужской,Писарона,Ғ,Ғурак,Гурак,Ghurak,ҒУРАК,ГУРАК,GHURAK,True,"Қарори Ҳукумати Ҷумҳурии Тоҷикистон аз 26 феврали соли 2026, №98",False,,,Тоҷикӣ / Форсӣ,,
tj_m_ghufron_377,377,male,Мужской,Писарона,Ғ,Ғуфрон,Гуфрон,Ghufron,ҒУФРОН,ГУФРОН,GHUFRON,True,"Қарори Ҳукумати Ҷумҳурии Тоҷикистон аз 26 феврали соли 2026, №98",True,ghufran,Прощение (Аллаха),Арабское,прощающий; смиренный; богобоязненный; добрый; великодушный,"Арабское غُفْرَان (гуфран) — «прощение». В Коране (2:286): «Прости нас, Господи! Ты — Прощающий нас» (اغْفِرْ لَنَا، أَنتَ مَوْلَانَا فَانصُرْنَا). Одна из дуа после выхода из туалета: «Гуфранак» (Прости меня, Господи!) — хадис в Сунан Абу Давуда. Коран описывает Аллаха как «Гаффар» и «Гафур» — многократно прощающего. Имя несёт смысл покорности и надежды на Божье прощение."
tj_m_dabir_378,378,male,Мужской,Писарона,Д,Дабир,Дабир,Dabir,ДАБИР,ДАБИР,DABIR,True,"Қарори Ҳукумати Ҷумҳурии Тоҷикистон аз 26 феврали соли 2026, №98",False,,,Тоҷикӣ / Форсӣ,,
tj_m_davlat_379,379,male,Мужской,Писарона,Д,Давлат,Давлат,Davlat,ДАВЛАТ,ДАВЛАТ,DAVLAT,True,"Қарори Ҳукумати Ҷумҳурии Тоҷикистон аз 26 феврали соли 2026, №98",False,,,Тоҷикӣ / Форсӣ,,
tj_m_davlatali_380,380,male,Мужской,Писарона,Д,Давлаталӣ,Давлатали,Davlatali,ДАВЛАТАЛӢ,ДАВЛАТАЛИ,DAVLATALI,True,"Қарори Ҳукумати Ҷумҳурии Тоҷикистон аз 26 феврали соли 2026, №98",False,,,Тоҷикӣ / Форсӣ,,
tj_m_davlatyor_381,381,male,Мужской,Писарона,Д,Давлатёр,Давлатёр,Davlatyor,ДАВЛАТЁР,ДАВЛАТЁР,DAVLATYOR,True,"Қарори Ҳукумати Ҷумҳурии Тоҷикистон аз 26 феврали соли 2026, №98",False,,,Тоҷикӣ / Форсӣ,,
tj_m_davlatqadam_382,382,male,Мужской,Писарона,Д,Давлатқадам,Давлаткадам,Davlatqadam,ДАВЛАТҚАДАМ,ДАВЛАТКАДАМ,DAVLATQADAM,True,"Қарори Ҳукумати Ҷумҳурии Тоҷикистон аз 26 феврали соли 2026, №98",False,,,Тоҷикӣ / Форсӣ,,
tj_m_davlatmand_383,383,male,Мужской,Писарона,Д,Давлатманд,Давлатманд,Davlatmand,ДАВЛАТМАНД,ДАВЛАТМАНД,DAVLATMAND,True,"Қарори Ҳукумати Ҷумҳурии Тоҷикистон аз 26 феврали соли 2026, №98",False,,,Тоҷикӣ / Форсӣ,,
tj_m_davlatmurod_384,384,male,Мужской,Писарона,Д,Давлатмурод,Давлатмурод,Davlatmurod,ДАВЛАТМУРОД,ДАВЛАТМУРОД,DAVLATMUROD,True,"Қарори Ҳукумати Ҷумҳурии Тоҷикистон аз 26 феврали соли 2026, №98",False,,,Тоҷикӣ / Форсӣ,,
tj_m_davlatnazar_385,385,male,Мужской,Писарона,Д,Давлатназар,Давлатназар,Davlatnazar,ДАВЛАТНАЗАР,ДАВЛАТНАЗАР,DAVLATNAZAR,True,"Қарори Ҳукумати Ҷумҳурии Тоҷикистон аз 26 феврали соли 2026, №98",False,,,Тоҷикӣ / Форсӣ,,
tj_m_sh_386,386,male,Мужской,Писарона,Д,Давлатшо,Давлатшо,Давлатshо,ДАВЛАТШО,ДАВЛАТШО,ДАВЛАТSHО,True,"Қарори Ҳукумати Ҷумҳурии Тоҷикистон аз 26 феврали соли 2026, №98",False,,,Тоҷикӣ / Форсӣ,,
tj_m_davron_387,387,male,Мужской,Писарона,Д,Даврон,Даврон,Davron,ДАВРОН,ДАВРОН,DAVRON,True,"Қарори Ҳукумати Ҷумҳурии Тоҷикистон аз 26 феврали соли 2026, №98",False,,,Тоҷикӣ / Форсӣ,,
tj_m_dayon_388,388,male,Мужской,Писарона,Д,Даён,Даён,Dayon,ДАЁН,ДАЁН,DAYON,True,"Қарори Ҳукумати Ҷумҳурии Тоҷикистон аз 26 феврали соли 2026, №98",False,,,Тоҷикӣ / Форсӣ,,
tj_m_daler_389,389,male,Мужской,Писарона,Д,Далер,Далер,Daler,ДАЛЕР,ДАЛЕР,DALER,True,"Қарори Ҳукумати Ҷумҳурии Тоҷикистон аз 26 феврали соли 2026, №98",False,,,Тоҷикӣ / Форсӣ,,
tj_m_damehr_390,390,male,Мужской,Писарона,Д,Дамеҳр,Дамехр,Damehr,ДАМЕҲР,ДАМЕХР,DAMEHR,True,"Қарори Ҳукумати Ҷумҳурии Тоҷикистон аз 26 феврали соли 2026, №98",False,,,Тоҷикӣ / Форсӣ,,
tj_m_damon_391,391,male,Мужской,Писарона,Д,Дамон,Дамон,Damon,ДАМОН,ДАМОН,DAMON,True,"Қарори Ҳукумати Ҷумҳурии Тоҷикистон аз 26 феврали соли 2026, №98",False,,,Тоҷикӣ / Форсӣ,,
tj_m_daryovash_392,392,male,Мужской,Писарона,Д,Дарёваш,Дарёваш,Daryovash,ДАРЁВАШ,ДАРЁВАШ,DARYOVASH,True,"Қарори Ҳукумати Ҷумҳурии Тоҷикистон аз 26 феврали соли 2026, №98",False,,,Тоҷикӣ / Форсӣ,,
tj_m_darmon_393,393,male,Мужской,Писарона,Д,Дармон,Дармон,Darmon,ДАРМОН,ДАРМОН,DARMON,True,"Қарори Ҳукумати Ҷумҳурии Тоҷикистон аз 26 феврали соли 2026, №98",False,,,Тоҷикӣ / Форсӣ,,
tj_m_dastyor_394,394,male,Мужской,Писарона,Д,Дастёр,Дастёр,Dastyor,ДАСТЁР,ДАСТЁР,DASTYOR,True,"Қарори Ҳукумати Ҷумҳурии Тоҷикистон аз 26 феврали соли 2026, №98",False,,,Тоҷикӣ / Форсӣ,,
tj_m_daston_395,395,male,Мужской,Писарона,Д,Дастон,Дастон,Daston,ДАСТОН,ДАСТОН,DASTON,True,"Қарори Ҳукумати Ҷумҳурии Тоҷикистон аз 26 феврали соли 2026, №98",False,,,Тоҷикӣ / Форсӣ,,
tj_m_devashtich_396,396,male,Мужской,Писарона,Д,Деваштич,Деваштич,Devashtich,ДЕВАШТИЧ,ДЕВАШТИЧ,DEVASHTICH,True,"Қарори Ҳукумати Ҷумҳурии Тоҷикистон аз 26 феврали соли 2026, №98",False,,,Тоҷикӣ / Форсӣ,,
tj_m_dehkiyo_397,397,male,Мужской,Писарона,Д,Деҳкиё,Дехкиё,Dehkiyo,ДЕҲКИЁ,ДЕХКИЁ,DEHKIYO,True,"Қарори Ҳукумати Ҷумҳурии Тоҷикистон аз 26 феврали соли 2026, №98",False,,,Тоҷикӣ / Форсӣ,,
tj_m_dildor_398,398,male,Мужской,Писарона,Д,Дилдор,Дилдор,Dildor,ДИЛДОР,ДИЛДОР,DILDOR,True,"Қарори Ҳукумати Ҷумҳурии Тоҷикистон аз 26 феврали соли 2026, №98",False,,,Тоҷикӣ / Форсӣ,,
tj_m_dilyor_399,399,male,Мужской,Писарона,Д,Дилёр,Дилёр,Dilyor,ДИЛЁР,ДИЛЁР,DILYOR,True,"Қарори Ҳукумати Ҷумҳурии Тоҷикистон аз 26 феврали соли 2026, №98",False,,,Тоҷикӣ / Форсӣ,,
tj_m_dilmurod_400,400,male,Мужской,Писарона,Д,Дилмурод,Дилмурод,Dilmurod,ДИЛМУРОД,ДИЛМУРОД,DILMUROD,True,"Қарори Ҳукумати Ҷумҳурии Тоҷикистон аз 26 феврали соли 2026, №98",False,,,Тоҷикӣ / Форсӣ,,
tj_m_dilovar_401,401,male,Мужской,Писарона,Д,Диловар,Диловар,Dilovar,ДИЛОВАР,ДИЛОВАР,DILOVAR,True,"Қарори Ҳукумати Ҷумҳурии Тоҷикистон аз 26 феврали соли 2026, №98",False,,,Тоҷикӣ / Форсӣ,,
tj_m_diloshno_402,402,male,Мужской,Писарона,Д,Дилошно,Дилошно,Diloshno,ДИЛОШНО,ДИЛОШНО,DILOSHNO,True,"Қарори Ҳукумати Ҷумҳурии Тоҷикистон аз 26 феврали соли 2026, №98",False,,,Тоҷикӣ / Форсӣ,,
tj_m_dilshod_403,403,male,Мужской,Писарона,Д,Дилшод,Дилшод,Dilshod,ДИЛШОД,ДИЛШОД,DILSHOD,True,"Қарори Ҳукумати Ҷумҳурии Тоҷикистон аз 26 феврали соли 2026, №98",False,,,Тоҷикӣ / Форсӣ,,
tj_m_dinorshoh_404,404,male,Мужской,Писарона,Д,Диноршоҳ,Диноршох,Dinorshoh,ДИНОРШОҲ,ДИНОРШОХ,DINORSHOH,True,"Қарори Ҳукумати Ҷумҳурии Тоҷикистон аз 26 феврали соли 2026, №98",False,,,Тоҷикӣ / Форсӣ,,
tj_m_dirakhsho_405,405,male,Мужской,Писарона,Д,Дирахшо,Дирахшо,Dirakhsho,ДИРАХШО,ДИРАХШО,DIRAKHSHO,True,"Қарори Ҳукумати Ҷумҳурии Тоҷикистон аз 26 феврали соли 2026, №98",False,,,Тоҷикӣ / Форсӣ,,
tj_m_dobuya_406,406,male,Мужской,Писарона,Д,Добуя,Добуя,Dobuya,ДОБУЯ,ДОБУЯ,DOBUYA,True,"Қарори Ҳукумати Ҷумҳурии Тоҷикистон аз 26 феврали соли 2026, №98",False,,,Тоҷикӣ / Форсӣ,,
tj_m_dovar_407,407,male,Мужской,Писарона,Д,Довар,Довар,Dovar,ДОВАР,ДОВАР,DOVAR,True,"Қарори Ҳукумати Ҷумҳурии Тоҷикистон аз 26 феврали соли 2026, №98",False,,,Тоҷикӣ / Форсӣ,,
tj_m_dovud_408,408,male,Мужской,Писарона,Д,Довуд,Довуд,Dovud,ДОВУД,ДОВУД,DOVUD,True,"Қарори Ҳукумати Ҷумҳурии Тоҷикистон аз 26 феврали соли 2026, №98",True,dawud,"Любимый, возлюбленный",Арабское,сильный; справедливый; мудрый; талантливый,"Пророк и царь, которому была ниспослана Забур (Псалтирь). Славился красивым голосом и справедливостью."
tj_m_dodbarzin_409,409,male,Мужской,Писарона,Д,Додбарзин,Додбарзин,Dodbarzin,ДОДБАРЗИН,ДОДБАРЗИН,DODBARZIN,True,"Қарори Ҳукумати Ҷумҳурии Тоҷикистон аз 26 феврали соли 2026, №98",False,,,Тоҷикӣ / Форсӣ,,
tj_m_dodbakhsh_410,410,male,Мужской,Писарона,Д,Додбахш,Додбахш,Dodbakhsh,ДОДБАХШ,ДОДБАХШ,DODBAKHSH,True,"Қарори Ҳукумати Ҷумҳурии Тоҷикистон аз 26 феврали соли 2026, №98",False,,,Тоҷикӣ / Форсӣ,,
tj_m_dodbeh_411,411,male,Мужской,Писарона,Д,Додбеҳ,Додбех,Dodbeh,ДОДБЕҲ,ДОДБЕХ,DODBEH,True,"Қарори Ҳукумати Ҷумҳурии Тоҷикистон аз 26 феврали соли 2026, №98",False,,,Тоҷикӣ / Форсӣ,,
tj_m_dodvar_412,412,male,Мужской,Писарона,Д,Додвар,Додвар,Dodvar,ДОДВАР,ДОДВАР,DODVAR,True,"Қарори Ҳукумати Ҷумҳурии Тоҷикистон аз 26 феврали соли 2026, №98",False,,,Тоҷикӣ / Форсӣ,,
tj_m_dodvarz_413,413,male,Мужской,Писарона,Д,Додварз,Додварз,Dodvarz,ДОДВАРЗ,ДОДВАРЗ,DODVARZ,True,"Қарори Ҳукумати Ҷумҳурии Тоҷикистон аз 26 феврали соли 2026, №98",False,,,Тоҷикӣ / Форсӣ,,
tj_m_dodgar_414,414,male,Мужской,Писарона,Д,Додгар,Додгар,Dodgar,ДОДГАР,ДОДГАР,DODGAR,True,"Қарори Ҳукумати Ҷумҳурии Тоҷикистон аз 26 феврали соли 2026, №98",False,,,Тоҷикӣ / Форсӣ,,
tj_m_dodyor_415,415,male,Мужской,Писарона,Д,Додёр,Додёр,Dodyor,ДОДЁР,ДОДЁР,DODYOR,True,"Қарори Ҳукумати Ҷумҳурии Тоҷикистон аз 26 феврали соли 2026, №98",False,,,Тоҷикӣ / Форсӣ,,
tj_m_dodikhudo_416,416,male,Мужской,Писарона,Д,Додихудо,Додихудо,Dodikhudo,ДОДИХУДО,ДОДИХУДО,DODIKHUDO,True,"Қарори Ҳукумати Ҷумҳурии Тоҷикистон аз 26 феврали соли 2026, №98",False,,,Тоҷикӣ / Форсӣ,,
tj_m_dodmehr_417,417,male,Мужской,Писарона,Д,Додмеҳр,Додмехр,Dodmehr,ДОДМЕҲР,ДОДМЕХР,DODMEHR,True,"Қарори Ҳукумати Ҷумҳурии Тоҷикистон аз 26 феврали соли 2026, №98",False,,,Тоҷикӣ / Форсӣ,,
tj_m_dodras_418,418,male,Мужской,Писарона,Д,Додрас,Додрас,Dodras,ДОДРАС,ДОДРАС,DODRAS,True,"Қарори Ҳукумати Ҷумҳурии Тоҷикистон аз 26 феврали соли 2026, №98",False,,,Тоҷикӣ / Форсӣ,,
tj_m_dodfar_419,419,male,Мужской,Писарона,Д,Додфар,Додфар,Dodfar,ДОДФАР,ДОДФАР,DODFAR,True,"Қарори Ҳукумати Ҷумҳурии Тоҷикистон аз 26 феврали соли 2026, №98",False,,,Тоҷикӣ / Форсӣ,,
tj_m_donish_420,420,male,Мужской,Писарона,Д,Дониш,Дониш,Donish,ДОНИШ,ДОНИШ,DONISH,True,"Қарори Ҳукумати Ҷумҳурии Тоҷикистон аз 26 феврали соли 2026, №98",False,,,Тоҷикӣ / Форсӣ,,
tj_m_donishvar_421,421,male,Мужской,Писарона,Д,Донишвар,Донишвар,Donishvar,ДОНИШВАР,ДОНИШВАР,DONISHVAR,True,"Қарори Ҳукумати Ҷумҳурии Тоҷикистон аз 26 феврали соли 2026, №98",False,,,Тоҷикӣ / Форсӣ,,
tj_m_donishyor_422,422,male,Мужской,Писарона,Д,Донишёр,Донишёр,Donishyor,ДОНИШЁР,ДОНИШЁР,DONISHYOR,True,"Қарори Ҳукумати Ҷумҳурии Тоҷикистон аз 26 феврали соли 2026, №98",False,,,Тоҷикӣ / Форсӣ,,
tj_m_donishmehr_423,423,male,Мужской,Писарона,Д,Донишмеҳр,Донишмехр,Donishmehr,ДОНИШМЕҲР,ДОНИШМЕХР,DONISHMEHR,True,"Қарори Ҳукумати Ҷумҳурии Тоҷикистон аз 26 феврали соли 2026, №98",False,,,Тоҷикӣ / Форсӣ,,
tj_m_dono_424,424,male,Мужской,Писарона,Д,Доно,Доно,Dono,ДОНО,ДОНО,DONO,True,"Қарори Ҳукумати Ҷумҳурии Тоҷикистон аз 26 феврали соли 2026, №98",False,,,Тоҷикӣ / Форсӣ,,
tj_m_doriyu_425,425,male,Мужской,Писарона,Д,Дорию,Дорию,Doriyu,ДОРИЮ,ДОРИЮ,DORIYU,True,"Қарори Ҳукумати Ҷумҳурии Тоҷикистон аз 26 феврали соли 2026, №98",False,,,Тоҷикӣ / Форсӣ,,
tj_m_doriyush_426,426,male,Мужской,Писарона,Д,Дориюш,Дориюш,Doriyush,ДОРИЮШ,ДОРИЮШ,DORIYUSH,True,"Қарори Ҳукумати Ҷумҳурии Тоҷикистон аз 26 феврали соли 2026, №98",False,,,Тоҷикӣ / Форсӣ,,
tj_m_doro_427,427,male,Мужской,Писарона,Д,Доро,Доро,Doro,ДОРО,ДОРО,DORO,True,"Қарори Ҳукумати Ҷумҳурии Тоҷикистон аз 26 феврали соли 2026, №98",False,,,Тоҷикӣ / Форсӣ,,
tj_m_dorob_428,428,male,Мужской,Писарона,Д,Дороб,Дороб,Dorob,ДОРОБ,ДОРОБ,DOROB,True,"Қарори Ҳукумати Ҷумҳурии Тоҷикистон аз 26 феврали соли 2026, №98",False,,,Тоҷикӣ / Форсӣ,,
tj_m_doromanish_429,429,male,Мужской,Писарона,Д,Дороманиш,Дороманиш,Doromanish,ДОРОМАНИШ,ДОРОМАНИШ,DOROMANISH,True,"Қарори Ҳукумати Ҷумҳурии Тоҷикистон аз 26 феврали соли 2026, №98",False,,,Тоҷикӣ / Форсӣ,,
tj_m_durandesh_430,430,male,Мужской,Писарона,Д,Дурандеш,Дурандеш,Durandesh,ДУРАНДЕШ,ДУРАНДЕШ,DURANDESH,True,"Қарори Ҳукумати Ҷумҳурии Тоҷикистон аз 26 феврали соли 2026, №98",False,,,Тоҷикӣ / Форсӣ,,
tj_m_durakhsh_431,431,male,Мужской,Писарона,Д,Дурахш,Дурахш,Durakhsh,ДУРАХШ,ДУРАХШ,DURAKHSH,True,"Қарори Ҳукумати Ҷумҳурии Тоҷикистон аз 26 феврали соли 2026, №98",False,,,Тоҷикӣ / Форсӣ,,
tj_m_dust_432,432,male,Мужской,Писарона,Д,Дӯст,Дуст,Dust,ДӮСТ,ДУСТ,DUST,True,"Қарори Ҳукумати Ҷумҳурии Тоҷикистон аз 26 феврали соли 2026, №98",False,,,Тоҷикӣ / Форсӣ,,
tj_m_dustmurod_433,433,male,Мужской,Писарона,Д,Дӯстмурод,Дустмурод,Dustmurod,ДӮСТМУРОД,ДУСТМУРОД,DUSTMUROD,True,"Қарори Ҳукумати Ҷумҳурии Тоҷикистон аз 26 феврали соли 2026, №98",False,,,Тоҷикӣ / Форсӣ,,
tj_m_yovar_434,434,male,Мужской,Писарона,Ё,Ёвар,Ёвар,Yovar,ЁВАР,ЁВАР,YOVAR,True,"Қарори Ҳукумати Ҷумҳурии Тоҷикистон аз 26 феврали соли 2026, №98",False,,,Тоҷикӣ / Форсӣ,,
tj_m_yodgor_435,435,male,Мужской,Писарона,Ё,Ёдгор,Ёдгор,Yodgor,ЁДГОР,ЁДГОР,YODGOR,True,"Қарори Ҳукумати Ҷумҳурии Тоҷикистон аз 26 феврали соли 2026, №98",False,,,Тоҷикӣ / Форсӣ,,
tj_m_yoqub_436,436,male,Мужской,Писарона,Ё,Ёқуб,Ёкуб,Yoqub,ЁҚУБ,ЁКУБ,YOQUB,True,"Қарори Ҳукумати Ҷумҳурии Тоҷикистон аз 26 феврали соли 2026, №98",False,,,Тоҷикӣ / Форсӣ,,
tj_m_yor_437,437,male,Мужской,Писарона,Ё,Ёр,Ёр,Yor,ЁР,ЁР,YOR,True,"Қарори Ҳукумати Ҷумҳурии Тоҷикистон аз 26 феврали соли 2026, №98",False,,,Тоҷикӣ / Форсӣ,,
tj_m_yorahmad_438,438,male,Мужской,Писарона,Ё,Ёраҳмад,Ёрахмад,Yorahmad,ЁРАҲМАД,ЁРАХМАД,YORAHMAD,True,"Қарори Ҳукумати Ҷумҳурии Тоҷикистон аз 26 феврали соли 2026, №98",False,,,Тоҷикӣ / Форсӣ,,
tj_m_yorbakht_439,439,male,Мужской,Писарона,Ё,Ёрбахт,Ёрбахт,Yorbakht,ЁРБАХТ,ЁРБАХТ,YORBAKHT,True,"Қарори Ҳукумати Ҷумҳурии Тоҷикистон аз 26 феврали соли 2026, №98",False,,,Тоҷикӣ / Форсӣ,,
tj_m_yorvar_440,440,male,Мужской,Писарона,Ё,Ёрвар,Ёрвар,Yorvar,ЁРВАР,ЁРВАР,YORVAR,True,"Қарори Ҳукумати Ҷумҳурии Тоҷикистон аз 26 феврали соли 2026, №98",False,,,Тоҷикӣ / Форсӣ,,
tj_m_zhayonsher_441,441,male,Мужской,Писарона,Ж,Жаёншер,Жаёншер,Zhayonsher,ЖАЁНШЕР,ЖАЁНШЕР,ZHAYONSHER,True,"Қарори Ҳукумати Ҷумҳурии Тоҷикистон аз 26 феврали соли 2026, №98",False,,,Тоҷикӣ / Форсӣ,,
tj_m_zhandarazm_442,442,male,Мужской,Писарона,Ж,Жандаразм,Жандаразм,Zhandarazm,ЖАНДАРАЗМ,ЖАНДАРАЗМ,ZHANDARAZM,True,"Қарори Ҳукумати Ҷумҳурии Тоҷикистон аз 26 феврали соли 2026, №98",False,,,Тоҷикӣ / Форсӣ,,
tj_m_zhandasher_443,443,male,Мужской,Писарона,Ж,Жандашер,Жандашер,Zhandasher,ЖАНДАШЕР,ЖАНДАШЕР,ZHANDASHER,True,"Қарори Ҳукумати Ҷумҳурии Тоҷикистон аз 26 феврали соли 2026, №98",False,,,Тоҷикӣ / Форсӣ,,
tj_m_zharfandesh_444,444,male,Мужской,Писарона,Ж,Жарфандеш,Жарфандеш,Zharfandesh,ЖАРФАНДЕШ,ЖАРФАНДЕШ,ZHARFANDESH,True,"Қарори Ҳукумати Ҷумҳурии Тоҷикистон аз 26 феврали соли 2026, №98",False,,,Тоҷикӣ / Форсӣ,,
tj_m_zharfbin_445,445,male,Мужской,Писарона,Ж,Жарфбин,Жарфбин,Zharfbin,ЖАРФБИН,ЖАРФБИН,ZHARFBIN,True,"Қарори Ҳукумати Ҷумҳурии Тоҷикистон аз 26 феврали соли 2026, №98",False,,,Тоҷикӣ / Форсӣ,,
tj_m_zabir_446,446,male,Мужской,Писарона,З,Забир,Забир,Zabir,ЗАБИР,ЗАБИР,ZABIR,True,"Қарори Ҳукумати Ҷумҳурии Тоҷикистон аз 26 феврали соли 2026, №98",True,sabir,"Терпеливый, стойкий",Арабское,терпеливый; стойкий; выносливый; упорный; богобоязненный,"Арабское صَابِر (сабир) — «терпеливый, стойкий». В Коране «сабр» (терпение) упоминается более 90 раз. (2:153): «Аллах — с терпеливыми» (إِنَّ اللَّهَ مَعَ الصَّابِرِينَ). «Ас-Сабур» — одно из прекрасных имён Аллаха. Хадис: «Воистину, велика награда за трудности: когда Аллах любит народ, Он испытывает его». Три вида сабра: сабр в поклонении, сабр в запретах, сабр в испытаниях."
tj_m_zavqiddin_447,447,male,Мужской,Писарона,З,Завқиддин,Завкиддин,Zavqiddin,ЗАВҚИДДИН,ЗАВКИДДИН,ZAVQIDDIN,True,"Қарори Ҳукумати Ҷумҳурии Тоҷикистон аз 26 феврали соли 2026, №98",False,,,Тоҷикӣ / Форсӣ,,
tj_m_zavqi_448,448,male,Мужской,Писарона,З,Завқӣ,Завки,Zavqi,ЗАВҚӢ,ЗАВКИ,ZAVQI,True,"Қарори Ҳукумати Ҷумҳурии Тоҷикистон аз 26 феврали соли 2026, №98",False,,,Тоҷикӣ / Форсӣ,,
tj_m_zavora_449,449,male,Мужской,Писарона,З,Завора,Завора,Zavora,ЗАВОРА,ЗАВОРА,ZAVORA,True,"Қарори Ҳукумати Ҷумҳурии Тоҷикистон аз 26 феврали соли 2026, №98",False,,,Тоҷикӣ / Форсӣ,,
tj_m_zaydullo_450,450,male,Мужской,Писарона,З,Зайдулло,Зайдулло,Zaydullo,ЗАЙДУЛЛО,ЗАЙДУЛЛО,ZAYDULLO,True,"Қарори Ҳукумати Ҷумҳурии Тоҷикистон аз 26 феврали соли 2026, №98",False,,,Тоҷикӣ / Форсӣ,,
tj_m_zaynal_451,451,male,Мужской,Писарона,З,Зайнал,Зайнал,Zaynal,ЗАЙНАЛ,ЗАЙНАЛ,ZAYNAL,True,"Қарори Ҳукумати Ҷумҳурии Тоҷикистон аз 26 феврали соли 2026, №98",False,,,Тоҷикӣ / Форсӣ,,
tj_m_zayniddin_452,452,male,Мужской,Писарона,З,Зайниддин,Зайниддин,Zayniddin,ЗАЙНИДДИН,ЗАЙНИДДИН,ZAYNIDDIN,True,"Қарори Ҳукумати Ҷумҳурии Тоҷикистон аз 26 феврали соли 2026, №98",False,,,Тоҷикӣ / Форсӣ,,
tj_m_zayni_453,453,male,Мужской,Писарона,З,Зайнӣ,Зайни,Zayni,ЗАЙНӢ,ЗАЙНИ,ZAYNI,True,"Қарори Ҳукумати Ҷумҳурии Тоҷикистон аз 26 феврали соли 2026, №98",False,,,Тоҷикӣ / Форсӣ,,
tj_m_zaynullo_454,454,male,Мужской,Писарона,З,Зайнулло,Зайнулло,Zaynullo,ЗАЙНУЛЛО,ЗАЙНУЛЛО,ZAYNULLO,True,"Қарори Ҳукумати Ҷумҳурии Тоҷикистон аз 26 феврали соли 2026, №98",False,,,Тоҷикӣ / Форсӣ,,
tj_m_zakariyo_455,455,male,Мужской,Писарона,З,Закариё,Закариё,Zakariyo,ЗАКАРИЁ,ЗАКАРИЁ,ZAKARIYO,True,"Қарори Ҳукумати Ҷумҳурии Тоҷикистон аз 26 феврали соли 2026, №98",False,,,Тоҷикӣ / Форсӣ,,
tj_m_zaki_456,456,male,Мужской,Писарона,З,Закӣ,Заки,Zaki,ЗАКӢ,ЗАКИ,ZAKI,True,"Қарори Ҳукумати Ҷумҳурии Тоҷикистон аз 26 феврали соли 2026, №98",False,,,Тоҷикӣ / Форсӣ,,
tj_m_zakovat_457,457,male,Мужской,Писарона,З,Заковат,Заковат,Zakovat,ЗАКОВАТ,ЗАКОВАТ,ZAKOVAT,True,"Қарори Ҳукумати Ҷумҳурии Тоҷикистон аз 26 феврали соли 2026, №98",False,,,Тоҷикӣ / Форсӣ,,
tj_m_zakovatmand_458,458,male,Мужской,Писарона,З,Заковатманд,Заковатманд,Zakovatmand,ЗАКОВАТМАНД,ЗАКОВАТМАНД,ZAKOVATMAND,True,"Қарори Ҳукумати Ҷумҳурии Тоҷикистон аз 26 феврали соли 2026, №98",False,,,Тоҷикӣ / Форсӣ,,
tj_m_zamir_459,459,male,Мужской,Писарона,З,Замир,Замир,Zamir,ЗАМИР,ЗАМИР,ZAMIR,True,"Қарори Ҳукумати Ҷумҳурии Тоҷикистон аз 26 феврали соли 2026, №98",True,samir,"Собеседник, рассказчик вечером",Арабское,весёлый; красивый; умный; добрый,От арабского سمير — «собеседник в вечернее время». Символ гостеприимства и красноречия.
tj_m_zamon_460,460,male,Мужской,Писарона,З,Замон,Замон,Zamon,ЗАМОН,ЗАМОН,ZAMON,True,"Қарори Ҳукумати Ҷумҳурии Тоҷикистон аз 26 феврали соли 2026, №98",False,,,Тоҷикӣ / Форсӣ,,
tj_m_zandarazm_461,461,male,Мужской,Писарона,З,Зандаразм,Зандаразм,Zandarazm,ЗАНДАРАЗМ,ЗАНДАРАЗМ,ZANDARAZM,True,"Қарори Ҳукумати Ҷумҳурии Тоҷикистон аз 26 феврали соли 2026, №98",False,,,Тоҷикӣ / Форсӣ,,
tj_m_zarand_462,462,male,Мужской,Писарона,З,Заранд,Заранд,Zarand,ЗАРАНД,ЗАРАНД,ZARAND,True,"Қарори Ҳукумати Ҷумҳурии Тоҷикистон аз 26 феврали соли 2026, №98",False,,,Тоҷикӣ / Форсӣ,,
tj_m_zarafsar_463,463,male,Мужской,Писарона,З,Зарафсар,Зарафсар,Zarafsar,ЗАРАФСАР,ЗАРАФСАР,ZARAFSAR,True,"Қарори Ҳукумати Ҷумҳурии Тоҷикистон аз 26 феврали соли 2026, №98",False,,,Тоҷикӣ / Форсӣ,,
tj_m_zarbakhsh_464,464,male,Мужской,Писарона,З,Зарбахш,Зарбахш,Zarbakhsh,ЗАРБАХШ,ЗАРБАХШ,ZARBAKHSH,True,"Қарори Ҳукумати Ҷумҳурии Тоҷикистон аз 26 феврали соли 2026, №98",False,,,Тоҷикӣ / Форсӣ,,
tj_m_zarvon_465,465,male,Мужской,Писарона,З,Зарвон,Зарвон,Zarvon,ЗАРВОН,ЗАРВОН,ZARVON,True,"Қарори Ҳукумати Ҷумҳурии Тоҷикистон аз 26 феврали соли 2026, №98",False,,,Тоҷикӣ / Форсӣ,,
tj_m_zargun_466,466,male,Мужской,Писарона,З,Заргун,Заргун,Zargun,ЗАРГУН,ЗАРГУН,ZARGUN,True,"Қарори Ҳукумати Ҷумҳурии Тоҷикистон аз 26 феврали соли 2026, №98",False,,,Тоҷикӣ / Форсӣ,,
tj_m_zardon_467,467,male,Мужской,Писарона,З,Зардон,Зардон,Zardon,ЗАРДОН,ЗАРДОН,ZARDON,True,"Қарори Ҳукумати Ҷумҳурии Тоҷикистон аз 26 феврали соли 2026, №98",False,,,Тоҷикӣ / Форсӣ,,
tj_m_zardusht_468,468,male,Мужской,Писарона,З,Зардушт,Зардушт,Zardusht,ЗАРДУШТ,ЗАРДУШТ,ZARDUSHT,True,"Қарори Ҳукумати Ҷумҳурии Тоҷикистон аз 26 феврали соли 2026, №98",False,,,Тоҷикӣ / Форсӣ,,
tj_m_zaryon_469,469,male,Мужской,Писарона,З,Зарён,Зарён,Zaryon,ЗАРЁН,ЗАРЁН,ZARYON,True,"Қарори Ҳукумати Ҷумҳурии Тоҷикистон аз 26 феврали соли 2026, №98",False,,,Тоҷикӣ / Форсӣ,,
tj_m_zarivand_470,470,male,Мужской,Писарона,З,Зариванд,Зариванд,Zarivand,ЗАРИВАНД,ЗАРИВАНД,ZARIVAND,True,"Қарори Ҳукумати Ҷумҳурии Тоҷикистон аз 26 феврали соли 2026, №98",False,,,Тоҷикӣ / Форсӣ,,
tj_m_zarir_471,471,male,Мужской,Писарона,З,Зарир,Зарир,Zarir,ЗАРИР,ЗАРИР,ZARIR,True,"Қарори Ҳукумати Ҷумҳурии Тоҷикистон аз 26 феврали соли 2026, №98",False,,,Тоҷикӣ / Форсӣ,,
tj_m_zariron_472,472,male,Мужской,Писарона,З,Зарирон,Зарирон,Zariron,ЗАРИРОН,ЗАРИРОН,ZARIRON,True,"Қарори Ҳукумати Ҷумҳурии Тоҷикистон аз 26 феврали соли 2026, №98",False,,,Тоҷикӣ / Форсӣ,,
tj_m_zarif_473,473,male,Мужской,Писарона,З,Зариф,Зариф,Zarif,ЗАРИФ,ЗАРИФ,ZARIF,True,"Қарори Ҳукумати Ҷумҳурии Тоҷикистон аз 26 феврали соли 2026, №98",False,,,Тоҷикӣ / Форсӣ,,
tj_m_zarkor_474,474,male,Мужской,Писарона,З,Заркор,Заркор,Zarkor,ЗАРКОР,ЗАРКОР,ZARKOR,True,"Қарори Ҳукумати Ҷумҳурии Тоҷикистон аз 26 феврали соли 2026, №98",False,,,Тоҷикӣ / Форсӣ,,
tj_m_zarmehr_475,475,male,Мужской,Писарона,З,Зармеҳр,Зармехр,Zarmehr,ЗАРМЕҲР,ЗАРМЕХР,ZARMEHR,True,"Қарори Ҳукумати Ҷумҳурии Тоҷикистон аз 26 феврали соли 2026, №98",False,,,Тоҷикӣ / Форсӣ,,
tj_m_zarmiyo_476,476,male,Мужской,Писарона,З,Зармиё,Зармиё,Zarmiyo,ЗАРМИЁ,ЗАРМИЁ,ZARMIYO,True,"Қарори Ҳукумати Ҷумҳурии Тоҷикистон аз 26 феврали соли 2026, №98",False,,,Тоҷикӣ / Форсӣ,,
tj_m_zarnush_477,477,male,Мужской,Писарона,З,Зарнуш,Зарнуш,Zarnush,ЗАРНУШ,ЗАРНУШ,ZARNUSH,True,"Қарори Ҳукумати Ҷумҳурии Тоҷикистон аз 26 феврали соли 2026, №98",False,,,Тоҷикӣ / Форсӣ,,
tj_m_zarob_478,478,male,Мужской,Писарона,З,Зароб,Зароб,Zarob,ЗАРОБ,ЗАРОБ,ZAROB,True,"Қарори Ҳукумати Ҷумҳурии Тоҷикистон аз 26 феврали соли 2026, №98",True,sarab,Мираж (как поэтический образ недостижимого),Арабское,таинственная; недостижимая; поэтическая; особенная; загадочная,"Арабское سَرَاب (сараб) — «мираж, оптическая иллюзия в пустыне». В Коране (24:39): «Деяния неверных подобны миражу (سَرَاب) в пустыне». Как поэтическое имя «сараб» несёт образ чего-то манящего, редкого, неуловимого. В арабской поэзии «сараб» — эпитет возлюбленной: она мерещится путнику в пустыне, но её трудно достичь. Имя используется в поэтическом смысле."
tj_m_zarovand_479,479,male,Мужской,Писарона,З,Зарованд,Зарованд,Zarovand,ЗАРОВАНД,ЗАРОВАНД,ZAROVAND,True,"Қарори Ҳукумати Ҷумҳурии Тоҷикистон аз 26 феврали соли 2026, №98",False,,,Тоҷикӣ / Форсӣ,,
tj_m_zafar_480,480,male,Мужской,Писарона,З,Зафар,Зафар,Zafar,ЗАФАР,ЗАФАР,ZAFAR,True,"Қарори Ҳукумати Ҷумҳурии Тоҷикистон аз 26 феврали соли 2026, №98",True,zafar,"Победа, торжество, триумф",Арабское,победоносный; стойкий; храбрый; верующий; сильный,"От арабского ظفر (ẓafar) — «победа, триумф». В Коране в суре «Ас-Сафф» (61:13) Аллах обещает верующим «нaсруллах ва фатхун кариб» — помощь Аллаха и близкую победу. Бахадур Шах Зафар (1775–1862) — последний Могол, поэт и мистик, чья трагическая судьба символизирует конец эпохи."
tj_m_zafarmand_481,481,male,Мужской,Писарона,З,Зафарманд,Зафарманд,Zafarmand,ЗАФАРМАНД,ЗАФАРМАНД,ZAFARMAND,True,"Қарори Ҳукумати Ҷумҳурии Тоҷикистон аз 26 феврали соли 2026, №98",False,,,Тоҷикӣ / Форсӣ,,
tj_m_zahir_482,482,male,Мужской,Писарона,З,Заҳир,Захир,Zahir,ЗАҲИР,ЗАХИР,ZAHIR,True,"Қарори Ҳукумати Ҷумҳурии Тоҷикистон аз 26 феврали соли 2026, №98",True,zahir,"Явный, очевидный, цветущий",Арабское,ясный; откровенный; явный; цветущий; очевидный,"Арабское ظَاهِر (захир) — «явный, очевидный; процветающий». Аз-Захир (الظَّاهِر) — одно из прекрасных имён Аллаха: «Он — Первый и Последний, Явный и Скрытый» (الأَوَّلُ وَالآخِرُ وَالظَّاهِرُ وَالبَاطِنُ, сура Аль-Хадид, 57:3). В суфийской философии «захир» и «батин» (явное и скрытое) — два аспекта реальности. Ибн Аль-Хайсам (965–1040) — великий учёный оптики, прославлял Аллаха как «Аз-Захир» — источник видимого света."
tj_m_zevarshoh_483,483,male,Мужской,Писарона,З,Зеваршоҳ,Зеваршох,Zevarshoh,ЗЕВАРШОҲ,ЗЕВАРШОХ,ZEVARSHOH,True,"Қарори Ҳукумати Ҷумҳурии Тоҷикистон аз 26 феврали соли 2026, №98",False,,,Тоҷикӣ / Форсӣ,,
tj_m_zevish_484,484,male,Мужской,Писарона,З,Зевиш,Зевиш,Zevish,ЗЕВИШ,ЗЕВИШ,ZEVISH,True,"Қарори Ҳукумати Ҷумҳурии Тоҷикистон аз 26 феврали соли 2026, №98",False,,,Тоҷикӣ / Форсӣ,,
tj_m_ziveshto_485,485,male,Мужской,Писарона,З,Зивешто,Зивешто,Ziveshto,ЗИВЕШТО,ЗИВЕШТО,ZIVESHTO,True,"Қарори Ҳукумати Ҷумҳурии Тоҷикистон аз 26 феврали соли 2026, №98",False,,,Тоҷикӣ / Форсӣ,,
tj_m_ziyo_486,486,male,Мужской,Писарона,З,Зиё,Зиё,Ziyo,ЗИЁ,ЗИЁ,ZIYO,True,"Қарори Ҳукумати Ҷумҳурии Тоҷикистон аз 26 феврали соли 2026, №98",False,,,Тоҷикӣ / Форсӣ,,
tj_m_ziyobakhsh_487,487,male,Мужской,Писарона,З,Зиёбахш,Зиёбахш,Ziyobakhsh,ЗИЁБАХШ,ЗИЁБАХШ,ZIYOBAKHSH,True,"Қарори Ҳукумати Ҷумҳурии Тоҷикистон аз 26 феврали соли 2026, №98",False,,,Тоҷикӣ / Форсӣ,,
tj_m_ziyok_488,488,male,Мужской,Писарона,З,Зиёк,Зиёк,Ziyok,ЗИЁК,ЗИЁК,ZIYOK,True,"Қарори Ҳукумати Ҷумҳурии Тоҷикистон аз 26 феврали соли 2026, №98",False,,,Тоҷикӣ / Форсӣ,,
tj_m_ziyoratshoh_489,489,male,Мужской,Писарона,З,Зиёратшоҳ,Зиёратшох,Ziyoratshoh,ЗИЁРАТШОҲ,ЗИЁРАТШОХ,ZIYORATSHOH,True,"Қарори Ҳукумати Ҷумҳурии Тоҷикистон аз 26 феврали соли 2026, №98",False,,,Тоҷикӣ / Форсӣ,,
tj_m_zikriyo_490,490,male,Мужской,Писарона,З,Зикриё,Зикриё,Zikriyo,ЗИКРИЁ,ЗИКРИЁ,ZIKRIYO,True,"Қарори Ҳукумати Ҷумҳурии Тоҷикистон аз 26 феврали соли 2026, №98",False,,,Тоҷикӣ / Форсӣ,,
tj_m_zikrikhudo_491,491,male,Мужской,Писарона,З,Зикрихудо,Зикрихудо,Zikrikhudo,ЗИКРИХУДО,ЗИКРИХУДО,ZIKRIKHUDO,True,"Қарори Ҳукумати Ҷумҳурии Тоҷикистон аз 26 феврали соли 2026, №98",False,,,Тоҷикӣ / Форсӣ,,
tj_m_zikrullo_492,492,male,Мужской,Писарона,З,Зикрулло,Зикрулло,Zikrullo,ЗИКРУЛЛО,ЗИКРУЛЛО,ZIKRULLO,True,"Қарори Ҳукумати Ҷумҳурии Тоҷикистон аз 26 феврали соли 2026, №98",False,,,Тоҷикӣ / Форсӣ,,
tj_m_ziman_493,493,male,Мужской,Писарона,З,Зиман,Зиман,Ziman,ЗИМАН,ЗИМАН,ZIMAN,True,"Қарори Ҳукумати Ҷумҳурии Тоҷикистон аз 26 феврали соли 2026, №98",False,,,Тоҷикӣ / Форсӣ,,
tj_m_zinullo_494,494,male,Мужской,Писарона,З,Зинатулло,Зинатулло,Zinатullo,ЗИНАТУЛЛО,ЗИНАТУЛЛО,ZINАТULLO,True,"Қарори Ҳукумати Ҷумҳурии Тоҷикистон аз 26 феврали соли 2026, №98",False,,,Тоҷикӣ / Форсӣ,,
tj_m_zinatshoh_495,495,male,Мужской,Писарона,З,Зинатшоҳ,Зинатшох,Zinatshoh,ЗИНАТШОҲ,ЗИНАТШОХ,ZINATSHOH,True,"Қарори Ҳукумати Ҷумҳурии Тоҷикистон аз 26 феврали соли 2026, №98",False,,,Тоҷикӣ / Форсӣ,,
tj_m_zinur_496,496,male,Мужской,Писарона,З,Зинур,Зинур,Zinur,ЗИНУР,ЗИНУР,ZINUR,True,"Қарори Ҳукумати Ҷумҳурии Тоҷикистон аз 26 феврали соли 2026, №98",False,,,Тоҷикӣ / Форсӣ,,
tj_m_zobit_497,497,male,Мужской,Писарона,З,Зобит,Зобит,Zobit,ЗОБИТ,ЗОБИТ,ZOBIT,True,"Қарори Ҳукумати Ҷумҳурии Тоҷикистон аз 26 феврали соли 2026, №98",True,thabit,"Стойкий, непоколебимый, твёрдо стоящий на своём. Корень ثَبَتَ (сабата) — быть твёрдым, устойчивым. ثَابِت — «тот, кого невозможно сдвинуть с места»",Арабское,стойкий; непоколебимый; твёрдый; верный; надёжный,"Арабское ثَابِت (сабит) — «непоколебимый». В Коране (14:27): «يُثَبِّتُ اللَّهُ الَّذِينَ آمَنُوا بِالْقَوْلِ الثَّابِتِ» — «Аллах укрепляет верующих непоколебимым словом». Сабит ибн Кайс аль-Ансари (ر) — «хатиб» (оратор) ансаров и сподвижник Пророка ﷺ, погибший при Ямаме. Сабит аль-Бунани (ум. 127 г.х.) — великий табиин Басры, ученик Анаса ибн Малика ﷓, известный своей молитвой: «О Аллах, если Ты даровал кому-либо молитву в могиле — даруй её мне». Имя широко распространено во всём исламском мире."
tj_m_zovan_498,498,male,Мужской,Писарона,З,Зован,Зован,Zovan,ЗОВАН,ЗОВАН,ZOVAN,True,"Қарори Ҳукумати Ҷумҳурии Тоҷикистон аз 26 феврали соли 2026, №98",False,,,Тоҷикӣ / Форсӣ,,
tj_m_zovar_499,499,male,Мужской,Писарона,З,Зовар,Зовар,Zovar,ЗОВАР,ЗОВАР,ZOVAR,True,"Қарори Ҳукумати Ҷумҳурии Тоҷикистон аз 26 феврали соли 2026, №98",False,,,Тоҷикӣ / Форсӣ,,
tj_m_zovush_500,500,male,Мужской,Писарона,З,Зовуш,Зовуш,Zovush,ЗОВУШ,ЗОВУШ,ZOVUSH,True,"Қарори Ҳукумати Ҷумҳурии Тоҷикистон аз 26 феврали соли 2026, №98",False,,,Тоҷикӣ / Форсӣ,,
tj_m_zodashm_501,501,male,Мужской,Писарона,З,Зодашм,Зодашм,Zodashm,ЗОДАШМ,ЗОДАШМ,ZODASHM,True,"Қарори Ҳукумати Ҷумҳурии Тоҷикистон аз 26 феврали соли 2026, №98",False,,,Тоҷикӣ / Форсӣ,,
tj_m_zodbakht_502,502,male,Мужской,Писарона,З,Зодбахт,Зодбахт,Zodbakht,ЗОДБАХТ,ЗОДБАХТ,ZODBAKHT,True,"Қарори Ҳукумати Ҷумҳурии Тоҷикистон аз 26 феврали соли 2026, №98",False,,,Тоҷикӣ / Форсӣ,,
tj_m_zodmard_503,503,male,Мужской,Писарона,З,Зодмард,Зодмард,Zodmard,ЗОДМАРД,ЗОДМАРД,ZODMARD,True,"Қарори Ҳукумати Ҷумҳурии Тоҷикистон аз 26 феврали соли 2026, №98",False,,,Тоҷикӣ / Форсӣ,,
tj_m_zodmehr_504,504,male,Мужской,Писарона,З,Зодмеҳр,Зодмехр,Zodmehr,ЗОДМЕҲР,ЗОДМЕХР,ZODMEHR,True,"Қарори Ҳукумати Ҷумҳурии Тоҷикистон аз 26 феврали соли 2026, №98",False,,,Тоҷикӣ / Форсӣ,,
tj_m_zodonfar_505,505,male,Мужской,Писарона,З,Зодонфар,Зодонфар,Zodonfar,ЗОДОНФАР,ЗОДОНФАР,ZODONFAR,True,"Қарори Ҳукумати Ҷумҳурии Тоҷикистон аз 26 феврали соли 2026, №98",False,,,Тоҷикӣ / Форсӣ,,
tj_m_zodfar_506,506,male,Мужской,Писарона,З,Зодфар,Зодфар,Zodfar,ЗОДФАР,ЗОДФАР,ZODFAR,True,"Қарори Ҳукумати Ҷумҳурии Тоҷикистон аз 26 феврали соли 2026, №98",False,,,Тоҷикӣ / Форсӣ,,
tj_m_zodfarrukh_507,507,male,Мужской,Писарона,З,Зодфаррух,Зодфаррух,Zodfarrukh,ЗОДФАРРУХ,ЗОДФАРРУХ,ZODFARRUKH,True,"Қарори Ҳукумати Ҷумҳурии Тоҷикистон аз 26 феврали соли 2026, №98",False,,,Тоҷикӣ / Форсӣ,,
tj_m_zodchehr_508,508,male,Мужской,Писарона,З,Зодчеҳр,Зодчехр,Zodchehr,ЗОДЧЕҲР,ЗОДЧЕХР,ZODCHEHR,True,"Қарори Ҳукумати Ҷумҳурии Тоҷикистон аз 26 феврали соли 2026, №98",False,,,Тоҷикӣ / Форсӣ,,
tj_m_zodsham_509,509,male,Мужской,Писарона,З,Зодшам,Зодшам,Zodsham,ЗОДШАМ,ЗОДШАМ,ZODSHAM,True,"Қарори Ҳукумати Ҷумҳурии Тоҷикистон аз 26 феврали соли 2026, №98",False,,,Тоҷикӣ / Форсӣ,,
tj_m_zoir_510,510,male,Мужской,Писарона,З,Зоир,Зоир,Zoir,ЗОИР,ЗОИР,ZOIR,True,"Қарори Ҳукумати Ҷумҳурии Тоҷикистон аз 26 феврали соли 2026, №98",False,,,Тоҷикӣ / Форсӣ,,
tj_m_zokir_511,511,male,Мужской,Писарона,З,Зокир,Зокир,Zokir,ЗОКИР,ЗОКИР,ZOKIR,True,"Қарори Ҳукумати Ҷумҳурии Тоҷикистон аз 26 феврали соли 2026, №98",False,,,Тоҷикӣ / Форсӣ,,
tj_m_zol_512,512,male,Мужской,Писарона,З,Зол,Зол,Zol,ЗОЛ,ЗОЛ,ZOL,True,"Қарори Ҳукумати Ҷумҳурии Тоҷикистон аз 26 феврали соли 2026, №98",False,,,Тоҷикӣ / Форсӣ,,
tj_m_zomyod_513,513,male,Мужской,Писарона,З,Зомёд,Зомёд,Zomyod,ЗОМЁД,ЗОМЁД,ZOMYOD,True,"Қарори Ҳукумати Ҷумҳурии Тоҷикистон аз 26 феврали соли 2026, №98",False,,,Тоҷикӣ / Форсӣ,,
tj_m_zoniyor_514,514,male,Мужской,Писарона,З,Зониёр,Зониёр,Zoniyor,ЗОНИЁР,ЗОНИЁР,ZONIYOR,True,"Қарори Ҳукумати Ҷумҳурии Тоҷикистон аз 26 феврали соли 2026, №98",False,,,Тоҷикӣ / Форсӣ,,
tj_m_zohid_515,515,male,Мужской,Писарона,З,Зоҳид,Зохид,Zohid,ЗОҲИД,ЗОХИД,ZOHID,True,"Қарори Ҳукумати Ҷумҳурии Тоҷикистон аз 26 феврали соли 2026, №98",False,,,Тоҷикӣ / Форсӣ,,
tj_m_zohir_516,516,male,Мужской,Писарона,З,Зоҳир,Зохир,Zohir,ЗОҲИР,ЗОХИР,ZOHIR,True,"Қарори Ҳукумати Ҷумҳурии Тоҷикистон аз 26 феврали соли 2026, №98",True,zahir,"Явный, очевидный, цветущий",Арабское,ясный; откровенный; явный; цветущий; очевидный,"Арабское ظَاهِر (захир) — «явный, очевидный; процветающий». Аз-Захир (الظَّاهِر) — одно из прекрасных имён Аллаха: «Он — Первый и Последний, Явный и Скрытый» (الأَوَّلُ وَالآخِرُ وَالظَّاهِرُ وَالبَاطِنُ, сура Аль-Хадид, 57:3). В суфийской философии «захир» и «батин» (явное и скрытое) — два аспекта реальности. Ибн Аль-Хайсам (965–1040) — великий учёный оптики, прославлял Аллаха как «Аз-Захир» — источник видимого света."
tj_m_zubayd_517,517,male,Мужской,Писарона,З,Зубайд,Зубайд,Zubayd,ЗУБАЙД,ЗУБАЙД,ZUBAYD,True,"Қарори Ҳукумати Ҷумҳурии Тоҷикистон аз 26 феврали соли 2026, №98",False,,,Тоҷикӣ / Форсӣ,,
tj_m_zubaydullo_518,518,male,Мужской,Писарона,З,Зубайдулло,Зубайдулло,Zubaydullo,ЗУБАЙДУЛЛО,ЗУБАЙДУЛЛО,ZUBAYDULLO,True,"Қарори Ҳукумати Ҷумҳурии Тоҷикистон аз 26 феврали соли 2026, №98",False,,,Тоҷикӣ / Форсӣ,,
tj_m_zulfn_519,519,male,Мужской,Писарона,З,Зулфон,Зулфон,Zulfоn,ЗУЛФОН,ЗУЛФОН,ZULFОN,True,"Қарори Ҳукумати Ҷумҳурии Тоҷикистон аз 26 феврали соли 2026, №98",False,,,Тоҷикӣ / Форсӣ,,
tj_m_zurvn_520,520,male,Мужской,Писарона,З,Зурвон,Зурвон,Zurvоn,ЗУРВОН,ЗУРВОН,ZURVОN,True,"Қарори Ҳукумати Ҷумҳурии Тоҷикистон аз 26 феврали соли 2026, №98",False,,,Тоҷикӣ / Форсӣ,,
tj_m_zuron_521,521,male,Мужской,Писарона,З,Зурон,Зурон,Zuron,ЗУРОН,ЗУРОН,ZURON,True,"Қарори Ҳукумати Ҷумҳурии Тоҷикистон аз 26 феврали соли 2026, №98",False,,,Тоҷикӣ / Форсӣ,,
tj_m_zuhur_522,522,male,Мужской,Писарона,З,Зуҳур,Зухур,Zuhur,ЗУҲУР,ЗУХУР,ZUHUR,True,"Қарори Ҳукумати Ҷумҳурии Тоҷикистон аз 26 феврали соли 2026, №98",True,zuhoor,"Цветы, расцветы (мн.ч. от «захра»)",Арабское,цветущая; яркая; красивая; свежая; ароматная,"Арабское زُهُور (зухур) — множественное число от «захра» (زَهْرَة — цветок): «цветы». В Коране (6:99) описываются плоды и плодоношение: «Смотрите на плоды, когда они приносят плоды, и на их созревание». Сады и цветы в исламской эстетике — образ рая: «Сады, под которыми текут реки» — образ используется более 70 раз в Коране. Имя несёт образ цветущей юности и красоты."
tj_m_ibod_523,523,male,Мужской,Писарона,И,Ибод,Ибод,Ibod,ИБОД,ИБОД,IBOD,True,"Қарори Ҳукумати Ҷумҳурии Тоҷикистон аз 26 феврали соли 2026, №98",False,,,Тоҷикӣ / Форсӣ,,
tj_m_ibodullo_524,524,male,Мужской,Писарона,И,Ибодулло,Ибодулло,Ibodullo,ИБОДУЛЛО,ИБОДУЛЛО,IBODULLO,True,"Қарори Ҳукумати Ҷумҳурии Тоҷикистон аз 26 феврали соли 2026, №98",False,,,Тоҷикӣ / Форсӣ,,
tj_m_ibrohim_525,525,male,Мужской,Писарона,И,Иброҳим,Иброхим,Ibrohim,ИБРОҲИМ,ИБРОХИМ,IBROHIM,True,"Қарори Ҳукумати Ҷумҳурии Тоҷикистон аз 26 феврали соли 2026, №98",False,,,Тоҷикӣ / Форсӣ,,
tj_m_ighriras_526,526,male,Мужской,Писарона,И,Иғрирас,Игрирас,Ighriras,ИҒРИРАС,ИГРИРАС,IGHRIRAS,True,"Қарори Ҳукумати Ҷумҳурии Тоҷикистон аз 26 феврали соли 2026, №98",False,,,Тоҷикӣ / Форсӣ,,
tj_m_idris_527,527,male,Мужской,Писарона,И,Идрис,Идрис,Idris,ИДРИС,ИДРИС,IDRIS,True,"Қарори Ҳукумати Ҷумҳурии Тоҷикистон аз 26 феврали соли 2026, №98",True,idris,"Старательный, обучающийся",Арабское,умный; мудрый; терпеливый; учёный,"Пророк, упомянутый в Коране. Считается одним из первых, кто писал каламом (пером). Символ знания и учёности."
tj_m_izzat_528,528,male,Мужской,Писарона,И,Иззат,Иззат,Izzat,ИЗЗАТ,ИЗЗАТ,IZZAT,True,"Қарори Ҳукумати Ҷумҳурии Тоҷикистон аз 26 феврали соли 2026, №98",True,ezzat,"Честь, достоинство, непобедимость",Арабское,достойный; гордый; независимый; принципиальный; благородный,"Арабское عِزَّت (иззат) — «честь, достоинство» (персо-тюркская форма «изза»). «Аль-Изз» в исламе — производное от «аль-Азиз» (Непобедимый) — имени Аллаха. Пророк: «Кто ищет изза (достоинство) у людей, Аллах унижает его; кто ищет у Аллаха — Аллах возвеличивает его» (Тирмизи). Иззат Дурузи — палестинский поэт XX в. Имя широко используется в Иордании, Сирии, Египте."
tj_m_izzatmand_529,529,male,Мужской,Писарона,И,Иззатманд,Иззатманд,Izzatmand,ИЗЗАТМАНД,ИЗЗАТМАНД,IZZATMAND,True,"Қарори Ҳукумати Ҷумҳурии Тоҷикистон аз 26 феврали соли 2026, №98",False,,,Тоҷикӣ / Форсӣ,,
tj_m_izzatullo_530,530,male,Мужской,Писарона,И,Иззатулло,Иззатулло,Izzatullo,ИЗЗАТУЛЛО,ИЗЗАТУЛЛО,IZZATULLO,True,"Қарори Ҳукумати Ҷумҳурии Тоҷикистон аз 26 феврали соли 2026, №98",False,,,Тоҷикӣ / Форсӣ,,
tj_m_ikrom_531,531,male,Мужской,Писарона,И,Икром,Икром,Ikrom,ИКРОМ,ИКРОМ,IKROM,True,"Қарори Ҳукумати Ҷумҳурии Тоҷикистон аз 26 феврали соли 2026, №98",True,ikram,"Уважение, почитание, гостеприимство",Арабское,гостеприимная; щедрая; уважаемая; добрая; достойная,"Арабское إِكْرَام (икрам) — «уважение, почитание, гостеприимство». В Коране (55:27, 78): «Всеобъемлющий и Щедрый» (ذُو الجَلَالِ وَالإِكْرَامِ) — имя Аллаха. Пророк: «Кто верует в Аллаха и Судный день, пусть чтит своего гостя» (Сахих Бухари). «Икрам аль-дайф» (гостеприимство) — одна из важнейших арабских и исламских ценностей. Имя популярно в Северной Африке и арабских странах."
tj_m_ikromiddin_532,532,male,Мужской,Писарона,И,Икромиддин,Икромиддин,Ikromiddin,ИКРОМИДДИН,ИКРОМИДДИН,IKROMIDDIN,True,"Қарори Ҳукумати Ҷумҳурии Тоҷикистон аз 26 феврали соли 2026, №98",False,,,Тоҷикӣ / Форсӣ,,
tj_m_iqbol_533,533,male,Мужской,Писарона,И,Иқбол,Икбол,Iqbol,ИҚБОЛ,ИКБОЛ,IQBOL,True,"Қарори Ҳукумати Ҷумҳурии Тоҷикистон аз 26 феврали соли 2026, №98",True,iqbal,"Процветание, удача, обращение к Богу",Арабское,удачливый; процветающий; оптимистичный; целеустремлённый; мудрый,"От арабского أَقْبَلَ (акбала) — «обращаться вперёд, приближаться». إقبال (икбаль) в урду и фарси означает «процветание, удача». Мухаммад Икбаль (1877–1938) — крупнейший поэт-философ Южной Азии, писавший на урду и фарси; его труды «Тайны личности» (Asrar-e-Khudi) и «Восстановление религиозной мысли в исламе» оказали огромное влияние на исламский возрожденческий интеллектуализм. Икбаль выдвинул концепцию отдельного мусульманского государства, реализованную в создании Пакистана."
tj_m_ilyos_534,534,male,Мужской,Писарона,И,Илёс,Илёс,Ilyos,ИЛЁС,ИЛЁС,ILYOS,True,"Қарори Ҳукумати Ҷумҳурии Тоҷикистон аз 26 феврали соли 2026, №98",False,,,Тоҷикӣ / Форсӣ,,
tj_m_ilhom_535,535,male,Мужской,Писарона,И,Илҳом,Илхом,Ilhom,ИЛҲОМ,ИЛХОМ,ILHOM,True,"Қарори Ҳукумати Ҷумҳурии Тоҷикистон аз 26 феврали соли 2026, №98",True,ilham,"Вдохновение, внушение (от Аллаха)",Арабское,вдохновлённая; творческая; духовная; интуитивная; умная,"Арабское إِلْهَام (ильхам) — «вдохновение, Божественное внушение». В Коране (91:7–8): «И душой и Тем, Кто её устроил, и внушил ей распущенность и богобоязненность» (فَأَلْهَمَهَا فُجُورَهَا وَتَقْوَاهَا). В суфийской эпистемологии «ильхам» — форма знания, даруемого Аллахом непосредственно сердцу, ниже «вахи» (откровения пророков), но выше обычного разума. Имам аль-Газали писал о «ильхам» как о плоде духовной практики (мурабата)."
tj_m_ilhombakhsh_536,536,male,Мужской,Писарона,И,Илҳомбахш,Илхомбахш,Ilhombakhsh,ИЛҲОМБАХШ,ИЛХОМБАХШ,ILHOMBAKHSH,True,"Қарори Ҳукумати Ҷумҳурии Тоҷикистон аз 26 феврали соли 2026, №98",False,,,Тоҷикӣ / Форсӣ,,
tj_m_imom_537,537,male,Мужской,Писарона,И,Имом,Имом,Imom,ИМОМ,ИМОМ,IMOM,True,"Қарори Ҳукумати Ҷумҳурии Тоҷикистон аз 26 феврали соли 2026, №98",False,,,Тоҷикӣ / Форсӣ,,
tj_m_imomali_538,538,male,Мужской,Писарона,И,Имомалӣ,Имомали,Imomali,ИМОМАЛӢ,ИМОМАЛИ,IMOMALI,True,"Қарори Ҳукумати Ҷумҳурии Тоҷикистон аз 26 феврали соли 2026, №98",False,,,Тоҷикӣ / Форсӣ,,
tj_m_imron_539,539,male,Мужской,Писарона,И,Имрон,Имрон,Imron,ИМРОН,ИМРОН,IMRON,True,"Қарори Ҳукумати Ҷумҳурии Тоҷикистон аз 26 феврали соли 2026, №98",True,imran,"Процветание, жизнь",Арабское,верующий; мудрый; справедливый,Отец Марьям (Марии) в исламской традиции. Третья сура Корана называется «Аль Имран» (Семейство Имрана).
tj_m_inoyat_540,540,male,Мужской,Писарона,И,Иноят,Иноят,Inoyat,ИНОЯТ,ИНОЯТ,INOYAT,True,"Қарори Ҳукумати Ҷумҳурии Тоҷикистон аз 26 феврали соли 2026, №98",False,,,Тоҷикӣ / Форсӣ,,
tj_m_inom_541,541,male,Мужской,Писарона,И,Инъом,Инъом,In’om,ИНЪОМ,ИНЪОМ,IN’OM,True,"Қарори Ҳукумати Ҷумҳурии Тоҷикистон аз 26 феврали соли 2026, №98",True,inaam,"Дарование, благодеяние, щедрый дар",Арабское,щедрый; дарящий; добрый; великодушный; благородный,"Арабское إِنْعَام (инъам) — «дарование блага, щедрое одаривание». «Наама» — «быть в благополучии», «анъама» — «одаривать». В Коране «аль-мунъим» (Дарующий) — атрибут Аллаха: «Веди нас путём тех, которых Ты облагодетельствовал» (الَّذِينَ أَنْعَمْتَ عَلَيْهِمْ, Аль-Фатиха 1:7). В Коране (14:34): «И дал вам всё, о чём вы просили Его (وَآتَاكُمْ مِنْ كُلِّ مَا سَأَلْتُمُوهُ)». Имя несёт образ Божественной щедрости."
tj_m_irodatmand_542,542,male,Мужской,Писарона,И,Иродатманд,Иродатманд,Irodatmand,ИРОДАТМАНД,ИРОДАТМАНД,IRODATMAND,True,"Қарори Ҳукумати Ҷумҳурии Тоҷикистон аз 26 феврали соли 2026, №98",False,,,Тоҷикӣ / Форсӣ,,
tj_m_irfon_543,543,male,Мужской,Писарона,И,Ирфон,Ирфон,Irfon,ИРФОН,ИРФОН,IRFON,True,"Қарори Ҳукумати Ҷумҳурии Тоҷикистон аз 26 феврали соли 2026, №98",True,irfan,"Знание, мистическое познание, гнозис",Арабское,мудрый; духовный; просветлённый; глубокий; познающий,"Арабское عِرْفَان (ирфан) — «знание, мистическое познание, гнозис». В суфийской традиции «ирфан» — высшая ступень знания: прямое духовное «познание» Аллаха, отличное от рационального «ильма» (знания). Среди суфиев «ариф» (познавший) — тот, кто достиг «макам аль-ирфан». В персидско-шиитской философии «ирфани» — целое направление мистической мысли (Мулла Садра, Ибн Аль-Арабия). Имя широко используется в Иране, Пакистане, Индии."
tj_m_irshod_544,544,male,Мужской,Писарона,И,Иршод,Иршод,Irshod,ИРШОД,ИРШОД,IRSHOD,True,"Қарори Ҳукумати Ҷумҳурии Тоҷикистон аз 26 феврали соли 2026, №98",True,irshad,"Наставление на верный путь, руководство к истине. Корень رَشَدَ (рашада) — идти прямым путём. إِرْشَاد — «указание верного направления, духовное наставничество»",Арабское,наставляющий; мудрый; направляющий; просветлённый; духовный,"Арабское إِرْشَاد (иршад) — «духовное наставление, руководство к истине». В Коране (2:186): «وَإِذَا سَأَلَكَ عِبَادِي عَنِّي فَإِنِّي قَرِيبٌ» — близость Аллаха к ищущим иршада. Сура Аль-Джинн (72:2): «يَهْدِي إِلَى الرُّشْدِ» — «ведёт к правильному пути». В суфийской традиции муршид (наставник) несёт иршад ученикам. Аль-Газали (1058–1111) создал «Ихья улум ад-дин» — величайшее руководство по духовному иршаду в исламской литературе."
tj_m_iskandar_545,545,male,Мужской,Писарона,И,Искандар,Искандар,Iskandar,ИСКАНДАР,ИСКАНДАР,ISKANDAR,True,"Қарори Ҳукумати Ҷумҳурии Тоҷикистон аз 26 феврали соли 2026, №98",False,,,Тоҷикӣ / Форсӣ,,
tj_m_islom_546,546,male,Мужской,Писарона,И,Ислом,Ислом,Islom,ИСЛОМ,ИСЛОМ,ISLOM,True,"Қарори Ҳукумати Ҷумҳурии Тоҷикистон аз 26 феврали соли 2026, №98",False,,,Тоҷикӣ / Форсӣ,,
tj_m_islomiddin_547,547,male,Мужской,Писарона,И,Исломиддин,Исломиддин,Islomiddin,ИСЛОМИДДИН,ИСЛОМИДДИН,ISLOMIDDIN,True,"Қарори Ҳукумати Ҷумҳурии Тоҷикистон аз 26 феврали соли 2026, №98",False,,,Тоҷикӣ / Форсӣ,,
tj_m_ismat_548,548,male,Мужской,Писарона,И,Исмат,Исмат,Ismat,ИСМАТ,ИСМАТ,ISMAT,True,"Қарори Ҳукумати Ҷумҳурии Тоҷикистон аз 26 феврали соли 2026, №98",False,,,Тоҷикӣ / Форсӣ,,
tj_m_ismatyor_549,549,male,Мужской,Писарона,И,Исматёр,Исматёр,Ismatyor,ИСМАТЁР,ИСМАТЁР,ISMATYOR,True,"Қарори Ҳукумати Ҷумҳурии Тоҷикистон аз 26 феврали соли 2026, №98",False,,,Тоҷикӣ / Форсӣ,,
tj_m_ismatullo_550,550,male,Мужской,Писарона,И,Исматулло,Исматулло,Ismatullo,ИСМАТУЛЛО,ИСМАТУЛЛО,ISMATULLO,True,"Қарори Ҳукумати Ҷумҳурии Тоҷикистон аз 26 феврали соли 2026, №98",False,,,Тоҷикӣ / Форсӣ,,
tj_m_ismoil_551,551,male,Мужской,Писарона,И,Исмоил,Исмоил,Ismoil,ИСМОИЛ,ИСМОИЛ,ISMOIL,True,"Қарори Ҳукумати Ҷумҳурии Тоҷикистон аз 26 феврали соли 2026, №98",True,ismail,Да услышит Аллах,Арабское,терпеливый; послушный; верующий; сильный,"Сын пророка Ибрагима, праотец арабов. Вместе с отцом построил Каабу. Символ покорности воле Аллаха."
tj_m_iso_552,552,male,Мужской,Писарона,И,Исо,Исо,Iso,ИСО,ИСО,ISO,True,"Қарори Ҳукумати Ҷумҳурии Тоҷикистон аз 26 феврали соли 2026, №98",True,isa,Спасение Аллаха,Арабское,мудрый; добрый; терпеливый; милосердный,"Имя пророка Исы, одного из величайших посланников Аллаха, упомянутого в Коране 25 раз."
tj_m_isomiddin_553,553,male,Мужской,Писарона,И,Исомиддин,Исомиддин,Isomiddin,ИСОМИДДИН,ИСОМИДДИН,ISOMIDDIN,True,"Қарори Ҳукумати Ҷумҳурии Тоҷикистон аз 26 феврали соли 2026, №98",False,,,Тоҷикӣ / Форсӣ,,
tj_m_ispahbud_554,554,male,Мужской,Писарона,И,Испаҳбуд,Испахбуд,Ispahbud,ИСПАҲБУД,ИСПАХБУД,ISPAHBUD,True,"Қарори Ҳукумати Ҷумҳурии Тоҷикистон аз 26 феврали соли 2026, №98",False,,,Тоҷикӣ / Форсӣ,,
tj_m_istad_555,555,male,Мужской,Писарона,И,Истад,Истад,Istad,ИСТАД,ИСТАД,ISTAD,True,"Қарори Ҳукумати Ҷумҳурии Тоҷикистон аз 26 феврали соли 2026, №98",False,,,Тоҷикӣ / Форсӣ,,
tj_m_isfandiyor_556,556,male,Мужской,Писарона,И,Исфандиёр,Исфандиёр,Isfandiyor,ИСФАНДИЁР,ИСФАНДИЁР,ISFANDIYOR,True,"Қарори Ҳукумати Ҷумҳурии Тоҷикистон аз 26 феврали соли 2026, №98",False,,,Тоҷикӣ / Форсӣ,,
tj_m_ishoq_557,557,male,Мужской,Писарона,И,Исҳоқ,Исхок,Ishoq,ИСҲОҚ,ИСХОК,ISHOQ,True,"Қарори Ҳукумати Ҷумҳурии Тоҷикистон аз 26 феврали соли 2026, №98",False,,,Тоҷикӣ / Форсӣ,,
tj_m_iftikhor_558,558,male,Мужской,Писарона,И,Ифтихор,Ифтихор,Iftikhor,ИФТИХОР,ИФТИХОР,IFTIKHOR,True,"Қарори Ҳукумати Ҷумҳурии Тоҷикистон аз 26 феврали соли 2026, №98",False,,,Тоҷикӣ / Форсӣ,,
tj_m_ihtiyor_559,559,male,Мужской,Писарона,И,Ихтиёр,Ихтиёр,Iкhtiyor,ИХТИЁР,ИХТИЁР,IКHTIYOR,True,"Қарори Ҳукумати Ҷумҳурии Тоҷикистон аз 26 феврали соли 2026, №98",False,,,Тоҷикӣ / Форсӣ,,
tj_m_kabir_560,560,male,Мужской,Писарона,К,Кабир,Кабир,Kabir,КАБИР,КАБИР,KABIR,True,"Қарори Ҳукумати Ҷумҳурии Тоҷикистон аз 26 феврали соли 2026, №98",False,,,Тоҷикӣ / Форсӣ,,
tj_m_kadevar_561,561,male,Мужской,Писарона,К,Кадевар,Кадевар,Kadevar,КАДЕВАР,КАДЕВАР,KADEVAR,True,"Қарори Ҳукумати Ҷумҳурии Тоҷикистон аз 26 феврали соли 2026, №98",False,,,Тоҷикӣ / Форсӣ,,
tj_m_kayvsh_562,562,male,Мужской,Писарона,К,Каёваш,Каёваш,Kayоvаsh,КАЁВАШ,КАЁВАШ,KAYОVАSH,True,"Қарори Ҳукумати Ҷумҳурии Тоҷикистон аз 26 феврали соли 2026, №98",False,,,Тоҷикӣ / Форсӣ,,
tj_m_kaymard_563,563,male,Мужской,Писарона,К,Каёмард,Каёмард,Kayоmard,КАЁМАРД,КАЁМАРД,KAYОMARD,True,"Қарори Ҳукумати Ҷумҳурии Тоҷикистон аз 26 феврали соли 2026, №98",False,,,Тоҷикӣ / Форсӣ,,
tj_m_kayon_564,564,male,Мужской,Писарона,К,Каён,Каён,Kayon,КАЁН,КАЁН,KAYON,True,"Қарори Ҳукумати Ҷумҳурии Тоҷикистон аз 26 феврали соли 2026, №98",False,,,Тоҷикӣ / Форсӣ,,
tj_m_kayonvash_565,565,male,Мужской,Писарона,К,Каёнваш,Каёнваш,Kayonvash,КАЁНВАШ,КАЁНВАШ,KAYONVASH,True,"Қарори Ҳукумати Ҷумҳурии Тоҷикистон аз 26 феврали соли 2026, №98",False,,,Тоҷикӣ / Форсӣ,,
tj_m_kaynzod_566,566,male,Мужской,Писарона,К,Каёнзод,Каёнзод,Kayоnzod,КАЁНЗОД,КАЁНЗОД,KAYОNZOD,True,"Қарори Ҳукумати Ҷумҳурии Тоҷикистон аз 26 феврали соли 2026, №98",False,,,Тоҷикӣ / Форсӣ,,
tj_m_kaynmehr_567,567,male,Мужской,Писарона,К,Каёнмеҳр,Каёнмехр,Kayоnmehr,КАЁНМЕҲР,КАЁНМЕХР,KAYОNMEHR,True,"Қарори Ҳукумати Ҷумҳурии Тоҷикистон аз 26 феврали соли 2026, №98",False,,,Тоҷикӣ / Форсӣ,,
tj_m_kayontahm_568,568,male,Мужской,Писарона,К,Каёнтаҳм,Каёнтахм,Kayontahm,КАЁНТАҲМ,КАЁНТАХМ,KAYONTAHM,True,"Қарори Ҳукумати Ҷумҳурии Тоҷикистон аз 26 феврали соли 2026, №98",False,,,Тоҷикӣ / Форсӣ,,
tj_m_kaynus_569,569,male,Мужской,Писарона,К,Каёнус,Каёнус,Kayоnus,КАЁНУС,КАЁНУС,KAYОNUS,True,"Қарори Ҳукумати Ҷумҳурии Тоҷикистон аз 26 феврали соли 2026, №98",False,,,Тоҷикӣ / Форсӣ,,
tj_m_kaynush_570,570,male,Мужской,Писарона,К,Каёнуш,Каёнуш,Kayоnush,КАЁНУШ,КАЁНУШ,KAYОNUSH,True,"Қарори Ҳукумати Ҷумҳурии Тоҷикистон аз 26 феврали соли 2026, №98",False,,,Тоҷикӣ / Форсӣ,,
tj_m_kayonfar_571,571,male,Мужской,Писарона,К,Каёнфар,Каёнфар,Kayonfar,КАЁНФАР,КАЁНФАР,KAYONFAR,True,"Қарори Ҳукумати Ҷумҳурии Тоҷикистон аз 26 феврали соли 2026, №98",False,,,Тоҷикӣ / Форсӣ,,
tj_m_kayonchehr_572,572,male,Мужской,Писарона,К,Каёнчеҳр,Каёнчехр,Kayonchehr,КАЁНЧЕҲР,КАЁНЧЕХР,KAYONCHEHR,True,"Қарори Ҳукумати Ҷумҳурии Тоҷикистон аз 26 феврали соли 2026, №98",False,,,Тоҷикӣ / Форсӣ,,
tj_m_kayorash_573,573,male,Мужской,Писарона,К,Каёраш,Каёраш,Kayorash,КАЁРАШ,КАЁРАШ,KAYORASH,True,"Қарори Ҳукумати Ҷумҳурии Тоҷикистон аз 26 феврали соли 2026, №98",False,,,Тоҷикӣ / Форсӣ,,
tj_m_kayorukh_574,574,male,Мужской,Писарона,К,Каёрух,Каёрух,Kayorukh,КАЁРУХ,КАЁРУХ,KAYORUKH,True,"Қарори Ҳукумати Ҷумҳурии Тоҷикистон аз 26 феврали соли 2026, №98",False,,,Тоҷикӣ / Форсӣ,,
tj_m_kayfar_575,575,male,Мужской,Писарона,К,Каёфар,Каёфар,Kayоfar,КАЁФАР,КАЁФАР,KAYОFAR,True,"Қарори Ҳукумати Ҷумҳурии Тоҷикистон аз 26 феврали соли 2026, №98",False,,,Тоҷикӣ / Форсӣ,,
tj_m_kayochehr_576,576,male,Мужской,Писарона,К,Каёчеҳр,Каёчехр,Kayochehr,КАЁЧЕҲР,КАЁЧЕХР,KAYOCHEHR,True,"Қарори Ҳукумати Ҷумҳурии Тоҷикистон аз 26 феврали соли 2026, №98",False,,,Тоҷикӣ / Форсӣ,,
tj_m_kaybahman_577,577,male,Мужской,Писарона,К,Кайбаҳман,Кайбахман,Kaybahman,КАЙБАҲМАН,КАЙБАХМАН,KAYBAHMAN,True,"Қарори Ҳукумати Ҷумҳурии Тоҷикистон аз 26 феврали соли 2026, №98",False,,,Тоҷикӣ / Форсӣ,,
tj_m_kaykovus_578,578,male,Мужской,Писарона,К,Кайковус,Кайковус,Kaykovus,КАЙКОВУС,КАЙКОВУС,KAYKOVUS,True,"Қарори Ҳукумати Ҷумҳурии Тоҷикистон аз 26 феврали соли 2026, №98",False,,,Тоҷикӣ / Форсӣ,,
tj_m_kayqubod_579,579,male,Мужской,Писарона,К,Кайқубод,Кайкубод,Kayqubod,КАЙҚУБОД,КАЙКУБОД,KAYQUBOD,True,"Қарори Ҳукумати Ҷумҳурии Тоҷикистон аз 26 феврали соли 2026, №98",False,,,Тоҷикӣ / Форсӣ,,
tj_m_kaymanish_580,580,male,Мужской,Писарона,К,Кайманиш,Кайманиш,Kaymanish,КАЙМАНИШ,КАЙМАНИШ,KAYMANISH,True,"Қарори Ҳукумати Ҷумҳурии Тоҷикистон аз 26 феврали соли 2026, №98",False,,,Тоҷикӣ / Форсӣ,,
tj_m_kayormin_581,581,male,Мужской,Писарона,К,Кайормин,Кайормин,Kayormin,КАЙОРМИН,КАЙОРМИН,KAYORMIN,True,"Қарори Ҳукумати Ҷумҳурии Тоҷикистон аз 26 феврали соли 2026, №98",False,,,Тоҷикӣ / Форсӣ,,
tj_m_kaykhusrav_582,582,male,Мужской,Писарона,К,Кайхусрав,Кайхусрав,Kaykhusrav,КАЙХУСРАВ,КАЙХУСРАВ,KAYKHUSRAV,True,"Қарори Ҳукумати Ҷумҳурии Тоҷикистон аз 26 феврали соли 2026, №98",False,,,Тоҷикӣ / Форсӣ,,
tj_m_kambudjiya_583,583,male,Мужской,Писарона,К,Камбуҷия,Камбуджия,Kambudjiya,КАМБУҶИЯ,КАМБУДЖИЯ,KAMBUDJIYA,True,"Қарори Ҳукумати Ҷумҳурии Тоҷикистон аз 26 феврали соли 2026, №98",False,,,Тоҷикӣ / Форсӣ,,
tj_m_kamol_584,584,male,Мужской,Писарона,К,Камол,Камол,Kamol,КАМОЛ,КАМОЛ,KAMOL,True,"Қарори Ҳукумати Ҷумҳурии Тоҷикистон аз 26 феврали соли 2026, №98",True,kamal,"Совершенство, полнота",Арабское,совершенный; полный; стремящийся; умный; благородный,"Арабское كَمَال (камаль) — «совершенство, полнота». В исламской философии «камаль» — ключевое понятие: Аллах обладает абсолютным совершенством, человек стремится к относительному. Аль-Газали в «Кимийя-йи Саадат» пишет о «камаль» как цели духовного пути. Камаль ад-Дин Бехзад (ок. 1450–1535) — величайший персидский миниатюрист, прозванный «Рафаэлем Востока». Имя широко используется от Марокко до Индонезии."
tj_m_kamoliddin_585,585,male,Мужской,Писарона,К,Камолиддин,Камолиддин,Kamoliddin,КАМОЛИДДИН,КАМОЛИДДИН,KAMOLIDDIN,True,"Қарори Ҳукумати Ҷумҳурии Тоҷикистон аз 26 феврали соли 2026, №98",False,,,Тоҷикӣ / Форсӣ,,
tj_m_kanishka_586,586,male,Мужской,Писарона,К,Канишка,Канишка,Kanishka,КАНИШКА,КАНИШКА,KANISHKA,True,"Қарори Ҳукумати Ҷумҳурии Тоҷикистон аз 26 феврали соли 2026, №98",False,,,Тоҷикӣ / Форсӣ,,
tj_m_karim_587,587,male,Мужской,Писарона,К,Карим,Карим,Karim,КАРИМ,КАРИМ,KARIM,True,"Қарори Ҳукумати Ҷумҳурии Тоҷикистон аз 26 феврали соли 2026, №98",False,,,Тоҷикӣ / Форсӣ,,
tj_m_karimon_588,588,male,Мужской,Писарона,К,Каримон,Каримон,Karimon,КАРИМОН,КАРИМОН,KARIMON,True,"Қарори Ҳукумати Ҷумҳурии Тоҷикистон аз 26 феврали соли 2026, №98",False,,,Тоҷикӣ / Форсӣ,,
tj_m_karomat_589,589,male,Мужской,Писарона,К,Каромат,Каромат,Karomat,КАРОМАТ,КАРОМАТ,KAROMAT,True,"Қарори Ҳукумати Ҷумҳурии Тоҷикистон аз 26 феврали соли 2026, №98",False,,,Тоҷикӣ / Форсӣ,,
tj_m_karomatullo_590,590,male,Мужской,Писарона,К,Кароматулло,Кароматулло,Karomatullo,КАРОМАТУЛЛО,КАРОМАТУЛЛО,KAROMATULLO,True,"Қарори Ҳукумати Ҷумҳурии Тоҷикистон аз 26 феврали соли 2026, №98",False,,,Тоҷикӣ / Форсӣ,,
tj_m_karon_591,591,male,Мужской,Писарона,К,Карон,Карон,Karon,КАРОН,КАРОН,KARON,True,"Қарори Ҳукумати Ҷумҳурии Тоҷикистон аз 26 феврали соли 2026, №98",False,,,Тоҷикӣ / Форсӣ,,
tj_m_karonshoh_592,592,male,Мужской,Писарона,К,Кароншоҳ,Кароншох,Karonshoh,КАРОНШОҲ,КАРОНШОХ,KARONSHOH,True,"Қарори Ҳукумати Ҷумҳурии Тоҷикистон аз 26 феврали соли 2026, №98",False,,,Тоҷикӣ / Форсӣ,,
tj_m_katon_593,593,male,Мужской,Писарона,К,Катон,Катон,Katon,КАТОН,КАТОН,KATON,True,"Қарори Ҳукумати Ҷумҳурии Тоҷикистон аз 26 феврали соли 2026, №98",False,,,Тоҷикӣ / Форсӣ,,
tj_m_kahilo_594,594,male,Мужской,Писарона,К,Каҳило,Кахило,Kahilo,КАҲИЛО,КАХИЛО,KAHILO,True,"Қарори Ҳукумати Ҷумҳурии Тоҷикистон аз 26 феврали соли 2026, №98",False,,,Тоҷикӣ / Форсӣ,,
tj_m_kashvod_595,595,male,Мужской,Писарона,К,Кашвод,Кашвод,Kashvod,КАШВОД,КАШВОД,KASHVOD,True,"Қарори Ҳукумати Ҷумҳурии Тоҷикистон аз 26 феврали соли 2026, №98",False,,,Тоҷикӣ / Форсӣ,,
tj_m_kashshof_596,596,male,Мужской,Писарона,К,Кашшоф,Кашшоф,Kashshof,КАШШОФ,КАШШОФ,KASHSHOF,True,"Қарори Ҳукумати Ҷумҳурии Тоҷикистон аз 26 феврали соли 2026, №98",False,,,Тоҷикӣ / Форсӣ,,
tj_m_kayumars_597,597,male,Мужской,Писарона,К,Каюмарс,Каюмарс,Kayumars,КАЮМАРС,КАЮМАРС,KAYUMARS,True,"Қарори Ҳукумати Ҷумҳурии Тоҷикистон аз 26 феврали соли 2026, №98",False,,,Тоҷикӣ / Форсӣ,,
tj_m_kayumehr_598,598,male,Мужской,Писарона,К,Каюмеҳр,Каюмехр,Kayumehr,КАЮМЕҲР,КАЮМЕХР,KAYUMEHR,True,"Қарори Ҳукумати Ҷумҳурии Тоҷикистон аз 26 феврали соли 2026, №98",False,,,Тоҷикӣ / Форсӣ,,
tj_m_kiyo_599,599,male,Мужской,Писарона,К,Киё,Киё,Kiyo,КИЁ,КИЁ,KIYO,True,"Қарори Ҳукумати Ҷумҳурии Тоҷикистон аз 26 феврали соли 2026, №98",False,,,Тоҷикӣ / Форсӣ,,
tj_m_kiyozand_600,600,male,Мужской,Писарона,К,Киёзанд,Киёзанд,Kiyozand,КИЁЗАНД,КИЁЗАНД,KIYOZAND,True,"Қарори Ҳукумати Ҷумҳурии Тоҷикистон аз 26 феврали соли 2026, №98",False,,,Тоҷикӣ / Форсӣ,,
tj_m_kiyonush_601,601,male,Мужской,Писарона,К,Киёнуш,Киёнуш,Kiyonush,КИЁНУШ,КИЁНУШ,KIYONUSH,True,"Қарори Ҳукумати Ҷумҳурии Тоҷикистон аз 26 феврали соли 2026, №98",False,,,Тоҷикӣ / Форсӣ,,
tj_m_kiyorang_602,602,male,Мужской,Писарона,К,Киёранг,Киёранг,Kiyorang,КИЁРАНГ,КИЁРАНГ,KIYORANG,True,"Қарори Ҳукумати Ҷумҳурии Тоҷикистон аз 26 феврали соли 2026, №98",False,,,Тоҷикӣ / Форсӣ,,
tj_m_kiyofar_603,603,male,Мужской,Писарона,К,Киёфар,Киёфар,Kiyofar,КИЁФАР,КИЁФАР,KIYOFAR,True,"Қарори Ҳукумати Ҷумҳурии Тоҷикистон аз 26 феврали соли 2026, №98",False,,,Тоҷикӣ / Форсӣ,,
tj_m_kirmonshoh_604,604,male,Мужской,Писарона,К,Кирмоншоҳ,Кирмоншох,Kirmonshoh,КИРМОНШОҲ,КИРМОНШОХ,KIRMONSHOH,True,"Қарори Ҳукумати Ҷумҳурии Тоҷикистон аз 26 феврали соли 2026, №98",False,,,Тоҷикӣ / Форсӣ,,
tj_m_kirom_605,605,male,Мужской,Писарона,К,Киром,Киром,Kirom,КИРОМ,КИРОМ,KIROM,True,"Қарори Ҳукумати Ҷумҳурии Тоҷикистон аз 26 феврали соли 2026, №98",False,,,Тоҷикӣ / Форсӣ,,
tj_m_kiromi_606,606,male,Мужской,Писарона,К,Киромӣ,Кироми,Kiromi,КИРОМӢ,КИРОМИ,KIROMI,True,"Қарори Ҳукумати Ҷумҳурии Тоҷикистон аз 26 феврали соли 2026, №98",False,,,Тоҷикӣ / Форсӣ,,
tj_m_kiromiddin_607,607,male,Мужской,Писарона,К,Киромиддин,Киромиддин,Kiromiddin,КИРОМИДДИН,КИРОМИДДИН,KIROMIDDIN,True,"Қарори Ҳукумати Ҷумҳурии Тоҷикистон аз 26 феврали соли 2026, №98",False,,,Тоҷикӣ / Форсӣ,,
tj_m_kishvar_608,608,male,Мужской,Писарона,К,Кишвар,Кишвар,Kishvar,КИШВАР,КИШВАР,KISHVAR,True,"Қарори Ҳукумати Ҷумҳурии Тоҷикистон аз 26 феврали соли 2026, №98",False,,,Тоҷикӣ / Форсӣ,,
tj_m_kishvarshoh_609,609,male,Мужской,Писарона,К,Кишваршоҳ,Кишваршох,Kishvarshoh,КИШВАРШОҲ,КИШВАРШОХ,KISHVARSHOH,True,"Қарори Ҳукумати Ҷумҳурии Тоҷикистон аз 26 феврали соли 2026, №98",False,,,Тоҷикӣ / Форсӣ,,
tj_m_kova_610,610,male,Мужской,Писарона,К,Кова,Кова,Kova,КОВА,КОВА,KOVA,True,"Қарори Ҳукумати Ҷумҳурии Тоҷикистон аз 26 феврали соли 2026, №98",True,kavya,"Поэзия, поэма",Санскрит,красивая; талантливая; умная; нежная,काव्य — «поэзия». Имя связано с литературной традицией и олицетворяет красоту слова.
tj_m_kovan_611,611,male,Мужской,Писарона,К,Кован,Кован,Kovan,КОВАН,КОВАН,KOVAN,True,"Қарори Ҳукумати Ҷумҳурии Тоҷикистон аз 26 феврали соли 2026, №98",False,,,Тоҷикӣ / Форсӣ,,
tj_m_koviz_612,612,male,Мужской,Писарона,К,Ковиз,Ковиз,Koviz,КОВИЗ,КОВИЗ,KOVIZ,True,"Қарори Ҳукумати Ҷумҳурии Тоҷикистон аз 26 феврали соли 2026, №98",False,,,Тоҷикӣ / Форсӣ,,
tj_m_kovusshoh_613,613,male,Мужской,Писарона,К,Ковус,Ковус,Kovusshoh,КОВУС,КОВУС,KOVUSSHOH,True,"Қарори Ҳукумати Ҷумҳурии Тоҷикистон аз 26 феврали соли 2026, №98",False,,,Тоҷикӣ / Форсӣ,,
tj_m_kovus_614,614,male,Мужской,Писарона,К,Ковусшоҳ,Ковусшох,Kovus,КОВУСШОҲ,КОВУСШОХ,KOVUS,True,"Қарори Ҳукумати Ҷумҳурии Тоҷикистон аз 26 феврали соли 2026, №98",False,,,Тоҷикӣ / Форсӣ,,
tj_m_kombakhsh_615,615,male,Мужской,Писарона,К,Комбахш,Комбахш,Kombakhsh,КОМБАХШ,КОМБАХШ,KOMBAKHSH,True,"Қарори Ҳукумати Ҷумҳурии Тоҷикистон аз 26 феврали соли 2026, №98",False,,,Тоҷикӣ / Форсӣ,,
tj_m_kombiz_616,616,male,Мужской,Писарона,К,Комбиз,Комбиз,Kombiz,КОМБИЗ,КОМБИЗ,KOMBIZ,True,"Қарори Ҳукумати Ҷумҳурии Тоҷикистон аз 26 феврали соли 2026, №98",False,,,Тоҷикӣ / Форсӣ,,
tj_m_komvar_617,617,male,Мужской,Писарона,К,Комвар,Комвар,Komvar,КОМВАР,КОМВАР,KOMVAR,True,"Қарори Ҳукумати Ҷумҳурии Тоҷикистон аз 26 феврали соли 2026, №98",False,,,Тоҷикӣ / Форсӣ,,
tj_m_komgor_618,618,male,Мужской,Писарона,К,Комгор,Комгор,Komgor,КОМГОР,КОМГОР,KOMGOR,True,"Қарори Ҳукумати Ҷумҳурии Тоҷикистон аз 26 феврали соли 2026, №98",False,,,Тоҷикӣ / Форсӣ,,
tj_m_komyob_619,619,male,Мужской,Писарона,К,Комёб,Комёб,Komyob,КОМЁБ,КОМЁБ,KOMYOB,True,"Қарори Ҳукумати Ҷумҳурии Тоҷикистон аз 26 феврали соли 2026, №98",False,,,Тоҷикӣ / Форсӣ,,
tj_m_komyor_620,620,male,Мужской,Писарона,К,Комёр,Комёр,Komyor,КОМЁР,КОМЁР,KOMYOR,True,"Қарори Ҳукумати Ҷумҳурии Тоҷикистон аз 26 феврали соли 2026, №98",False,,,Тоҷикӣ / Форсӣ,,
tj_m_komil_621,621,male,Мужской,Писарона,К,Комил,Комил,Komil,КОМИЛ,КОМИЛ,KOMIL,True,"Қарори Ҳукумати Ҷумҳурии Тоҷикистон аз 26 феврали соли 2026, №98",True,kamil,"Совершенный, полный, достигший совершенства",Арабское,совершенный; мудрый; верующий; благородный; образованный,"От арабского كامل — «полный, совершенный». В исламской мысли «аль-Инсан аль-Камил» («Совершенный Человек») — центральная концепция суфийской философии, воплощением которой считается Пророк Мухаммад. Ибн Араби (1165–1240) разработал это учение, видя в совершенном человеке зеркало всех атрибутов Аллаха."
tj_m_komin_622,622,male,Мужской,Писарона,К,Комин,Комин,Komin,КОМИН,КОМИН,KOMIN,True,"Қарори Ҳукумати Ҷумҳурии Тоҷикистон аз 26 феврали соли 2026, №98",False,,,Тоҷикӣ / Форсӣ,,
tj_m_komnush_623,623,male,Мужской,Писарона,К,Комнуш,Комнуш,Komnush,КОМНУШ,КОМНУШ,KOMNUSH,True,"Қарори Ҳукумати Ҷумҳурии Тоҷикистон аз 26 феврали соли 2026, №98",False,,,Тоҷикӣ / Форсӣ,,
tj_m_komravo_624,624,male,Мужской,Писарона,К,Комраво,Комраво,Komravo,КОМРАВО,КОМРАВО,KOMRAVO,True,"Қарори Ҳукумати Ҷумҳурии Тоҷикистон аз 26 феврали соли 2026, №98",False,,,Тоҷикӣ / Форсӣ,,
tj_m_komrod_625,625,male,Мужской,Писарона,К,Комрод,Комрод,Komrod,КОМРОД,КОМРОД,KOMROD,True,"Қарори Ҳукумати Ҷумҳурии Тоҷикистон аз 26 феврали соли 2026, №98",False,,,Тоҷикӣ / Форсӣ,,
tj_m_komron_626,626,male,Мужской,Писарона,К,Комрон,Комрон,Komron,КОМРОН,КОМРОН,KOMRON,True,"Қарори Ҳукумати Ҷумҳурии Тоҷикистон аз 26 феврали соли 2026, №98",False,,,Тоҷикӣ / Форсӣ,,
tj_m_koran_627,627,male,Мужской,Писарона,К,Коран,Коран,Koran,КОРАН,КОРАН,KORAN,True,"Қарори Ҳукумати Ҷумҳурии Тоҷикистон аз 26 феврали соли 2026, №98",False,,,Тоҷикӣ / Форсӣ,,
tj_m_korvarz_628,628,male,Мужской,Писарона,К,Корварз,Корварз,Korvarz,КОРВАРЗ,КОРВАРЗ,KORVARZ,True,"Қарори Ҳукумати Ҷумҳурии Тоҷикистон аз 26 феврали соли 2026, №98",False,,,Тоҷикӣ / Форсӣ,,
tj_m_korvonshoh_629,629,male,Мужской,Писарона,К,Корвоншоҳ,Корвоншох,Korvonshoh,КОРВОНШОҲ,КОРВОНШОХ,KORVONSHOH,True,"Қарори Ҳукумати Ҷумҳурии Тоҷикистон аз 26 феврали соли 2026, №98",False,,,Тоҷикӣ / Форсӣ,,
tj_m_koru_630,630,male,Мужской,Писарона,К,Кору,Кору,Koru,КОРУ,КОРУ,KORU,True,"Қарори Ҳукумати Ҷумҳурии Тоҷикистон аз 26 феврали соли 2026, №98",False,,,Тоҷикӣ / Форсӣ,,
tj_m_koshif_631,631,male,Мужской,Писарона,К,Кошиф,Кошиф,Koshif,КОШИФ,КОШИФ,KOSHIF,True,"Қарори Ҳукумати Ҷумҳурии Тоҷикистон аз 26 феврали соли 2026, №98",True,kaashif,"Открывающий скрытое, раскрывающий истину, снимающий завесу. Корень كَشَفَ (кашафа) — открывать, обнажать, устранять. كَاشِف — действительное причастие: «тот, кто раскрывает»",Арабское,проницательный; открывающий; проясняющий; мудрый; дальновидный,"Арабское كَاشِف (кашиф) — «тот, кто снимает покров, раскрывает тайны». Аль-Газали в «Ихья» описывает «кашф» (мистическое откровение) как высшую ступень богопознания у суфиев. В Коране (27:65): «لَا يَعْلَمُ مَنْ فِي السَّمَاوَاتِ وَالْأَرْضِ الْغَيْبَ إِلَّا اللَّهُ» — Аллах — единственный Кашиф гайба (скрытого). Аль-Кашф ва-ль-баян — классический жанр тафсира. Имам аш-Ша"
tj_m_kubod_632,632,male,Мужской,Писарона,К,Кубод,Кубод,Kubod,КУБОД,КУБОД,KUBOD,True,"Қарори Ҳукумати Ҷумҳурии Тоҷикистон аз 26 феврали соли 2026, №98",False,,,Тоҷикӣ / Форсӣ,,
tj_m_kurush_633,633,male,Мужской,Писарона,К,Куруш,Куруш,Kurush,КУРУШ,КУРУШ,KURUSH,True,"Қарори Ҳукумати Ҷумҳурии Тоҷикистон аз 26 феврали соли 2026, №98",False,,,Тоҷикӣ / Форсӣ,,
tj_m_kurushgurd_634,634,male,Мужской,Писарона,К,Курушгурд,Курушгурд,Kurushgurd,КУРУШГУРД,КУРУШГУРД,KURUSHGURD,True,"Қарори Ҳукумати Ҷумҳурии Тоҷикистон аз 26 феврали соли 2026, №98",False,,,Тоҷикӣ / Форсӣ,,
tj_m_kurushdust_635,635,male,Мужской,Писарона,К,Курушдӯст,Курушдуст,Kurushdust,КУРУШДӮСТ,КУРУШДУСТ,KURUSHDUST,True,"Қарори Ҳукумати Ҷумҳурии Тоҷикистон аз 26 феврали соли 2026, №98",False,,,Тоҷикӣ / Форсӣ,,
tj_m_kurushmard_636,636,male,Мужской,Писарона,К,Курушмард,Курушмард,Kurushmard,КУРУШМАРД,КУРУШМАРД,KURUSHMARD,True,"Қарори Ҳукумати Ҷумҳурии Тоҷикистон аз 26 феврали соли 2026, №98",False,,,Тоҷикӣ / Форсӣ,,
tj_m_kurushmehr_637,637,male,Мужской,Писарона,К,Курушмеҳр,Курушмехр,Kurushmehr,КУРУШМЕҲР,КУРУШМЕХР,KURUSHMEHR,True,"Қарори Ҳукумати Ҷумҳурии Тоҷикистон аз 26 феврали соли 2026, №98",False,,,Тоҷикӣ / Форсӣ,,
tj_m_kurushnazhod_638,638,male,Мужской,Писарона,К,Курушнажод,Курушнажод,Kurushnazhod,КУРУШНАЖОД,КУРУШНАЖОД,KURUSHNAZHOD,True,"Қарори Ҳукумати Ҷумҳурии Тоҷикистон аз 26 феврали соли 2026, №98",False,,,Тоҷикӣ / Форсӣ,,
tj_m_kurushniyo_639,639,male,Мужской,Писарона,К,Курушниё,Курушниё,Kurushniyo,КУРУШНИЁ,КУРУШНИЁ,KURUSHNIYO,True,"Қарори Ҳукумати Ҷумҳурии Тоҷикистон аз 26 феврали соли 2026, №98",False,,,Тоҷикӣ / Форсӣ,,
tj_m_kurushtoj_640,640,male,Мужской,Писарона,К,Куруштоҷ,Куруштоҷ,Kurushtoj,КУРУШТОҶ,КУРУШТОҶ,KURUSHTOJ,True,"Қарори Ҳукумати Ҷумҳурии Тоҷикистон аз 26 феврали соли 2026, №98",False,,,Тоҷикӣ / Форсӣ,,
tj_m_kurushfar_641,641,male,Мужской,Писарона,К,Курушфар,Курушфар,Kurushfar,КУРУШФАР,КУРУШФАР,KURUSHFAR,True,"Қарори Ҳукумати Ҷумҳурии Тоҷикистон аз 26 феврали соли 2026, №98",False,,,Тоҷикӣ / Форсӣ,,
tj_m_kurushchehr_642,642,male,Мужской,Писарона,К,Курушчеҳр,Курушчехр,Kurushchehr,КУРУШЧЕҲР,КУРУШЧЕХР,KURUSHCHEHR,True,"Қарори Ҳукумати Ҷумҳурии Тоҷикистон аз 26 феврали соли 2026, №98",False,,,Тоҷикӣ / Форсӣ,,
tj_m_kurushshed_643,643,male,Мужской,Писарона,К,Курушшед,Курушшед,Kurushshed,КУРУШШЕД,КУРУШШЕД,KURUSHSHED,True,"Қарори Ҳукумати Ҷумҳурии Тоҷикистон аз 26 феврали соли 2026, №98",False,,,Тоҷикӣ / Форсӣ,,
tj_m_kurushyor_644,644,male,Мужской,Писарона,К,Курушёр,Курушёр,Kurushyor,КУРУШЁР,КУРУШЁР,KURUSHYOR,True,"Қарори Ҳукумати Ҷумҳурии Тоҷикистон аз 26 феврали соли 2026, №98",False,,,Тоҷикӣ / Форсӣ,,
tj_m_kurushshoh_645,645,male,Мужской,Писарона,К,Курушшоҳ,Курушшох,Kurushshoh,КУРУШШОҲ,КУРУШШОХ,KURUSHSHOH,True,"Қарори Ҳукумати Ҷумҳурии Тоҷикистон аз 26 феврали соли 2026, №98",False,,,Тоҷикӣ / Форсӣ,,
tj_m_kurushyal_646,646,male,Мужской,Писарона,К,Курушял,Курушял,Kurushyal,КУРУШЯЛ,КУРУШЯЛ,KURUSHYAL,True,"Қарори Ҳукумати Ҷумҳурии Тоҷикистон аз 26 феврали соли 2026, №98",False,,,Тоҷикӣ / Форсӣ,,
tj_m_kushyor_647,647,male,Мужской,Писарона,К,Кушёр,Кушёр,Kushyor,КУШЁР,КУШЁР,KUSHYOR,True,"Қарори Ҳукумати Ҷумҳурии Тоҷикистон аз 26 феврали соли 2026, №98",False,,,Тоҷикӣ / Форсӣ,,
tj_m_kusho_648,648,male,Мужской,Писарона,К,Кушо,Кушо,Kusho,КУШО,КУШО,KUSHO,True,"Қарори Ҳукумати Ҷумҳурии Тоҷикистон аз 26 феврали соли 2026, №98",False,,,Тоҷикӣ / Форсӣ,,
tj_m_kushon_649,649,male,Мужской,Писарона,К,Кушон,Кушон,Kushon,КУШОН,КУШОН,KUSHON,True,"Қарори Ҳукумати Ҷумҳурии Тоҷикистон аз 26 феврали соли 2026, №98",False,,,Тоҷикӣ / Форсӣ,,
tj_m_kushongurd_650,650,male,Мужской,Писарона,К,Кушонгурд,Кушонгурд,Kushongurd,КУШОНГУРД,КУШОНГУРД,KUSHONGURD,True,"Қарори Ҳукумати Ҷумҳурии Тоҷикистон аз 26 феврали соли 2026, №98",False,,,Тоҷикӣ / Форсӣ,,
tj_m_kushondust_651,651,male,Мужской,Писарона,К,Кушондӯст,Кушондуст,Kushondust,КУШОНДӮСТ,КУШОНДУСТ,KUSHONDUST,True,"Қарори Ҳукумати Ҷумҳурии Тоҷикистон аз 26 феврали соли 2026, №98",False,,,Тоҷикӣ / Форсӣ,,
tj_m_kushonyor_652,652,male,Мужской,Писарона,К,Кушонёр,Кушонёр,Kushonyor,КУШОНЁР,КУШОНЁР,KUSHONYOR,True,"Қарори Ҳукумати Ҷумҳурии Тоҷикистон аз 26 феврали соли 2026, №98",False,,,Тоҷикӣ / Форсӣ,,
tj_m_kushoni_653,653,male,Мужской,Писарона,К,Кушонӣ,Кушони,Kushoni,КУШОНӢ,КУШОНИ,KUSHONI,True,"Қарори Ҳукумати Ҷумҳурии Тоҷикистон аз 26 феврали соли 2026, №98",False,,,Тоҷикӣ / Форсӣ,,
tj_m_kushonmard_654,654,male,Мужской,Писарона,К,Кушонмард,Кушонмард,Kushonmard,КУШОНМАРД,КУШОНМАРД,KUSHONMARD,True,"Қарори Ҳукумати Ҷумҳурии Тоҷикистон аз 26 феврали соли 2026, №98",False,,,Тоҷикӣ / Форсӣ,,
tj_m_kushonmehr_655,655,male,Мужской,Писарона,К,Кушонмеҳр,Кушонмехр,Kushonmehr,КУШОНМЕҲР,КУШОНМЕХР,KUSHONMEHR,True,"Қарори Ҳукумати Ҷумҳурии Тоҷикистон аз 26 феврали соли 2026, №98",False,,,Тоҷикӣ / Форсӣ,,
tj_m_kushonnazhod_656,656,male,Мужской,Писарона,К,Кушоннажод,Кушоннажод,Kushonnazhod,КУШОННАЖОД,КУШОННАЖОД,KUSHONNAZHOD,True,"Қарори Ҳукумати Ҷумҳурии Тоҷикистон аз 26 феврали соли 2026, №98",False,,,Тоҷикӣ / Форсӣ,,
tj_m_kushonniyo_657,657,male,Мужской,Писарона,К,Кушонниё,Кушонниё,Kushonniyo,КУШОННИЁ,КУШОННИЁ,KUSHONNIYO,True,"Қарори Ҳукумати Ҷумҳурии Тоҷикистон аз 26 феврали соли 2026, №98",False,,,Тоҷикӣ / Форсӣ,,
tj_m_kushontoj_658,658,male,Мужской,Писарона,К,Кушонтоҷ,Кушонтоҷ,Kushontoj,КУШОНТОҶ,КУШОНТОҶ,KUSHONTOJ,True,"Қарори Ҳукумати Ҷумҳурии Тоҷикистон аз 26 феврали соли 2026, №98",False,,,Тоҷикӣ / Форсӣ,,
tj_m_kushonfar_659,659,male,Мужской,Писарона,К,Кушонфар,Кушонфар,Kushonfar,КУШОНФАР,КУШОНФАР,KUSHONFAR,True,"Қарори Ҳукумати Ҷумҳурии Тоҷикистон аз 26 феврали соли 2026, №98",False,,,Тоҷикӣ / Форсӣ,,
tj_m_kushonchehr_660,660,male,Мужской,Писарона,К,Кушончеҳр,Кушончехр,Kushonchehr,КУШОНЧЕҲР,КУШОНЧЕХР,KUSHONCHEHR,True,"Қарори Ҳукумати Ҷумҳурии Тоҷикистон аз 26 феврали соли 2026, №98",False,,,Тоҷикӣ / Форсӣ,,
tj_m_kushonshed_661,661,male,Мужской,Писарона,К,Кушоншед,Кушоншед,Kushonshed,КУШОНШЕД,КУШОНШЕД,KUSHONSHED,True,"Қарори Ҳукумати Ҷумҳурии Тоҷикистон аз 26 феврали соли 2026, №98",False,,,Тоҷикӣ / Форсӣ,,
tj_m_kushonsher_662,662,male,Мужской,Писарона,К,Кушоншер,Кушоншер,Kushonsher,КУШОНШЕР,КУШОНШЕР,KUSHONSHER,True,"Қарори Ҳукумати Ҷумҳурии Тоҷикистон аз 26 феврали соли 2026, №98",False,,,Тоҷикӣ / Форсӣ,,
tj_m_kushonshoh_663,663,male,Мужской,Писарона,К,Кушоншоҳ,Кушоншох,Kushonshoh,КУШОНШОҲ,КУШОНШОХ,KUSHONSHOH,True,"Қарори Ҳукумати Ҷумҳурии Тоҷикистон аз 26 феврали соли 2026, №98",False,,,Тоҷикӣ / Форсӣ,,
tj_m_kushonyal_664,664,male,Мужской,Писарона,К,Кушонял,Кушонял,Kushonyal,КУШОНЯЛ,КУШОНЯЛ,KUSHONYAL,True,"Қарори Ҳукумати Ҷумҳурии Тоҷикистон аз 26 феврали соли 2026, №98",False,,,Тоҷикӣ / Форсӣ,,
tj_m_kuhzod_665,665,male,Мужской,Писарона,К,Кӯҳзод,Кухзод,Kuhzod,КӮҲЗОД,КУХЗОД,KUHZOD,True,"Қарори Ҳукумати Ҷумҳурии Тоҷикистон аз 26 феврали соли 2026, №98",False,,,Тоҷикӣ / Форсӣ,,
tj_m_kuhkan_666,666,male,Мужской,Писарона,К,Кӯҳкан,Кухкан,Kuhkan,КӮҲКАН,КУХКАН,KUHKAN,True,"Қарори Ҳукумати Ҷумҳурии Тоҷикистон аз 26 феврали соли 2026, №98",False,,,Тоҷикӣ / Форсӣ,,
tj_m_qadriddin_667,667,male,Мужской,Писарона,Қ,Қадриддин,Кадриддин,Qadriddin,ҚАДРИДДИН,КАДРИДДИН,QADRIDDIN,True,"Қарори Ҳукумати Ҷумҳурии Тоҷикистон аз 26 феврали соли 2026, №98",False,,,Тоҷикӣ / Форсӣ,,
tj_m_qayyum_668,668,male,Мужской,Писарона,Қ,Қайюм,Кайюм,Qayyum,ҚАЙЮМ,КАЙЮМ,QAYYUM,True,"Қарори Ҳукумати Ҷумҳурии Тоҷикистон аз 26 феврали соли 2026, №98",False,,,Тоҷикӣ / Форсӣ,,
tj_m_qalandar_669,669,male,Мужской,Писарона,Қ,Қаландар,Каландар,Qalandar,ҚАЛАНДАР,КАЛАНДАР,QALANDAR,True,"Қарори Ҳукумати Ҷумҳурии Тоҷикистон аз 26 феврали соли 2026, №98",False,,,Тоҷикӣ / Форсӣ,,
tj_m_qamar_670,670,male,Мужской,Писарона,Қ,Қамар,Камар,Qamar,ҚАМАР,КАМАР,QAMAR,True,"Қарори Ҳукумати Ҷумҳурии Тоҷикистон аз 26 феврали соли 2026, №98",True,qamar,Луна,Арабское,красивый; нежный; спокойный; мягкий; освещающий,"Арабское قَمَر (камар) — «луна». Сура «Аль-Камар» (54): «Приблизился Час и раскололась луна» (وَانشَقَّ الْقَمَرُ) — об одном из чудес Пророка. В арабской поэзии луна — образ несравненной красоты и ночного величия. Сподвижники описывали красоту Пророка словами «полная луна»: «Лицо его было подобно луне в ночь полнолуния» (Тирмизи). В арабской астрономии «аль-маназил аль-камарийя» — лунные стоянки, основа сельскохозяйственного календаря."
tj_m_qamariddin_671,671,male,Мужской,Писарона,Қ,Қамариддин,Камариддин,Qamariddin,ҚАМАРИДДИН,КАМАРИДДИН,QAMARIDDIN,True,"Қарори Ҳукумати Ҷумҳурии Тоҷикистон аз 26 феврали соли 2026, №98",False,,,Тоҷикӣ / Форсӣ,,
tj_m_qanoat_672,672,male,Мужской,Писарона,Қ,Қаноат,Каноат,Qanoat,ҚАНОАТ,КАНОАТ,QANOAT,True,"Қарори Ҳукумати Ҷумҳурии Тоҷикистон аз 26 феврали соли 2026, №98",False,,,Тоҷикӣ / Форсӣ,,
tj_m_qatron_673,673,male,Мужской,Писарона,Қ,Қатрон,Катрон,Qatron,ҚАТРОН,КАТРОН,QATRON,True,"Қарори Ҳукумати Ҷумҳурии Тоҷикистон аз 26 феврали соли 2026, №98",False,,,Тоҷикӣ / Форсӣ,,
tj_m_qahramon_674,674,male,Мужской,Писарона,Қ,Қаҳрамон,Кахрамон,Qahramon,ҚАҲРАМОН,КАХРАМОН,QAHRAMON,True,"Қарори Ҳукумати Ҷумҳурии Тоҷикистон аз 26 феврали соли 2026, №98",False,,,Тоҷикӣ / Форсӣ,,
tj_m_qodir_675,675,male,Мужской,Писарона,Қ,Қодир,Кодир,Qodir,ҚОДИР,КОДИР,QODIR,True,"Қарори Ҳукумати Ҷумҳурии Тоҷикистон аз 26 феврали соли 2026, №98",True,ghadeer,"Пруд, лужа, небольшой водоём",Арабское,нежная; спокойная; глубокая; чистая; прозрачная,"Арабское غَدِير (гадир) — «небольшой пруд, лужа после дождя». Гадир Хумм — место у Джухфы (Хиджаз), где Пророк Мухаммад в ходе прощального хаджа (18 зуль-хиджжа 10 г.х.) произнёс знаменитую речь, в которой — согласно хадисам, признанным аутентичными всеми школами — назвал Али ибн Аби Талиба «мавля» (покровитель/господин). День 18 зуль-хиджжа называется «Ид аль-Гадир» и отмечается шиитами. Это слово несёт историческую значимость."
tj_m_qoran_676,676,male,Мужской,Писарона,Қ,Қоран,Коран,Qoran,ҚОРАН,КОРАН,QORAN,True,"Қарори Ҳукумати Ҷумҳурии Тоҷикистон аз 26 феврали соли 2026, №98",False,,,Тоҷикӣ / Форсӣ,,
tj_m_qosim_677,677,male,Мужской,Писарона,Қ,Қосим,Косим,Qosim,ҚОСИМ,КОСИМ,QOSIM,True,"Қарори Ҳукумати Ҷумҳурии Тоҷикистон аз 26 феврали соли 2026, №98",True,qasim,"Распределяющий, раздатчик",Арабское,щедрый; справедливый; честный; заботливый; уравновешенный,"От арабского قَسَمَ (касама) — «делить, распределять». قَاسِم (касим) — «распределяющий». Аль-Касим был старшим сыном Пророка Мухаммада от Хадиджи; умер в младенчестве, и именно его смерть стала поводом для суры Аль-Кавсар. Кунья Пророка — «Абу Касим» (отец Касима). Аль-Касим ибн Мухаммад ибн Аби Бакр (ок. 660–728) — один из «семи факихов Медины», внук первого халифа и один из важнейших ранних правоведов."
tj_m_qubod_678,678,male,Мужской,Писарона,Қ,Қубод,Кубод,Qubod,ҚУБОД,КУБОД,QUBOD,True,"Қарори Ҳукумати Ҷумҳурии Тоҷикистон аз 26 феврали соли 2026, №98",False,,,Тоҷикӣ / Форсӣ,,
tj_m_quvvat_679,679,male,Мужской,Писарона,Қ,Қувват,Кувват,Quvvat,ҚУВВАТ,КУВВАТ,QUVVAT,True,"Қарори Ҳукумати Ҷумҳурии Тоҷикистон аз 26 феврали соли 2026, №98",False,,,Тоҷикӣ / Форсӣ,,
tj_m_qudrat_680,680,male,Мужской,Писарона,Қ,Қудрат,Кудрат,Qudrat,ҚУДРАТ,КУДРАТ,QUDRAT,True,"Қарори Ҳукумати Ҷумҳурии Тоҷикистон аз 26 феврали соли 2026, №98",False,,,Тоҷикӣ / Форсӣ,,
tj_m_qudratbakhsh_681,681,male,Мужской,Писарона,Қ,Қудратбахш,Кудратбахш,Qudratbakhsh,ҚУДРАТБАХШ,КУДРАТБАХШ,QUDRATBAKHSH,True,"Қарори Ҳукумати Ҷумҳурии Тоҷикистон аз 26 феврали соли 2026, №98",False,,,Тоҷикӣ / Форсӣ,,
tj_m_qudratmand_682,682,male,Мужской,Писарона,Қ,Қудратманд,Кудратманд,Qudratmand,ҚУДРАТМАНД,КУДРАТМАНД,QUDRATMAND,True,"Қарори Ҳукумати Ҷумҳурии Тоҷикистон аз 26 феврали соли 2026, №98",False,,,Тоҷикӣ / Форсӣ,,
tj_m_qurbon_683,683,male,Мужской,Писарона,Қ,Қурбон,Курбон,Qurbon,ҚУРБОН,КУРБОН,QURBON,True,"Қарори Ҳукумати Ҷумҳурии Тоҷикистон аз 26 феврали соли 2026, №98",False,,,Тоҷикӣ / Форсӣ,,
tj_m_qurbonali_684,684,male,Мужской,Писарона,Қ,Қурбоналӣ,Курбонали,Qurbonali,ҚУРБОНАЛӢ,КУРБОНАЛИ,QURBONALI,True,"Қарори Ҳукумати Ҷумҳурии Тоҷикистон аз 26 феврали соли 2026, №98",False,,,Тоҷикӣ / Форсӣ,,
tj_m_qutbi_685,685,male,Мужской,Писарона,Қ,Қутбӣ,Кутби,Qutbi,ҚУТБӢ,КУТБИ,QUTBI,True,"Қарори Ҳукумати Ҷумҳурии Тоҷикистон аз 26 феврали соли 2026, №98",False,,,Тоҷикӣ / Форсӣ,,
tj_m_latif_686,686,male,Мужской,Писарона,Л,Латиф,Латиф,Latif,ЛАТИФ,ЛАТИФ,LATIF,True,"Қарори Ҳукумати Ҷумҳурии Тоҷикистон аз 26 феврали соли 2026, №98",False,,,Тоҷикӣ / Форсӣ,,
tj_m_lashkar_687,687,male,Мужской,Писарона,Л,Лашкар,Лашкар,Lashkar,ЛАШКАР,ЛАШКАР,LASHKAR,True,"Қарори Ҳукумати Ҷумҳурии Тоҷикистон аз 26 феврали соли 2026, №98",False,,,Тоҷикӣ / Форсӣ,,
tj_m_loiq_688,688,male,Мужской,Писарона,Л,Лоиқ,Лоик,Loiq,ЛОИҚ,ЛОИК,LOIQ,True,"Қарори Ҳукумати Ҷумҳурии Тоҷикистон аз 26 феврали соли 2026, №98",False,,,Тоҷикӣ / Форсӣ,,
tj_m_lohuti_689,689,male,Мужской,Писарона,Л,Лоҳутӣ,Лохути,Lohuti,ЛОҲУТӢ,ЛОХУТИ,LOHUTI,True,"Қарори Ҳукумати Ҷумҳурии Тоҷикистон аз 26 феврали соли 2026, №98",False,,,Тоҷикӣ / Форсӣ,,
tj_m_lohutshoh_690,690,male,Мужской,Писарона,Л,Лоҳутшоҳ,Лохутшох,Lohutshoh,ЛОҲУТШОҲ,ЛОХУТШОХ,LOHUTSHOH,True,"Қарори Ҳукумати Ҷумҳурии Тоҷикистон аз 26 феврали соли 2026, №98",False,,,Тоҷикӣ / Форсӣ,,
tj_m_luqmon_691,691,male,Мужской,Писарона,Л,Луқмон,Лукмон,Luqmon,ЛУҚМОН,ЛУКМОН,LUQMON,True,"Қарори Ҳукумати Ҷумҳурии Тоҷикистон аз 26 феврали соли 2026, №98",True,luqman,Мудрый (коранический мудрец),Арабское,мудрый; наставляющий; благочестивый; терпеливый; проницательный,"Лукман (لقمان) — мудрец, которому посвящена сура № 31 Корана. Он не пророк, но богобоязненный мудрец, которому Аллах даровал мудрость (хикма): «Мы даровали Лукману мудрость» (12:31). Коранические наставления Лукмана своему сыну — один из величайших педагогических текстов в исламе: «Не придавай Аллаху сотоварищей», «Будь скромен в поступи своей», «Говори умеренно». В исламской традиции отождествляется с библейским Вааламом или эзоповским мудрецом."
tj_m_lutfali_692,692,male,Мужской,Писарона,Л,Лутфалӣ,Лутфали,Lutfali,ЛУТФАЛӢ,ЛУТФАЛИ,LUTFALI,True,"Қарори Ҳукумати Ҷумҳурии Тоҷикистон аз 26 феврали соли 2026, №98",False,,,Тоҷикӣ / Форсӣ,,
tj_m_lutfiddin_693,693,male,Мужской,Писарона,Л,Лутфиддин,Лутфиддин,Lutfiddin,ЛУТФИДДИН,ЛУТФИДДИН,LUTFIDDIN,True,"Қарори Ҳукумати Ҷумҳурии Тоҷикистон аз 26 феврали соли 2026, №98",False,,,Тоҷикӣ / Форсӣ,,
tj_m_lutfishoh_694,694,male,Мужской,Писарона,Л,Лутфишоҳ,Лутфишох,Lutfishoh,ЛУТФИШОҲ,ЛУТФИШОХ,LUTFISHOH,True,"Қарори Ҳукумати Ҷумҳурии Тоҷикистон аз 26 феврали соли 2026, №98",False,,,Тоҷикӣ / Форсӣ,,
tj_m_lutfullo_695,695,male,Мужской,Писарона,Л,Лутфулло,Лутфулло,Lutfullo,ЛУТФУЛЛО,ЛУТФУЛЛО,LUTFULLO,True,"Қарори Ҳукумати Ҷумҳурии Тоҷикистон аз 26 феврали соли 2026, №98",False,,,Тоҷикӣ / Форсӣ,,
tj_m_luhrosp_696,696,male,Мужской,Писарона,Л,Луҳросп,Лухросп,Luhrosp,ЛУҲРОСП,ЛУХРОСП,LUHROSP,True,"Қарори Ҳукумати Ҷумҳурии Тоҷикистон аз 26 феврали соли 2026, №98",False,,,Тоҷикӣ / Форсӣ,,
tj_m_mehan_697,697,male,Мужской,Писарона,М,Мeҳан,Мeхан,Mehan,МEҲАН,МEХАН,MEHAN,True,"Қарори Ҳукумати Ҷумҳурии Тоҷикистон аз 26 феврали соли 2026, №98",False,,,Тоҷикӣ / Форсӣ,,
tj_m_mehzod_698,698,male,Мужской,Писарона,М,Мeҳзод,Мeхзод,Mehzod,МEҲЗОД,МEХЗОД,MEHZOD,True,"Қарори Ҳукумати Ҷумҳурии Тоҷикистон аз 26 феврали соли 2026, №98",False,,,Тоҷикӣ / Форсӣ,,
tj_m_madad_699,699,male,Мужской,Писарона,М,Мадад,Мадад,Madad,МАДАД,МАДАД,MADAD,True,"Қарори Ҳукумати Ҷумҳурии Тоҷикистон аз 26 феврали соли 2026, №98",False,,,Тоҷикӣ / Форсӣ,,
tj_m_madiso_700,700,male,Мужской,Писарона,М,Мадисо,Мадисо,Madiso,МАДИСО,МАДИСО,MADISO,True,"Қарори Ҳукумати Ҷумҳурии Тоҷикистон аз 26 феврали соли 2026, №98",False,,,Тоҷикӣ / Форсӣ,,
tj_m_mazdak_701,701,male,Мужской,Писарона,М,Маздак,Маздак,Mazdak,МАЗДАК,МАЗДАК,MAZDAK,True,"Қарори Ҳукумати Ҷумҳурии Тоҷикистон аз 26 феврали соли 2026, №98",False,,,Тоҷикӣ / Форсӣ,,
tj_m_mazdis_702,702,male,Мужской,Писарона,М,Маздис,Маздис,Mazdis,МАЗДИС,МАЗДИС,MAZDIS,True,"Қарори Ҳукумати Ҷумҳурии Тоҷикистон аз 26 феврали соли 2026, №98",False,,,Тоҷикӣ / Форсӣ,,
tj_m_mazdo_703,703,male,Мужской,Писарона,М,Маздо,Маздо,Mazdo,МАЗДО,МАЗДО,MAZDO,True,"Қарори Ҳукумати Ҷумҳурии Тоҷикистон аз 26 феврали соли 2026, №98",False,,,Тоҷикӣ / Форсӣ,,
tj_m_mazharshoh_704,704,male,Мужской,Писарона,М,Мазҳаршоҳ,Мазхаршох,Mazharshoh,МАЗҲАРШОҲ,МАЗХАРШОХ,MAZHARSHOH,True,"Қарори Ҳукумати Ҷумҳурии Тоҷикистон аз 26 феврали соли 2026, №98",False,,,Тоҷикӣ / Форсӣ,,
tj_m_maqbul_705,705,male,Мужской,Писарона,М,Мақбул,Макбул,Maqbul,МАҚБУЛ,МАКБУЛ,MAQBUL,True,"Қарори Ҳукумати Ҷумҳурии Тоҷикистон аз 26 феврали соли 2026, №98",True,maqbul,"Принятый Аллахом, одобренный, желанный. Корень قَبِلَ (кабила) — принимать, одобрять. مَقْبُول — «тот, чьи деяния приняты»",Арабское,принятый; одобренный; богоугодный; любимый; достойный,"Арабское مَقْبُول (макбул) — «принятый, одобренный». В исламской традиции высшая цель поклонения — «таккаббаль Аллах» (да примет Аллах). В Коране (2:127) Ибрахим и Исмаил молятся: «رَبَّنَا تَقَبَّلْ مِنَّا» — «Господи, прими от нас». Слова «таккаббаль Аллаху минна ва минкум» (да примет Аллах от нас и от вас) — традиционное приветствие в праздник Ид. В хадисе: «Аллах принимает добровольные молитвы, пока Он принимает обязательные» (Бухари). Имя несёт высшее духовное пожелание — быть принятым Богом."
tj_m_maqbulshoh_706,706,male,Мужской,Писарона,М,Мақбулшоҳ,Макбулшох,Maqbulshoh,МАҚБУЛШОҲ,МАКБУЛШОХ,MAQBULSHOH,True,"Қарори Ҳукумати Ҷумҳурии Тоҷикистон аз 26 феврали соли 2026, №98",False,,,Тоҷикӣ / Форсӣ,,
tj_m_maqsad_707,707,male,Мужской,Писарона,М,Мақсад,Максад,Maqsad,МАҚСАД,МАКСАД,MAQSAD,True,"Қарори Ҳукумати Ҷумҳурии Тоҷикистон аз 26 феврали соли 2026, №98",False,,,Тоҷикӣ / Форсӣ,,
tj_m_maqsud_708,708,male,Мужской,Писарона,М,Мақсуд,Максуд,Maqsud,МАҚСУД,МАКСУД,MAQSUD,True,"Қарори Ҳукумати Ҷумҳурии Тоҷикистон аз 26 феврали соли 2026, №98",False,,,Тоҷикӣ / Форсӣ,,
tj_m_malik_709,709,male,Мужской,Писарона,М,Малик,Малик,Malik,МАЛИК,МАЛИК,MALIK,True,"Қарори Ҳукумати Ҷумҳурии Тоҷикистон аз 26 феврали соли 2026, №98",True,malik,"Царь, владелец, обладатель",Арабское,царственный; лидер; благородный; уверенный; могущественный,"Аль-Малик (المَلِك) — «Царь» — одно из прекрасных имён Аллаха, открывающее суру Аль-Хашр (59:23). Малик ибн Анас (711–795) — основатель маликитского мазхаба (правовой школы), один из четырёх великих имамов ислама; его «Аль-Муватта» — одна из древнейших книг хадисов. Малькольм Икс (1925–1965) принял мусульманское имя Малик аш-Шабазз после паломничества в Мекку, ставшего для него духовным преображением."
tj_m_manzarshoh_710,710,male,Мужской,Писарона,М,Манзаршоҳ,Манзаршох,Manzarshoh,МАНЗАРШОҲ,МАНЗАРШОХ,MANZARSHOH,True,"Қарори Ҳукумати Ҷумҳурии Тоҷикистон аз 26 феврали соли 2026, №98",False,,,Тоҷикӣ / Форсӣ,,
tj_m_mansur_711,711,male,Мужской,Писарона,М,Мансур,Мансур,Mansur,МАНСУР,МАНСУР,MANSUR,True,"Қарори Ҳукумати Ҷумҳурии Тоҷикистон аз 26 феврали соли 2026, №98",True,mansur,"Победоносный, поддержанный Аллахом",Арабское,победоносный; поддержанный; стойкий; уверенный; целеустремлённый,"От арабского نَصَرَ (насара) — «помогать, давать победу»: مَنْصُور (мансур) — «тот, кому дана победа». Абу Джафар аль-Мансур (714–775) — второй Аббасидский халиф, основатель Багдада (762 г.) — «Города Мира», ставшего интеллектуальным центром мира. Аль-Халладж Мансур (858–922) — суфийский мистик, казнённый за произнесение «Ана"
tj_m_manuchehr_712,712,male,Мужской,Писарона,М,Манучеҳр,Манучехр,Manuchehr,МАНУЧЕҲР,МАНУЧЕХР,MANUCHEHR,True,"Қарори Ҳукумати Ҷумҳурии Тоҷикистон аз 26 феврали соли 2026, №98",False,,,Тоҷикӣ / Форсӣ,,
tj_m_manush_713,713,male,Мужской,Писарона,М,Мануш,Мануш,Manush,МАНУШ,МАНУШ,MANUSH,True,"Қарори Ҳукумати Ҷумҳурии Тоҷикистон аз 26 феврали соли 2026, №98",False,,,Тоҷикӣ / Форсӣ,,
tj_m_manushon_714,714,male,Мужской,Писарона,М,Манушон,Манушон,Manushon,МАНУШОН,МАНУШОН,MANUSHON,True,"Қарори Ҳукумати Ҷумҳурии Тоҷикистон аз 26 феврали соли 2026, №98",False,,,Тоҷикӣ / Форсӣ,,
tj_m_mardon_715,715,male,Мужской,Писарона,М,Мардон,Мардон,Mardon,МАРДОН,МАРДОН,MARDON,True,"Қарори Ҳукумати Ҷумҳурии Тоҷикистон аз 26 феврали соли 2026, №98",False,,,Тоҷикӣ / Форсӣ,,
tj_m_mardos_716,716,male,Мужской,Писарона,М,Мардос,Мардос,Mardos,МАРДОС,МАРДОС,MARDOS,True,"Қарори Ҳукумати Ҷумҳурии Тоҷикистон аз 26 феврали соли 2026, №98",False,,,Тоҷикӣ / Форсӣ,,
tj_m_marzbon_717,717,male,Мужской,Писарона,М,Марзбон,Марзбон,Marzbon,МАРЗБОН,МАРЗБОН,MARZBON,True,"Қарори Ҳукумати Ҷумҳурии Тоҷикистон аз 26 феврали соли 2026, №98",False,,,Тоҷикӣ / Форсӣ,,
tj_m_marzishoh_718,718,male,Мужской,Писарона,М,Марзишоҳ,Марзишох,Marzishoh,МАРЗИШОҲ,МАРЗИШОХ,MARZISHOH,True,"Қарори Ҳукумати Ҷумҳурии Тоҷикистон аз 26 феврали соли 2026, №98",False,,,Тоҷикӣ / Форсӣ,,
tj_m_marovizh_719,719,male,Мужской,Писарона,М,Маровиж,Маровиж,Marovizh,МАРОВИЖ,МАРОВИЖ,MAROVIZH,True,"Қарори Ҳукумати Ҷумҳурии Тоҷикистон аз 26 феврали соли 2026, №98",False,,,Тоҷикӣ / Форсӣ,,
tj_m_masit_720,720,male,Мужской,Писарона,М,Масит,Масит,Masit,МАСИТ,МАСИТ,MASIT,True,"Қарори Ҳукумати Ҷумҳурии Тоҷикистон аз 26 феврали соли 2026, №98",False,,,Тоҷикӣ / Форсӣ,,
tj_m_masrur_721,721,male,Мужской,Писарона,М,Масрур,Масрур,Masrur,МАСРУР,МАСРУР,MASRUR,True,"Қарори Ҳукумати Ҷумҳурии Тоҷикистон аз 26 феврали соли 2026, №98",True,masrur,"Радостный, счастливый, наполненный радостью. Корень سَرَّ (сарра) — радовать, приносить счастье. مَسْرُور — страдательное причастие: «тот, кому дана радость»",Арабское,радостный; счастливый; весёлый; жизнерадостный; светлый,"Арабское مَسْرُور (масрур) — «радостный, счастливый». В Коране (84:9) о праведниках: «وَيَنقَلِبُ إِلَى أَهْلِهِ مَسْرُورًا» — «и он вернётся к своей семье, радуясь». «Сурур» (радость) в исламской традиции — признак благодати и принятия: «Мусульманин, который встречает своего брата с радостным лицом, получает награду» (Тирмизи). Масрур — историческое имя в Аббасидском халифате: Масрур — знаменитый слуга Харун ар-Рашида, упоминаемый в «Тысяче и одной ночи»."
tj_m_mastonshoh_722,722,male,Мужской,Писарона,М,Мастоншоҳ,Мастоншох,Mastonshoh,МАСТОНШОҲ,МАСТОНШОХ,MASTONSHOH,True,"Қарори Ҳукумати Ҷумҳурии Тоҷикистон аз 26 феврали соли 2026, №98",False,,,Тоҷикӣ / Форсӣ,,
tj_m_masud_723,723,male,Мужской,Писарона,М,Масъуд,Масъуд,Mas’ud,МАСЪУД,МАСЪУД,MAS’UD,True,"Қарори Ҳукумати Ҷумҳурии Тоҷикистон аз 26 феврали соли 2026, №98",True,masud,"Счастливый, благополучный, удачливый",Арабское,счастливый; удачливый; благополучный; оптимистичный; добрый,"От арабского سَعَدَ (саада) — «быть счастливым»: مَسْعُود (масуд) — «тот, кому дано счастье». Абдулла ибн Масуд (ум. 653) — один из ближайших сподвижников Пророка, первый публично прочитавший Коран в Мекке, несмотря на угрозы. Пророк сказал: «Кто хочет читать Коран так, как он был ниспослан, пусть читает его так, как читает Ибн Умм Абд (ибн Масуд)». Масуд Газневи (971–1030) — султан Газневидов, известный своими военными походами и покровительством поэту Фирдоуси."
tj_m_matin_724,724,male,Мужской,Писарона,М,Матин,Матин,Matin,МАТИН,МАТИН,MATIN,True,"Қарори Ҳукумати Ҷумҳурии Тоҷикистон аз 26 феврали соли 2026, №98",False,,,Тоҷикӣ / Форсӣ,,
tj_m_matrob_725,725,male,Мужской,Писарона,М,Матроб,Матроб,Matrob,МАТРОБ,МАТРОБ,MATROB,True,"Қарори Ҳукумати Ҷумҳурии Тоҷикистон аз 26 феврали соли 2026, №98",False,,,Тоҷикӣ / Форсӣ,,
tj_m_mahbon_726,726,male,Мужской,Писарона,М,Маҳбон,Махбон,Mahbon,МАҲБОН,МАХБОН,MAHBON,True,"Қарори Ҳукумати Ҷумҳурии Тоҷикистон аз 26 феврали соли 2026, №98",False,,,Тоҷикӣ / Форсӣ,,
tj_m_mahvand_727,727,male,Мужской,Писарона,М,Маҳванд,Махванд,Mahvand,МАҲВАНД,МАХВАНД,MAHVAND,True,"Қарори Ҳукумати Ҷумҳурии Тоҷикистон аз 26 феврали соли 2026, №98",False,,,Тоҷикӣ / Форсӣ,,
tj_m_mahdod_728,728,male,Мужской,Писарона,М,Маҳдод,Махдод,Mahdod,МАҲДОД,МАХДОД,MAHDOD,True,"Қарори Ҳукумати Ҷумҳурии Тоҷикистон аз 26 феврали соли 2026, №98",False,,,Тоҷикӣ / Форсӣ,,
tj_m_mahdor_729,729,male,Мужской,Писарона,М,Маҳдор,Махдор,Mahdor,МАҲДОР,МАХДОР,MAHDOR,True,"Қарори Ҳукумати Ҷумҳурии Тоҷикистон аз 26 феврали соли 2026, №98",False,,,Тоҷикӣ / Форсӣ,,
tj_m_mahyo_730,730,male,Мужской,Писарона,М,Маҳё,Махё,Mahyo,МАҲЁ,МАХЁ,MAHYO,True,"Қарори Ҳукумати Ҷумҳурии Тоҷикистон аз 26 феврали соли 2026, №98",False,,,Тоҷикӣ / Форсӣ,,
tj_m_mahyod_731,731,male,Мужской,Писарона,М,Маҳёд,Махёд,Mahyod,МАҲЁД,МАХЁД,MAHYOD,True,"Қарори Ҳукумати Ҷумҳурии Тоҷикистон аз 26 феврали соли 2026, №98",False,,,Тоҷикӣ / Форсӣ,,
tj_m_mahyor_732,732,male,Мужской,Писарона,М,Маҳёр,Махёр,Mahyor,МАҲЁР,МАХЁР,MAHYOR,True,"Қарори Ҳукумати Ҷумҳурии Тоҷикистон аз 26 феврали соли 2026, №98",False,,,Тоҷикӣ / Форсӣ,,
tj_m_mahzar_733,733,male,Мужской,Писарона,М,Маҳзар,Махзар,Mahzar,МАҲЗАР,МАХЗАР,MAHZAR,True,"Қарори Ҳукумати Ҷумҳурии Тоҷикистон аз 26 феврали соли 2026, №98",False,,,Тоҷикӣ / Форсӣ,,
tj_m_mahzod_734,734,male,Мужской,Писарона,М,Маҳзод,Махзод,Mahzod,МАҲЗОД,МАХЗОД,MAHZOD,True,"Қарори Ҳукумати Ҷумҳурии Тоҷикистон аз 26 феврали соли 2026, №98",False,,,Тоҷикӣ / Форсӣ,,
tj_m_mahmud_735,735,male,Мужской,Писарона,М,Маҳмуд,Махмуд,Mahmud,МАҲМУД,МАХМУД,MAHMUD,True,"Қарори Ҳукумати Ҷумҳурии Тоҷикистон аз 26 феврали соли 2026, №98",True,mahmud,"Восхваляемый, тот, кем восхищаются",Арабское,достойный; величественный; справедливый; храбрый; мудрый,"От арабского محمود (Maḥmūd) — пассивная форма глагола «хвалить», означающая «тот, кого хвалят, восхваляемый». Аль-Макам аль-Махмуд («Восхваляемое место») упоминается в Коране (17:79) как высокое положение, обещанное Пророку. Махмуд Газневи (971–1030) — один из величайших правителей средневековья, покровитель поэтов Фирдоуси и Аль-Бируни."
tj_m_mahnom_736,736,male,Мужской,Писарона,М,Маҳном,Махном,Mahnom,МАҲНОМ,МАХНОМ,MAHNOM,True,"Қарори Ҳукумати Ҷумҳурии Тоҷикистон аз 26 феврали соли 2026, №98",False,,,Тоҷикӣ / Форсӣ,,
tj_m_mahon_737,737,male,Мужской,Писарона,М,Маҳон,Махон,Mahon,МАҲОН,МАХОН,MAHON,True,"Қарори Ҳукумати Ҷумҳурии Тоҷикистон аз 26 феврали соли 2026, №98",False,,,Тоҷикӣ / Форсӣ,,
tj_m_mahfuz_738,738,male,Мужской,Писарона,М,Маҳфуз,Махфуз,Mahfuz,МАҲФУЗ,МАХФУЗ,MAHFUZ,True,"Қарори Ҳукумати Ҷумҳурии Тоҷикистон аз 26 феврали соли 2026, №98",True,mahfuz,"Сохранённый, охраняемый (Аллахом)",Арабское,защищённый; сохранённый; безопасный; благополучный; памятливый,"Арабское مَحْفُوظ (махфуз) — «сохранённый, охраняемый». В Коране (85:22): «Это — Коран Преславный, в Хранимой Скрижали» (فِي لَوْحٍ مَحْفُوظٍ). «Аль-Лавх аль-Махфуз» — изначальная запись всего творения у Аллаха. Нагиб Махфуз (1911–2006) — египетский писатель, Нобелевский лауреат 1988 г. Имя несёт смысл Божественной защиты и неизменности."
tj_m_mahshed_739,739,male,Мужской,Писарона,М,Маҳшед,Махшед,Mahshed,МАҲШЕД,МАХШЕД,MAHSHED,True,"Қарори Ҳукумати Ҷумҳурии Тоҷикистон аз 26 феврали соли 2026, №98",False,,,Тоҷикӣ / Форсӣ,,
tj_m_mahshod_740,740,male,Мужской,Писарона,М,Маҳшод,Махшод,Mahshod,МАҲШОД,МАХШОД,MAHSHOD,True,"Қарори Ҳукумати Ҷумҳурии Тоҷикистон аз 26 феврали соли 2026, №98",False,,,Тоҷикӣ / Форсӣ,,
tj_m_majid_741,741,male,Мужской,Писарона,М,Маҷид,Маджид,Majid,МАҶИД,МАДЖИД,MAJID,True,"Қарори Ҳукумати Ҷумҳурии Тоҷикистон аз 26 феврали соли 2026, №98",True,majid,"Великолепный, славный, почтенный",Арабское,великолепный; славный; достойный; уважаемый; превосходный,"Аль-Маджид (المَجِيد) — одно из прекрасных имён Аллаха, встречается в Коране в суре Аль-Бурудж (85:15) и в дуа ибрахимийя: «...Инака Хамидун Маджид» (Воистину, Ты — Достохвальный, Великолепный). Ахмад ибн Маджид аль-Неджди (ок. 1432 — ок. 1500) — выдающийся арабский мореход и картограф, прозванный «Львом моря»; он провёл Васко да Гаму из Восточной Африки в Индию в 1498 году."
tj_m_majnun_742,742,male,Мужской,Писарона,М,Маҷнун,Маджнун,Majnun,МАҶНУН,МАДЖНУН,MAJNUN,True,"Қарори Ҳукумати Ҷумҳурии Тоҷикистон аз 26 феврали соли 2026, №98",False,,,Тоҷикӣ / Форсӣ,,
tj_m_mashrab_743,743,male,Мужской,Писарона,М,Машраб,Машраб,Mashrab,МАШРАБ,МАШРАБ,MASHRAB,True,"Қарори Ҳукумати Ҷумҳурии Тоҷикистон аз 26 феврали соли 2026, №98",False,,,Тоҷикӣ / Форсӣ,,
tj_m_mashhur_744,744,male,Мужской,Писарона,М,Машҳур,Машхур,Mashhur,МАШҲУР,МАШХУР,MASHHUR,True,"Қарори Ҳукумати Ҷумҳурии Тоҷикистон аз 26 феврали соли 2026, №98",True,mashhur,"Известный, знаменитый, прославленный",Арабское,известный; прославленный; влиятельный; узнаваемый; значимый,"Арабское مَشْهُور (машхур) — «известный, прославленный». «Истишхар» (приобретение известности) в исламской этике — дозволено, если ради добра, но порицается тщеславие. В хадисоведении «хадис машхур» — третья степень достоверности: хадис, передаваемый тремя+ цепочками. Кади Айяд писал о «машхур»-хадисах как основе фикха. Машхур ибн Хасан Аль-Салман — современный иорданский учёный-хадисовед."
tj_m_mamun_745,745,male,Мужской,Писарона,М,Маъмун,Маъмун,Ma’mun,МАЪМУН,МАЪМУН,MA’MUN,True,"Қарори Ҳукумати Ҷумҳурии Тоҷикистон аз 26 феврали соли 2026, №98",False,,,Тоҷикӣ / Форсӣ,,
tj_m_mamur_746,746,male,Мужской,Писарона,М,Маъмур,Маъмур,Ma’mur,МАЪМУР,МАЪМУР,MA’MUR,True,"Қарори Ҳукумати Ҷумҳурии Тоҷикистон аз 26 феврали соли 2026, №98",False,,,Тоҷикӣ / Форсӣ,,
tj_m_maruf_747,747,male,Мужской,Писарона,М,Маъруф,Маъруф,Ma’ruf,МАЪРУФ,МАЪРУФ,MA’RUF,True,"Қарори Ҳукумати Ҷумҳурии Тоҷикистон аз 26 феврали соли 2026, №98",True,maruf,"Известный, признанный, добро, одобряемое",Арабское,добродетельный; уважаемый; известный; добрый; признанный,"Арабское مَعْرُوف (маруф) — «известное, признанное, добро» — одно из ключевых понятий исламской этики. «Амр биль-маруф ва нахй "
tj_m_mehantoj_748,748,male,Мужской,Писарона,М,Меҳантоҷ,Механтодж,Mehantoj,МЕҲАНТОҶ,МЕХАНТОДЖ,MEHANTOJ,True,"Қарори Ҳукумати Ҷумҳурии Тоҷикистон аз 26 феврали соли 2026, №98",False,,,Тоҷикӣ / Форсӣ,,
tj_m_mhbud_749,749,male,Мужской,Писарона,М,Меҳбуд,Мехбуд,Mеhbud,МЕҲБУД,МЕХБУД,MЕHBUD,True,"Қарори Ҳукумати Ҷумҳурии Тоҷикистон аз 26 феврали соли 2026, №98",False,,,Тоҷикӣ / Форсӣ,,
tj_m_mehvar_750,750,male,Мужской,Писарона,М,Меҳвар,Мехвар,Mehvar,МЕҲВАР,МЕХВАР,MEHVAR,True,"Қарори Ҳукумати Ҷумҳурии Тоҷикистон аз 26 феврали соли 2026, №98",False,,,Тоҷикӣ / Форсӣ,,
tj_m_mhdod_751,751,male,Мужской,Писарона,М,Меҳдод,Мехдод,Mеhdod,МЕҲДОД,МЕХДОД,MЕHDOD,True,"Қарори Ҳукумати Ҷумҳурии Тоҷикистон аз 26 феврали соли 2026, №98",False,,,Тоҷикӣ / Форсӣ,,
tj_m_mehyor_752,752,male,Мужской,Писарона,М,Меҳёр,Мехёр,Mehyor,МЕҲЁР,МЕХЁР,MEHYOR,True,"Қарори Ҳукумати Ҷумҳурии Тоҷикистон аз 26 феврали соли 2026, №98",False,,,Тоҷикӣ / Форсӣ,,
tj_m_mehmon_753,753,male,Мужской,Писарона,М,Меҳмон,Мехмон,Mehmon,МЕҲМОН,МЕХМОН,MEHMON,True,"Қарори Ҳукумати Ҷумҳурии Тоҷикистон аз 26 феврали соли 2026, №98",False,,,Тоҷикӣ / Форсӣ,,
tj_m_mehofarin_754,754,male,Мужской,Писарона,М,Меҳофарин,Мехофарин,Mehofarin,МЕҲОФАРИН,МЕХОФАРИН,MEHOFARIN,True,"Қарори Ҳукумати Ҷумҳурии Тоҷикистон аз 26 феврали соли 2026, №98",False,,,Тоҷикӣ / Форсӣ,,
tj_m_mehrak_755,755,male,Мужской,Писарона,М,Меҳрак,Мехрак,Mehrak,МЕҲРАК,МЕХРАК,MEHRAK,True,"Қарори Ҳукумати Ҷумҳурии Тоҷикистон аз 26 феврали соли 2026, №98",False,,,Тоҷикӣ / Форсӣ,,
tj_m_mehrafzo_756,756,male,Мужской,Писарона,М,Меҳрафзо,Мехрафзо,Mehrafzo,МЕҲРАФЗО,МЕХРАФЗО,MEHRAFZO,True,"Қарори Ҳукумати Ҷумҳурии Тоҷикистон аз 26 феврали соли 2026, №98",False,,,Тоҷикӣ / Форсӣ,,
tj_m_mehrafzun_757,757,male,Мужской,Писарона,М,Меҳрафзун,Мехрафзун,Mehrafzun,МЕҲРАФЗУН,МЕХРАФЗУН,MEHRAFZUN,True,"Қарори Ҳукумати Ҷумҳурии Тоҷикистон аз 26 феврали соли 2026, №98",False,,,Тоҷикӣ / Форсӣ,,
tj_m_mehrafkan_758,758,male,Мужской,Писарона,М,Меҳрафкан,Мехрафкан,Mehrafkan,МЕҲРАФКАН,МЕХРАФКАН,MEHRAFKAN,True,"Қарори Ҳукумати Ҷумҳурии Тоҷикистон аз 26 феврали соли 2026, №98",False,,,Тоҷикӣ / Форсӣ,,
tj_m_mehrafruz_759,759,male,Мужской,Писарона,М,Меҳрафрӯз,Мехрафруз,Mehrafruz,МЕҲРАФРӮЗ,МЕХРАФРУЗ,MEHRAFRUZ,True,"Қарори Ҳукумати Ҷумҳурии Тоҷикистон аз 26 феврали соли 2026, №98",False,,,Тоҷикӣ / Форсӣ,,
tj_m_mehrafshon_760,760,male,Мужской,Писарона,М,Меҳрафшон,Мехрафшон,Mehrafshon,МЕҲРАФШОН,МЕХРАФШОН,MEHRAFSHON,True,"Қарори Ҳукумати Ҷумҳурии Тоҷикистон аз 26 феврали соли 2026, №98",False,,,Тоҷикӣ / Форсӣ,,
tj_m_mehrbakhsh_761,761,male,Мужской,Писарона,М,Меҳрбахш,Мехрбахш,Mehrbakhsh,МЕҲРБАХШ,МЕХРБАХШ,MEHRBAKHSH,True,"Қарори Ҳукумати Ҷумҳурии Тоҷикистон аз 26 феврали соли 2026, №98",False,,,Тоҷикӣ / Форсӣ,,
tj_m_mehrvarz_762,762,male,Мужской,Писарона,М,Меҳрварз,Мехрварз,Mehrvarz,МЕҲРВАРЗ,МЕХРВАРЗ,MEHRVARZ,True,"Қарори Ҳукумати Ҷумҳурии Тоҷикистон аз 26 феврали соли 2026, №98",False,,,Тоҷикӣ / Форсӣ,,
tj_m_mehrgon_763,763,male,Мужской,Писарона,М,Меҳргон,Мехргон,Mehrgon,МЕҲРГОН,МЕХРГОН,MEHRGON,True,"Қарори Ҳукумати Ҷумҳурии Тоҷикистон аз 26 феврали соли 2026, №98",False,,,Тоҷикӣ / Форсӣ,,
tj_m_mehrdod_764,764,male,Мужской,Писарона,М,Меҳрдод,Мехрдод,Mehrdod,МЕҲРДОД,МЕХРДОД,MEHRDOD,True,"Қарори Ҳукумати Ҷумҳурии Тоҷикистон аз 26 феврали соли 2026, №98",False,,,Тоҷикӣ / Форсӣ,,
tj_m_mehrdust_765,765,male,Мужской,Писарона,М,Меҳрдӯст,Мехрдуст,Mehrdust,МЕҲРДӮСТ,МЕХРДУСТ,MEHRDUST,True,"Қарори Ҳукумати Ҷумҳурии Тоҷикистон аз 26 феврали соли 2026, №98",False,,,Тоҷикӣ / Форсӣ,,
tj_m_mehryod_766,766,male,Мужской,Писарона,М,Меҳрёд,Мехрёд,Mehryod,МЕҲРЁД,МЕХРЁД,MEHRYOD,True,"Қарори Ҳукумати Ҷумҳурии Тоҷикистон аз 26 феврали соли 2026, №98",False,,,Тоҷикӣ / Форсӣ,,
tj_m_mehryor_767,767,male,Мужской,Писарона,М,Меҳрёр,Мехрёр,Mehryor,МЕҲРЁР,МЕХРЁР,MEHRYOR,True,"Қарори Ҳукумати Ҷумҳурии Тоҷикистон аз 26 феврали соли 2026, №98",False,,,Тоҷикӣ / Форсӣ,,
tj_m_mehrzod_768,768,male,Мужской,Писарона,М,Меҳрзод,Мехрзод,Mehrzod,МЕҲРЗОД,МЕХРЗОД,MEHRZOD,True,"Қарори Ҳукумати Ҷумҳурии Тоҷикистон аз 26 феврали соли 2026, №98",False,,,Тоҷикӣ / Форсӣ,,
tj_m_mehriddin_769,769,male,Мужской,Писарона,М,Меҳриддин,Мехриддин,Mehriddin,МЕҲРИДДИН,МЕХРИДДИН,MEHRIDDIN,True,"Қарори Ҳукумати Ҷумҳурии Тоҷикистон аз 26 феврали соли 2026, №98",False,,,Тоҷикӣ / Форсӣ,,
tj_m_mehrin_770,770,male,Мужской,Писарона,М,Меҳрин,Мехрин,Mehrin,МЕҲРИН,МЕХРИН,MEHRIN,True,"Қарори Ҳукумати Ҷумҳурии Тоҷикистон аз 26 феврали соли 2026, №98",False,,,Тоҷикӣ / Форсӣ,,
tj_m_mehrmas_771,771,male,Мужской,Писарона,М,Меҳрмас,Мехрмас,Mehrmas,МЕҲРМАС,МЕХРМАС,MEHRMAS,True,"Қарори Ҳукумати Ҷумҳурии Тоҷикистон аз 26 феврали соли 2026, №98",False,,,Тоҷикӣ / Форсӣ,,
tj_m_mehrniyo_772,772,male,Мужской,Писарона,М,Меҳрниё,Мехрниё,Mehrniyo,МЕҲРНИЁ,МЕХРНИЁ,MEHRNIYO,True,"Қарори Ҳукумати Ҷумҳурии Тоҷикистон аз 26 феврали соли 2026, №98",False,,,Тоҷикӣ / Форсӣ,,
tj_m_mehrnush_773,773,male,Мужской,Писарона,М,Меҳрнуш,Мехрнуш,Mehrnush,МЕҲРНУШ,МЕХРНУШ,MEHRNUSH,True,"Қарори Ҳукумати Ҷумҳурии Тоҷикистон аз 26 феврали соли 2026, №98",False,,,Тоҷикӣ / Форсӣ,,
tj_m_mehrob_774,774,male,Мужской,Писарона,М,Меҳроб,Мехроб,Mehrob,МЕҲРОБ,МЕХРОБ,MEHROB,True,"Қарори Ҳукумати Ҷумҳурии Тоҷикистон аз 26 феврали соли 2026, №98",True,mihrab,"Молитвенная ниша, святилище, место усердного поклонения. Корень حَرَبَ (хариба) — сражаться. مِحْرَاب — первоначально «место сражения» (с нафсом), затем «святилище молитвы»",Арабское,духовный; сосредоточенный; молитвенный; священный; благочестивый,"Арабское مِحْرَاب (михраб) — «молитвенная ниша в мечети». В Коране (3:37): «كُلَّمَا دَخَلَ عَلَيْهَا زَكَرِيَّا الْمِحْرَابَ» — «всякий раз, когда Закария входил к Марьям в михраб». Михраб в Коране — место уединённой молитвы Марьям (Девы Марии) и Закарии. Архитектурный михраб — ниша в стене мечети, указывающая направление киблы, — является сердцем исламской сакральной архитектуры. Великий имам Малик (711–795) называл молитву в михрабе «диалогом с Аллахом лицом к лицу»."
tj_m_mehrovar_775,775,male,Мужской,Писарона,М,Меҳровар,Мехровар,Mehrovar,МЕҲРОВАР,МЕХРОВАР,MEHROVAR,True,"Қарори Ҳукумати Ҷумҳурии Тоҷикистон аз 26 феврали соли 2026, №98",False,,,Тоҷикӣ / Форсӣ,,
tj_m_mehrovon_776,776,male,Мужской,Писарона,М,Меҳровон,Мехровон,Mehrovon,МЕҲРОВОН,МЕХРОВОН,MEHROVON,True,"Қарори Ҳукумати Ҷумҳурии Тоҷикистон аз 26 феврали соли 2026, №98",False,,,Тоҷикӣ / Форсӣ,,
tj_m_mehrozar_777,777,male,Мужской,Писарона,М,Меҳрозар,Мехрозар,Mehrozar,МЕҲРОЗАР,МЕХРОЗАР,MEHROZAR,True,"Қарори Ҳукумати Ҷумҳурии Тоҷикистон аз 26 феврали соли 2026, №98",False,,,Тоҷикӣ / Форсӣ,,
tj_m_mehroyin_778,778,male,Мужской,Писарона,М,Меҳройин,Мехройин,Mehroyin,МЕҲРОЙИН,МЕХРОЙИН,MEHROYIN,True,"Қарори Ҳукумати Ҷумҳурии Тоҷикистон аз 26 феврали соли 2026, №98",False,,,Тоҷикӣ / Форсӣ,,
tj_m_mehronshoh_779,779,male,Мужской,Писарона,М,Меҳроншоҳ,Мехроншох,Mehronshoh,МЕҲРОНШОҲ,МЕХРОНШОХ,MEHRONSHOH,True,"Қарори Ҳукумати Ҷумҳурии Тоҷикистон аз 26 феврали соли 2026, №98",False,,,Тоҷикӣ / Форсӣ,,
tj_m_mehrofar_780,780,male,Мужской,Писарона,М,Меҳрофар,Мехрофар,Mehrofar,МЕҲРОФАР,МЕХРОФАР,MEHROFAR,True,"Қарори Ҳукумати Ҷумҳурии Тоҷикистон аз 26 феврали соли 2026, №98",False,,,Тоҷикӣ / Форсӣ,,
tj_m_mehrofarid_781,781,male,Мужской,Писарона,М,Меҳрофарид,Мехрофарид,Mehrofarid,МЕҲРОФАРИД,МЕХРОФАРИД,MEHROFARID,True,"Қарори Ҳукумати Ҷумҳурии Тоҷикистон аз 26 феврали соли 2026, №98",False,,,Тоҷикӣ / Форсӣ,,
tj_m_mehrparvar_782,782,male,Мужской,Писарона,М,Меҳрпарвар,Мехрпарвар,Mehrparvar,МЕҲРПАРВАР,МЕХРПАРВАР,MEHRPARVAR,True,"Қарори Ҳукумати Ҷумҳурии Тоҷикистон аз 26 феврали соли 2026, №98",False,,,Тоҷикӣ / Форсӣ,,
tj_m_mehrpod_783,783,male,Мужской,Писарона,М,Меҳрпод,Мехрпод,Mehrpod,МЕҲРПОД,МЕХРПОД,MEHRPOD,True,"Қарори Ҳукумати Ҷумҳурии Тоҷикистон аз 26 феврали соли 2026, №98",False,,,Тоҷикӣ / Форсӣ,,
tj_m_mehrpu_784,784,male,Мужской,Писарона,М,Меҳрпу,Мехрпу,Mehrpu,МЕҲРПУ,МЕХРПУ,MEHRPU,True,"Қарори Ҳукумати Ҷумҳурии Тоҷикистон аз 26 феврали соли 2026, №98",False,,,Тоҷикӣ / Форсӣ,,
tj_m_mehrpuyo_785,785,male,Мужской,Писарона,М,Меҳрпуё,Мехрпуё,Mehrpuyo,МЕҲРПУЁ,МЕХРПУЁ,MEHRPUYO,True,"Қарори Ҳукумати Ҷумҳурии Тоҷикистон аз 26 феврали соли 2026, №98",False,,,Тоҷикӣ / Форсӣ,,
tj_m_mehrtoj_786,786,male,Мужской,Писарона,М,Меҳртоҷ,Мехртодж,Mehrtoj,МЕҲРТОҶ,МЕХРТОДЖ,MEHRTOJ,True,"Қарори Ҳукумати Ҷумҳурии Тоҷикистон аз 26 феврали соли 2026, №98",False,,,Тоҷикӣ / Форсӣ,,
tj_m_mehruz_787,787,male,Мужской,Писарона,М,Меҳрӯз,Мехруз,Mehruz,МЕҲРӮЗ,МЕХРУЗ,MEHRUZ,True,"Қарори Ҳукумати Ҷумҳурии Тоҷикистон аз 26 феврали соли 2026, №98",False,,,Тоҷикӣ / Форсӣ,,
tj_m_mehruzon_788,788,male,Мужской,Писарона,М,Меҳрӯзон,Мехрузон,Mehruzon,МЕҲРӮЗОН,МЕХРУЗОН,MEHRUZON,True,"Қарори Ҳукумати Ҷумҳурии Тоҷикистон аз 26 феврали соли 2026, №98",False,,,Тоҷикӣ / Форсӣ,,
tj_m_mehrfuruz_789,789,male,Мужской,Писарона,М,Меҳрфурӯз,Мехрфуруз,Mehrfuruz,МЕҲРФУРӮЗ,МЕХРФУРУЗ,MEHRFURUZ,True,"Қарори Ҳукумати Ҷумҳурии Тоҷикистон аз 26 феврали соли 2026, №98",False,,,Тоҷикӣ / Форсӣ,,
tj_m_mehrju_790,790,male,Мужской,Писарона,М,Меҳрҷу,Мехрджу,Mehrju,МЕҲРҶУ,МЕХРДЖУ,MEHRJU,True,"Қарори Ҳукумати Ҷумҳурии Тоҷикистон аз 26 феврали соли 2026, №98",False,,,Тоҷикӣ / Форсӣ,,
tj_m_mehrshod_791,791,male,Мужской,Писарона,М,Меҳршод,Мехршод,Mehrshod,МЕҲРШОД,МЕХРШОД,MEHRSHOD,True,"Қарори Ҳукумати Ҷумҳурии Тоҷикистон аз 26 феврали соли 2026, №98",False,,,Тоҷикӣ / Форсӣ,,
tj_m_mehtar_792,792,male,Мужской,Писарона,М,Меҳтар,Мехтар,Mehtar,МЕҲТАР,МЕХТАР,MEHTAR,True,"Қарори Ҳукумати Ҷумҳурии Тоҷикистон аз 26 феврали соли 2026, №98",False,,,Тоҷикӣ / Форсӣ,,
tj_m_meroj_793,793,male,Мужской,Писарона,М,Меъроҷ,Меъродж,Me’roj,МЕЪРОҶ,МЕЪРОДЖ,ME’ROJ,True,"Қарори Ҳукумати Ҷумҳурии Тоҷикистон аз 26 феврали соли 2026, №98",False,,,Тоҷикӣ / Форсӣ,,
tj_m_mizrob_794,794,male,Мужской,Писарона,М,Мизроб,Мизроб,Mizrob,МИЗРОБ,МИЗРОБ,MIZROB,True,"Қарори Ҳукумати Ҷумҳурии Тоҷикистон аз 26 феврали соли 2026, №98",False,,,Тоҷикӣ / Форсӣ,,
tj_m_minhoj_795,795,male,Мужской,Писарона,М,Минҳоҷ,Минходж,Minhoj,МИНҲОҶ,МИНХОДЖ,MINHOJ,True,"Қарори Ҳукумати Ҷумҳурии Тоҷикистон аз 26 феврали соли 2026, №98",False,,,Тоҷикӣ / Форсӣ,,
tj_m_mirali_796,796,male,Мужской,Писарона,М,Миралӣ,Мирали,Mirali,МИРАЛӢ,МИРАЛИ,MIRALI,True,"Қарори Ҳукумати Ҷумҳурии Тоҷикистон аз 26 феврали соли 2026, №98",False,,,Тоҷикӣ / Форсӣ,,
tj_m_mirasil_797,797,male,Мужской,Писарона,М,Мирасил,Мирасил,Mirasil,МИРАСИЛ,МИРАСИЛ,MIRASIL,True,"Қарори Ҳукумати Ҷумҳурии Тоҷикистон аз 26 феврали соли 2026, №98",False,,,Тоҷикӣ / Форсӣ,,
tj_m_mirbobo_798,798,male,Мужской,Писарона,М,Мирбобо,Мирбобо,Mirbobo,МИРБОБО,МИРБОБО,MIRBOBO,True,"Қарори Ҳукумати Ҷумҳурии Тоҷикистон аз 26 феврали соли 2026, №98",False,,,Тоҷикӣ / Форсӣ,,
tj_m_mirdust_799,799,male,Мужской,Писарона,М,Мирдӯст,Мирдуст,Mirdust,МИРДӮСТ,МИРДУСТ,MIRDUST,True,"Қарори Ҳукумати Ҷумҳурии Тоҷикистон аз 26 феврали соли 2026, №98",False,,,Тоҷикӣ / Форсӣ,,
tj_m_mirzo_800,800,male,Мужской,Писарона,М,Мирзо,Мирзо,Mirzo,МИРЗО,МИРЗО,MIRZO,True,"Қарори Ҳукумати Ҷумҳурии Тоҷикистон аз 26 феврали соли 2026, №98",False,,,Тоҷикӣ / Форсӣ,,
tj_m_mirzovan_801,801,male,Мужской,Писарона,М,Мирзоватан,Мирзоватан,Mirzovaтаn,МИРЗОВАТАН,МИРЗОВАТАН,MIRZOVAТАN,True,"Қарори Ҳукумати Ҷумҳурии Тоҷикистон аз 26 феврали соли 2026, №98",False,,,Тоҷикӣ / Форсӣ,,
tj_m_mirob_802,802,male,Мужской,Писарона,М,Мироб,Мироб,Mirob,МИРОБ,МИРОБ,MIROB,True,"Қарори Ҳукумати Ҷумҳурии Тоҷикистон аз 26 феврали соли 2026, №98",False,,,Тоҷикӣ / Форсӣ,,
tj_m_mirobshoh_803,803,male,Мужской,Писарона,М,Миробшоҳ,Миробшох,Mirobshoh,МИРОБШОҲ,МИРОБШОХ,MIROBSHOH,True,"Қарори Ҳукумати Ҷумҳурии Тоҷикистон аз 26 феврали соли 2026, №98",False,,,Тоҷикӣ / Форсӣ,,
tj_m_miron_804,804,male,Мужской,Писарона,М,Мирон,Мирон,Miron,МИРОН,МИРОН,MIRON,True,"Қарори Ҳукумати Ҷумҳурии Тоҷикистон аз 26 феврали соли 2026, №98",False,,,Тоҷикӣ / Форсӣ,,
tj_m_mirsaid_805,805,male,Мужской,Писарона,М,Мирсаид,Мирсаид,Mirsaid,МИРСАИД,МИРСАИД,MIRSAID,True,"Қарори Ҳукумати Ҷумҳурии Тоҷикистон аз 26 феврали соли 2026, №98",False,,,Тоҷикӣ / Форсӣ,,
tj_m_mirshod_806,806,male,Мужской,Писарона,М,Миршод,Миршод,Mirshod,МИРШОД,МИРШОД,MIRSHOD,True,"Қарори Ҳукумати Ҷумҳурии Тоҷикистон аз 26 феврали соли 2026, №98",False,,,Тоҷикӣ / Форсӣ,,
tj_m_mirshoh_807,807,male,Мужской,Писарона,М,Миршоҳ,Миршох,Mirshoh,МИРШОҲ,МИРШОХ,MIRSHOH,True,"Қарори Ҳукумати Ҷумҳурии Тоҷикистон аз 26 феврали соли 2026, №98",False,,,Тоҷикӣ / Форсӣ,,
tj_m_movan_808,808,male,Мужской,Писарона,М,Мован,Мован,Movan,МОВАН,МОВАН,MOVAN,True,"Қарори Ҳукумати Ҷумҳурии Тоҷикистон аз 26 феврали соли 2026, №98",False,,,Тоҷикӣ / Форсӣ,,
tj_m_movon_809,809,male,Мужской,Писарона,М,Мовон,Мовон,Movon,МОВОН,МОВОН,MOVON,True,"Қарори Ҳукумати Ҷумҳурии Тоҷикистон аз 26 феврали соли 2026, №98",False,,,Тоҷикӣ / Форсӣ,,
tj_m_molik_810,810,male,Мужской,Писарона,М,Молик,Молик,Molik,МОЛИК,МОЛИК,MOLIK,True,"Қарори Ҳукумати Ҷумҳурии Тоҷикистон аз 26 феврали соли 2026, №98",True,malik,"Царь, владелец, обладатель",Арабское,царственный; лидер; благородный; уверенный; могущественный,"Аль-Малик (المَلِك) — «Царь» — одно из прекрасных имён Аллаха, открывающее суру Аль-Хашр (59:23). Малик ибн Анас (711–795) — основатель маликитского мазхаба (правовой школы), один из четырёх великих имамов ислама; его «Аль-Муватта» — одна из древнейших книг хадисов. Малькольм Икс (1925–1965) принял мусульманское имя Малик аш-Шабазз после паломничества в Мекку, ставшего для него духовным преображением."
tj_m_moni_811,811,male,Мужской,Писарона,М,Монӣ,Мони,Moni,МОНӢ,МОНИ,MONI,True,"Қарори Ҳукумати Ҷумҳурии Тоҷикистон аз 26 феврали соли 2026, №98",False,,,Тоҷикӣ / Форсӣ,,
tj_m_mohdod_812,812,male,Мужской,Писарона,М,Моҳдод,Мохдод,Mohdod,МОҲДОД,МОХДОД,MOHDOD,True,"Қарори Ҳукумати Ҷумҳурии Тоҷикистон аз 26 феврали соли 2026, №98",False,,,Тоҷикӣ / Форсӣ,,
tj_m_mohfar_813,813,male,Мужской,Писарона,М,Моҳфар,Мохфар,Mohfar,МОҲФАР,МОХФАР,MOHFAR,True,"Қарори Ҳукумати Ҷумҳурии Тоҷикистон аз 26 феврали соли 2026, №98",False,,,Тоҷикӣ / Форсӣ,,
tj_m_mohyor_814,814,male,Мужской,Писарона,М,Моҳёр,Мохёр,Mohyor,МОҲЁР,МОХЁР,MOHYOR,True,"Қарори Ҳукумати Ҷумҳурии Тоҷикистон аз 26 феврали соли 2026, №98",False,,,Тоҷикӣ / Форсӣ,,
tj_m_mohir_815,815,male,Мужской,Писарона,М,Моҳир,Мохир,Mohir,МОҲИР,МОХИР,MOHIR,True,"Қарори Ҳукумати Ҷумҳурии Тоҷикистон аз 26 феврали соли 2026, №98",True,maher,"Умелый, искусный, мастер своего дела",Арабское,умелый; искусный; мастеровитый; компетентный; точный,"От арабского مَهَرَ (махара) — «быть искусным, овладевать мастерством». مَاهِر (махир) — «умелый, искусный». Пророк Мухаммад высоко ценил профессионализм: «Аллах любит, когда кто-то из вас выполняет работу качественно» (إن الله يحب إذا عمل أحدكم عملًا أن يتقنه, хадис у аль-Байхаки). Хадис о чтеце Корана: «Искусный в Коране будет с благородными послушными писцами» (Сахих Муслим). Махир Зейн (р. 1981) — популярный исполнитель исламской музыки."
tj_m_mubassir_816,816,male,Мужской,Писарона,М,Мубассир,Мубассир,Mubassir,МУБАССИР,МУБАССИР,MUBASSIR,True,"Қарори Ҳукумати Ҷумҳурии Тоҷикистон аз 26 феврали соли 2026, №98",False,,,Тоҷикӣ / Форсӣ,,
tj_m_mubashshir_817,817,male,Мужской,Писарона,М,Мубашшир,Мубашшир,Mubashshir,МУБАШШИР,МУБАШШИР,MUBASHSHIR,True,"Қарори Ҳукумати Ҷумҳурии Тоҷикистон аз 26 феврали соли 2026, №98",True,mubashir,"Возвещающий радостные вести, благовестник. Корень بَشَرَ (башара) — радовать добрыми вестями. مُبَشِّر — «тот, кто приносит благую весть»",Арабское,радостный; оптимистичный; вдохновляющий; добрый; несущий свет,"Арабское مُبَشِّر (мубашшир) — «благовестник». В Коране (2:119): «إِنَّا أَرْسَلْنَاكَ بِالْحَقِّ بَشِيرًا وَنَذِيرًا» — «Мы отправили тебя с истиной благовестником и предостерегающим». Мубашшир — официальный эпитет Пророка ﷺ наряду с Мунзир (предупреждающий). В хадисе Пророк ﷺ назван «Мубашширом»: «Имена мои Мухаммад, Ахмад, аль-Мубашшир, ан-Назир...» (Бухари). «Мубашшират» — радостные сновидения — малое пророчество для праведников (Муслим)."
tj_m_mubin_818,818,male,Мужской,Писарона,М,Мубин,Мубин,Mubin,МУБИН,МУБИН,MUBIN,True,"Қарори Ҳукумати Ҷумҳурии Тоҷикистон аз 26 феврали соли 2026, №98",True,mubin,"Ясный, очевидный, разъясняющий",Арабское,ясный; честный; прямой; красноречивый; просветляющий,"Арабское مُبِين (мубин) — «ясный, разъясняющий». В Коране Пророк назван «нур мубин» (ясный свет) и «расуль мубин» (ясный посланник). Сам Коран — «китаб мубин» (ясная Книга, 12:1). В риторике «аль-байан аль-мубин» — «ясное красноречие». Сура «Ан-Нуль» начинается «Тильк айят аль-китаб аль-мубин» (Вот аяты ясной Книги). Имя несёт смысл ясности в словах и делах."
tj_m_muborakqadam_819,819,male,Мужской,Писарона,М,Муборакқадам,Мубораккадам,Muborakqadam,МУБОРАКҚАДАМ,МУБОРАККАДАМ,MUBORAKQADAM,True,"Қарори Ҳукумати Ҷумҳурии Тоҷикистон аз 26 феврали соли 2026, №98",False,,,Тоҷикӣ / Форсӣ,,
tj_m_muboriz_820,820,male,Мужской,Писарона,М,Мубориз,Мубориз,Muboriz,МУБОРИЗ,МУБОРИЗ,MUBORIZ,True,"Қарори Ҳукумати Ҷумҳурии Тоҷикистон аз 26 феврали соли 2026, №98",False,,,Тоҷикӣ / Форсӣ,,
tj_m_muvaffaq_821,821,male,Мужской,Писарона,М,Муваффақ,Муваффак,Muvaffaq,МУВАФФАҚ,МУВАФФАК,MUVAFFAQ,True,"Қарори Ҳукумати Ҷумҳурии Тоҷикистон аз 26 феврали соли 2026, №98",False,,,Тоҷикӣ / Форсӣ,,
tj_m_muzaffar_822,822,male,Мужской,Писарона,М,Музаффар,Музаффар,Muzaffar,МУЗАФФАР,МУЗАФФАР,MUZAFFAR,True,"Қарори Ҳукумати Ҷумҳурии Тоҷикистон аз 26 феврали соли 2026, №98",True,muzaffar,Победоносный,Арабское,победоносный; стойкий; мужественный; решительный; несломленный,"Арабское مُظَفَّر (музаффар) — «победоносный». В Коране (48:1): «Поистине, Мы даровали тебе явную победу». Музаффар Шах — правитель Малаккского султаната (XV в.), при котором ислам распространился по Малайскому архипелагу. Трактат «Аль-Музаффар фи маъарифат аль-джавахир» — средневековый труд по минералогии. Имя широко используется от Ближнего Востока до Юго-Восточной Азии."
tj_m_muzo_823,823,male,Мужской,Писарона,М,Музо,Музо,Muzo,МУЗО,МУЗО,MUZO,True,"Қарори Ҳукумати Ҷумҳурии Тоҷикистон аз 26 феврали соли 2026, №98",True,musa,Спасённый из воды,Арабское,сильный; справедливый; храбрый; лидер; верующий,Пророк Муса — один из самых упоминаемых пророков в Коране (136 раз). Калимуллах — «собеседник Аллаха».
tj_m_muqbil_824,824,male,Мужской,Писарона,М,Муқбил,Мукбил,Muqbil,МУҚБИЛ,МУКБИЛ,MUQBIL,True,"Қарори Ҳукумати Ҷумҳурии Тоҷикистон аз 26 феврали соли 2026, №98",False,,,Тоҷикӣ / Форсӣ,,
tj_m_muqbilshoh_825,825,male,Мужской,Писарона,М,Муқбилшоҳ,Мукбилшох,Muqbilshoh,МУҚБИЛШОҲ,МУКБИЛШОХ,MUQBILSHOH,True,"Қарори Ҳукумати Ҷумҳурии Тоҷикистон аз 26 феврали соли 2026, №98",False,,,Тоҷикӣ / Форсӣ,,
tj_m_muqim_826,826,male,Мужской,Писарона,М,Муқим,Муким,Muqim,МУҚИМ,МУКИМ,MUQIM,True,"Қарори Ҳукумати Ҷумҳурии Тоҷикистон аз 26 феврали соли 2026, №98",False,,,Тоҷикӣ / Форсӣ,,
tj_m_muqtadir_827,827,male,Мужской,Писарона,М,Муқтадир,Муктадир,Muqtadir,МУҚТАДИР,МУКТАДИР,MUQTADIR,True,"Қарори Ҳукумати Ҷумҳурии Тоҷикистон аз 26 феврали соли 2026, №98",False,,,Тоҷикӣ / Форсӣ,,
tj_m_mulkamon_828,828,male,Мужской,Писарона,М,Мулкамон,Мулкамон,Mulkamon,МУЛКАМОН,МУЛКАМОН,MULKAMON,True,"Қарори Ҳукумати Ҷумҳурии Тоҷикистон аз 26 феврали соли 2026, №98",False,,,Тоҷикӣ / Форсӣ,,
tj_m_munzim_829,829,male,Мужской,Писарона,М,Мунзим,Мунзим,Munzim,МУНЗИМ,МУНЗИМ,MUNZIM,True,"Қарори Ҳукумати Ҷумҳурии Тоҷикистон аз 26 феврали соли 2026, №98",False,,,Тоҷикӣ / Форсӣ,,
tj_m_munir_830,830,male,Мужской,Писарона,М,Мунир,Мунир,Munir,МУНИР,МУНИР,MUNIR,True,"Қарори Ҳукумати Ҷумҳурии Тоҷикистон аз 26 феврали соли 2026, №98",True,munir,"Светоносный, излучающий свет",Арабское,лучезарный; умный; верующий; добрый; благородный,"От арабского منير — «светоносный, излучающий свет». В Коране в суре «Аль-Ахзаб» (33:46) Пророк Мухаммад назван «сирадж мунир» — «светящимся светильником». Имя несёт в себе образ человека, несущего свет знания и веры в темноту невежества."
tj_m_munis_831,831,male,Мужской,Писарона,М,Мунис,Мунис,Munis,МУНИС,МУНИС,MUNIS,True,"Қарори Ҳукумати Ҷумҳурии Тоҷикистон аз 26 феврали соли 2026, №98",False,,,Тоҷикӣ / Форсӣ,,
tj_m_muntasir_832,832,male,Мужской,Писарона,М,Мунтасир,Мунтасир,Muntasir,МУНТАСИР,МУНТАСИР,MUNTASIR,True,"Қарори Ҳукумати Ҷумҳурии Тоҷикистон аз 26 феврали соли 2026, №98",False,,,Тоҷикӣ / Форсӣ,,
tj_m_murod_833,833,male,Мужской,Писарона,М,Мурод,Мурод,Murod,МУРОД,МУРОД,MUROD,True,"Қарори Ҳукумати Ҷумҳурии Тоҷикистон аз 26 феврали соли 2026, №98",True,murad,"Желанный, тот, кого желают, воля",Арабское,целеустремлённый; сильный; верующий; решительный; благородный,"От арабского مراد (murād) — «желаемое, цель, воля». В суфийской философии «мурад» — тот, кого Аллах избрал для Своей любви (в отличие от «мурида» — ищущего). Пять османских султанов носили имя Мурад; Мурад IV (1612–1640) прославился как один из наиболее энергичных реформаторов Османской империи."
tj_m_murodali_834,834,male,Мужской,Писарона,М,Муродалӣ,Муродали,Murodali,МУРОДАЛӢ,МУРОДАЛИ,MURODALI,True,"Қарори Ҳукумати Ҷумҳурии Тоҷикистон аз 26 феврали соли 2026, №98",False,,,Тоҷикӣ / Форсӣ,,
tj_m_murodbakhsh_835,835,male,Мужской,Писарона,М,Муродбахш,Муродбахш,Murodbakhsh,МУРОДБАХШ,МУРОДБАХШ,MURODBAKHSH,True,"Қарори Ҳукумати Ҷумҳурии Тоҷикистон аз 26 феврали соли 2026, №98",False,,,Тоҷикӣ / Форсӣ,,
tj_m_murtazo_836,836,male,Мужской,Писарона,М,Муртазо,Муртазо,Murtazo,МУРТАЗО,МУРТАЗО,MURTAZO,True,"Қарори Ҳукумати Ҷумҳурии Тоҷикистон аз 26 феврали соли 2026, №98",False,,,Тоҷикӣ / Форсӣ,,
tj_m_muruvvat_837,837,male,Мужской,Писарона,М,Мурувват,Мурувват,Muruvvat,МУРУВВАТ,МУРУВВАТ,MURUVVAT,True,"Қарори Ҳукумати Ҷумҳурии Тоҷикистон аз 26 феврали соли 2026, №98",False,,,Тоҷикӣ / Форсӣ,,
tj_m_musavvir_838,838,male,Мужской,Писарона,М,Мусаввир,Мусаввир,Musavvir,МУСАВВИР,МУСАВВИР,MUSAVVIR,True,"Қарори Ҳукумати Ҷумҳурии Тоҷикистон аз 26 феврали соли 2026, №98",False,,,Тоҷикӣ / Форсӣ,,
tj_m_musammir_839,839,male,Мужской,Писарона,М,Мусаммир,Мусаммир,Musammir,МУСАММИР,МУСАММИР,MUSAMMIR,True,"Қарори Ҳукумати Ҷумҳурии Тоҷикистон аз 26 феврали соли 2026, №98",False,,,Тоҷикӣ / Форсӣ,,
tj_m_musaffo_840,840,male,Мужской,Писарона,М,Мусаффо,Мусаффо,Musaffo,МУСАФФО,МУСАФФО,MUSAFFO,True,"Қарори Ҳукумати Ҷумҳурии Тоҷикистон аз 26 феврали соли 2026, №98",False,,,Тоҷикӣ / Форсӣ,,
tj_m_muslih_841,841,male,Мужской,Писарона,М,Муслиҳ,Муслих,Muslih,МУСЛИҲ,МУСЛИХ,MUSLIH,True,"Қарори Ҳукумати Ҷумҳурии Тоҷикистон аз 26 феврали соли 2026, №98",False,,,Тоҷикӣ / Форсӣ,,
tj_m_muslihiddin_842,842,male,Мужской,Писарона,М,Муслиҳиддин,Муслихиддин,Muslihiddin,МУСЛИҲИДДИН,МУСЛИХИДДИН,MUSLIHIDDIN,True,"Қарори Ҳукумати Ҷумҳурии Тоҷикистон аз 26 феврали соли 2026, №98",False,,,Тоҷикӣ / Форсӣ,,
tj_m_muso_843,843,male,Мужской,Писарона,М,Мусо,Мусо,Muso,МУСО,МУСО,MUSO,True,"Қарори Ҳукумати Ҷумҳурии Тоҷикистон аз 26 феврали соли 2026, №98",True,musa,Спасённый из воды,Арабское,сильный; справедливый; храбрый; лидер; верующий,Пророк Муса — один из самых упоминаемых пророков в Коране (136 раз). Калимуллах — «собеседник Аллаха».
tj_m_mustafo_844,844,male,Мужской,Писарона,М,Мустафо,Мустафо,Mustafo,МУСТАФО,МУСТАФО,MUSTAFO,True,"Қарори Ҳукумати Ҷумҳурии Тоҷикистон аз 26 феврали соли 2026, №98",True,mustafa,"Избранный, отборный",Арабское,избранный; достойный; благородный; превосходный; особенный,"От арабского اصْطَفَى (истафа) — «избирать лучшее». الْمُصْطَفَى (аль-мустафа) — «Избранный» — один из почётных титулов Пророка Мухаммада. В Коране (3:33): «Воистину, Аллах избрал Адама, Нуха, семейство Ибрахима и семейство Имрана». Мустафа Кемаль Ататюрк (1881–1938) — основатель и первый президент Турецкой Республики. Это одно из самых распространённых мужских имён в мусульманском мире."
tj_m_mukhtor_845,845,male,Мужской,Писарона,М,Мухтор,Мухтор,Mukhtor,МУХТОР,МУХТОР,MUKHTOR,True,"Қарори Ҳукумати Ҷумҳурии Тоҷикистон аз 26 феврали соли 2026, №98",True,mukhtar,"Избранный, выбранный",Арабское,справедливый; лидер; мудрый; верующий,От арабского مختار — «избранный». Одно из имён Пророка Мухаммада — «аль-Мухтар». Популярно среди казахов и других тюркских народов.
tj_m_muhammad_846,846,male,Мужской,Писарона,М,Муҳаммад,Мухаммад,Muhammad,МУҲАММАД,МУХАММАД,MUHAMMAD,True,"Қарори Ҳукумати Ҷумҳурии Тоҷикистон аз 26 феврали соли 2026, №98",True,muhammad,"Восхваляемый, достойный похвалы",Арабское,справедливый; мудрый; сильный; добрый,"Самое распространённое мужское имя в мире. Происходит от арабского корня حمد (хамд) — «хвала». Имя Пророка Мухаммада, основателя ислама."
tj_m_muhammadamin_847,847,male,Мужской,Писарона,М,Муҳаммадамин,Мухаммадамин,Muhammadamin,МУҲАММАДАМИН,МУХАММАДАМИН,MUHAMMADAMIN,True,"Қарори Ҳукумати Ҷумҳурии Тоҷикистон аз 26 феврали соли 2026, №98",False,,,Тоҷикӣ / Форсӣ,,
tj_m_muhammadnabi_848,848,male,Мужской,Писарона,М,Муҳаммаднабӣ,Мухаммаднаби,Muhammadnabi,МУҲАММАДНАБӢ,МУХАММАДНАБИ,MUHAMMADNABI,True,"Қарори Ҳукумати Ҷумҳурии Тоҷикистон аз 26 феврали соли 2026, №98",False,,,Тоҷикӣ / Форсӣ,,
tj_m_muhammadrasul_849,849,male,Мужской,Писарона,М,Муҳаммадрасул,Мухаммадрасул,Muhammadrasul,МУҲАММАДРАСУЛ,МУХАММАДРАСУЛ,MUHAMMADRASUL,True,"Қарори Ҳукумати Ҷумҳурии Тоҷикистон аз 26 феврали соли 2026, №98",False,,,Тоҷикӣ / Форсӣ,,
tj_m_muhammadsodiq_850,850,male,Мужской,Писарона,М,Муҳаммадсодиқ,Мухаммадсодик,Muhammadsodiq,МУҲАММАДСОДИҚ,МУХАММАДСОДИК,MUHAMMADSODIQ,True,"Қарори Ҳукумати Ҷумҳурии Тоҷикистон аз 26 феврали соли 2026, №98",False,,,Тоҷикӣ / Форсӣ,,
tj_m_muhammadullo_851,851,male,Мужской,Писарона,М,Муҳаммадулло,Мухаммадулло,Muhammadullo,МУҲАММАДУЛЛО,МУХАММАДУЛЛО,MUHAMMADULLO,True,"Қарори Ҳукумати Ҷумҳурии Тоҷикистон аз 26 феврали соли 2026, №98",False,,,Тоҷикӣ / Форсӣ,,
tj_m_muhammadjon_852,852,male,Мужской,Писарона,М,Муҳаммадҷон,Мухаммадджон,Muhammadjon,МУҲАММАДҶОН,МУХАММАДДЖОН,MUHAMMADJON,True,"Қарори Ҳукумати Ҷумҳурии Тоҷикистон аз 26 феврали соли 2026, №98",False,,,Тоҷикӣ / Форсӣ,,
tj_m_muhib_853,853,male,Мужской,Писарона,М,Муҳиб,Мухиб,Muhib,МУҲИБ,МУХИБ,MUHIB,True,"Қарори Ҳукумати Ҷумҳурии Тоҷикистон аз 26 феврали соли 2026, №98",False,,,Тоҷикӣ / Форсӣ,,
tj_m_muhibbullo_854,854,male,Мужской,Писарона,М,Муҳибулло,Мухибулло,Muhibbullo,МУҲИБУЛЛО,МУХИБУЛЛО,MUHIBBULLO,True,"Қарори Ҳукумати Ҷумҳурии Тоҷикистон аз 26 феврали соли 2026, №98",False,,,Тоҷикӣ / Форсӣ,,
tj_m_muhiddin_855,855,male,Мужской,Писарона,М,Муҳиддин,Мухиддин,Muhiddin,МУҲИДДИН,МУХИДДИН,MUHIDDIN,True,"Қарори Ҳукумати Ҷумҳурии Тоҷикистон аз 26 феврали соли 2026, №98",False,,,Тоҷикӣ / Форсӣ,,
tj_m_muhsin_856,856,male,Мужской,Писарона,М,Муҳсин,Мухсин,Muhsin,МУҲСИН,МУХСИН,MUHSIN,True,"Қарори Ҳукумати Ҷумҳурии Тоҷикистон аз 26 феврали соли 2026, №98",True,muhsin,"Делающий добро, благодетель",Арабское,благодетельный; добрый; щедрый; праведный; совершенный,"От арабского أَحْسَنَ (ахсана) — «делать добро, совершенствовать»: مُحْسِن (мухсин) — «делающий добро». «Ихсан» — высшая ступень веры: «Поклоняйся Аллаху, как будто видишь Его» (хадис Джибриля, Сахих Муслим). В Коране (5:93): «Нет греха на тех, кто уверовал и делал добрые дела». Хадис: «Аллах предписал ихсан (совершенство) во всём». Имя Мухсин — призыв воплощать в себе этот высший принцип ислама."
tj_m_muhtaram_857,857,male,Мужской,Писарона,М,Муҳтарам,Мухтарам,Muhtaram,МУҲТАРАМ,МУХТАРАМ,MUHTARAM,True,"Қарори Ҳукумати Ҷумҳурии Тоҷикистон аз 26 феврали соли 2026, №98",False,,,Тоҷикӣ / Форсӣ,,
tj_m_muhtasham_858,858,male,Мужской,Писарона,М,Муҳташам,Мухташам,Muhtasham,МУҲТАШАМ,МУХТАШАМ,MUHTASHAM,True,"Қарори Ҳукумати Ҷумҳурии Тоҷикистон аз 26 феврали соли 2026, №98",False,,,Тоҷикӣ / Форсӣ,,
tj_m_mujib_859,859,male,Мужской,Писарона,М,Муҷиб,Муджиб,Mujib,МУҶИБ,МУДЖИБ,MUJIB,True,"Қарори Ҳукумати Ҷумҳурии Тоҷикистон аз 26 феврали соли 2026, №98",False,,,Тоҷикӣ / Форсӣ,,
tj_m_mujibullo_860,860,male,Мужской,Писарона,М,Муҷибулло,Муджибулло,Mujibullo,МУҶИБУЛЛО,МУДЖИБУЛЛО,MUJIBULLO,True,"Қарори Ҳукумати Ҷумҳурии Тоҷикистон аз 26 феврали соли 2026, №98",False,,,Тоҷикӣ / Форсӣ,,
tj_m_musharraf_861,861,male,Мужской,Писарона,М,Мушарраф,Мушарраф,Musharraf,МУШАРРАФ,МУШАРРАФ,MUSHARRAF,True,"Қарори Ҳукумати Ҷумҳурии Тоҷикистон аз 26 феврали соли 2026, №98",False,,,Тоҷикӣ / Форсӣ,,
tj_m_mushfiq_862,862,male,Мужской,Писарона,М,Мушфиқ,Мушфик,Mushfiq,МУШФИҚ,МУШФИК,MUSHFIQ,True,"Қарори Ҳукумати Ҷумҳурии Тоҷикистон аз 26 феврали соли 2026, №98",False,,,Тоҷикӣ / Форсӣ,,
tj_m_mumin_863,863,male,Мужской,Писарона,М,Муъмин,Муъмин,Mu’min,МУЪМИН,МУЪМИН,MU’MIN,True,"Қарори Ҳукумати Ҷумҳурии Тоҷикистон аз 26 феврали соли 2026, №98",False,,,Тоҷикӣ / Форсӣ,,
tj_m_nabarzan_864,864,male,Мужской,Писарона,Н,Набарзан,Набарзан,Nabarzan,НАБАРЗАН,НАБАРЗАН,NABARZAN,True,"Қарори Ҳукумати Ҷумҳурии Тоҷикистон аз 26 феврали соли 2026, №98",False,,,Тоҷикӣ / Форсӣ,,
tj_m_navid_865,865,male,Мужской,Писарона,Н,Навид,Навид,Navid,НАВИД,НАВИД,NAVID,True,"Қарори Ҳукумати Ҷумҳурии Тоҷикистон аз 26 феврали соли 2026, №98",False,,,Тоҷикӣ / Форсӣ,,
tj_m_navras_866,866,male,Мужской,Писарона,Н,Наврас,Наврас,Navras,НАВРАС,НАВРАС,NAVRAS,True,"Қарори Ҳукумати Ҷумҳурии Тоҷикистон аз 26 феврали соли 2026, №98",False,,,Тоҷикӣ / Форсӣ,,
tj_m_navruz_867,867,male,Мужской,Писарона,Н,Наврӯз,Навруз,Navruz,НАВРӮЗ,НАВРУЗ,NAVRUZ,True,"Қарори Ҳукумати Ҷумҳурии Тоҷикистон аз 26 феврали соли 2026, №98",False,,,Тоҷикӣ / Форсӣ,,
tj_m_navjavon_868,868,male,Мужской,Писарона,Н,Навҷавон,Навджавон,Navjavon,НАВҶАВОН,НАВДЖАВОН,NAVJAVON,True,"Қарори Ҳукумати Ҷумҳурии Тоҷикистон аз 26 феврали соли 2026, №98",False,,,Тоҷикӣ / Форсӣ,,
tj_m_nadim_869,869,male,Мужской,Писарона,Н,Надим,Надим,Nadim,НАДИМ,НАДИМ,NADIM,True,"Қарори Ҳукумати Ҷумҳурии Тоҷикистон аз 26 феврали соли 2026, №98",True,nadim,"Доверенный собеседник, близкий друг",Арабское,дружелюбный; верный; умный; добрый; верующий,"От арабского نديم (nadīm) — «близкий друг, доверенный собеседник». В классической арабской культуре «надим» — это не просто друг, а доверенный спутник правителя, которому тот открывает душу. В исламской этике «надим» — тот, кто напоминает тебе об Аллахе своим присутствием, что является высшей формой дружбы."
tj_m_nazar_870,870,male,Мужской,Писарона,Н,Назар,Назар,Nazar,НАЗАР,НАЗАР,NAZAR,True,"Қарори Ҳукумати Ҷумҳурии Тоҷикистон аз 26 феврали соли 2026, №98",False,,,Тоҷикӣ / Форсӣ,,
tj_m_nazarali_871,871,male,Мужской,Писарона,Н,Назаралӣ,Назарали,Nazarali,НАЗАРАЛӢ,НАЗАРАЛИ,NAZARALI,True,"Қарори Ҳукумати Ҷумҳурии Тоҷикистон аз 26 феврали соли 2026, №98",False,,,Тоҷикӣ / Форсӣ,,
tj_m_nazarshoh_872,872,male,Мужской,Писарона,Н,Назаршоҳ,Назаршоx,Nazarshoh,НАЗАРШОҲ,НАЗАРШОX,NAZARSHOH,True,"Қарори Ҳукумати Ҷумҳурии Тоҷикистон аз 26 феврали соли 2026, №98",False,,,Тоҷикӣ / Форсӣ,,
tj_m_nazir_873,873,male,Мужской,Писарона,Н,Назир,Назир,Nazir,НАЗИР,НАЗИР,NAZIR,True,"Қарори Ҳукумати Ҷумҳурии Тоҷикистон аз 26 феврали соли 2026, №98",True,nadhir,"Увещатель, предупреждающий (о Дне Суда)",Арабское,честный; ответственный; смелый; принципиальный; справедливый,"Арабское نَذِير (назир) — «увещатель, предупреждающий». В Коране пророки описываются как «башир и назир» (благовестник и увещатель): «Мы посылали тебя только как благовестника и увещателя» (34:28). Слово «инзар» (предупреждение) встречается в Коране более 40 раз. В исламской этике «назир» — тот, кто говорит правду, даже если она неприятна, и предупреждает о последствиях — добродетель нравственного мужества."
tj_m_nazif_874,874,male,Мужской,Писарона,Н,Назиф,Назиф,Nazif,НАЗИФ,НАЗИФ,NAZIF,True,"Қарори Ҳукумати Ҷумҳурии Тоҷикистон аз 26 феврали соли 2026, №98",False,,,Тоҷикӣ / Форсӣ,,
tj_m_nazriddin_875,875,male,Мужской,Писарона,Н,Назриддин,Назриддин,Nazriddin,НАЗРИДДИН,НАЗРИДДИН,NAZRIDDIN,True,"Қарори Ҳукумати Ҷумҳурии Тоҷикистон аз 26 феврали соли 2026, №98",False,,,Тоҷикӣ / Форсӣ,,
tj_m_nazrishoh_876,876,male,Мужской,Писарона,Н,Назришоҳ,Назришох,Nazrishoh,НАЗРИШОҲ,НАЗРИШОХ,NAZRISHOH,True,"Қарори Ҳукумати Ҷумҳурии Тоҷикистон аз 26 феврали соли 2026, №98",False,,,Тоҷикӣ / Форсӣ,,
tj_m_nazri_877,877,male,Мужской,Писарона,Н,Назрӣ,Назри,Nazri,НАЗРӢ,НАЗРИ,NAZRI,True,"Қарори Ҳукумати Ҷумҳурии Тоҷикистон аз 26 феврали соли 2026, №98",False,,,Тоҷикӣ / Форсӣ,,
tj_m_nazrullo_878,878,male,Мужской,Писарона,Н,Назрулло,Назрулло,Nazrullo,НАЗРУЛЛО,НАЗРУЛЛО,NAZRULLO,True,"Қарори Ҳукумати Ҷумҳурии Тоҷикистон аз 26 феврали соли 2026, №98",True,nasrullah,Помощь (победа) Аллаха,Арабское,победоносный; верующий; благодарный; стойкий; богобоязненный,"Составное: نَصْر (наср — помощь, победа) + الله (Аллах): «Помощь Аллаха». Сура «Ан-Наср» (110) — одна из последних ниспосланных сур: «Когда придёт помощь Аллаха и победа (فَتْحٌ) и ты увидишь, как люди вступают в религию Аллаха толпами...» — знак завершения миссии Пророка. Пророк после ниспослания этой суры участил дуа и истигфар. Имя несёт упование на Господнюю помощь."
tj_m_naim_879,879,male,Мужской,Писарона,Н,Наим,Наим,Naim,НАИМ,НАИМ,NAIM,True,"Қарори Ҳукумати Ҷумҳурии Тоҷикистон аз 26 феврали соли 2026, №98",True,naeem,"Наслаждающийся, живущий в благополучии",Арабское,благополучный; счастливый; приятный; добрый; умиротворённый,"Арабское نَعِيم (наим) — «наслаждение, блаженство, благополучие». В Коране сура «Ат-Такасур» (102:8): «Потом вы в этот день будете спрошены о наслаждении (النَّعِيمِ)». Аль-Наим — название одних из врат рая. Пророк говорил: «Ваш рай (наим) — то, что он скажет о других» (о хорошем слове). Наим — имя многих сподвижников и табиинов. В Коране «наим» встречается 13 раз как описание райского блаженства."
tj_m_nair_880,880,male,Мужской,Писарона,Н,Наир,Наир,Nair,НАИР,НАИР,NAIR,True,"Қарори Ҳукумати Ҷумҳурии Тоҷикистон аз 26 феврали соли 2026, №98",False,,,Тоҷикӣ / Форсӣ,,
tj_m_nayram_881,881,male,Мужской,Писарона,Н,Найрам,Найрам,Nayram,НАЙРАМ,НАЙРАМ,NAYRAM,True,"Қарори Ҳукумати Ҷумҳурии Тоҷикистон аз 26 феврали соли 2026, №98",False,,,Тоҷикӣ / Форсӣ,,
tj_m_nakiso_882,882,male,Мужской,Писарона,Н,Накисо,Накисо,Nakiso,НАКИСО,НАКИСО,NAKISO,True,"Қарори Ҳукумати Ҷумҳурии Тоҷикистон аз 26 феврали соли 2026, №98",False,,,Тоҷикӣ / Форсӣ,,
tj_m_nakumehr_883,883,male,Мужской,Писарона,Н,Накумеҳр,Накумехр,Nakumehr,НАКУМЕҲР,НАКУМЕХР,NAKUMEHR,True,"Қарори Ҳукумати Ҷумҳурии Тоҷикистон аз 26 феврали соли 2026, №98",False,,,Тоҷикӣ / Форсӣ,,
tj_m_naqib_884,884,male,Мужской,Писарона,Н,Нақиб,Накиб,Naqib,НАҚИБ,НАКИБ,NAQIB,True,"Қарори Ҳукумати Ҷумҳурии Тоҷикистон аз 26 феврали соли 2026, №98",True,naquib,"Предводитель, старейшина, надёжный",Арабское,лидер; надёжный; ответственный; мудрый; авторитетный,"Арабское نَقِيب (накиб) — «предводитель, старейшина, тот, кто является поручителем». В Коране (5:12): «Аллах взял с сыновей Израиля завет и воздвиг из них двенадцать старейшин (نَقِيبًا)». В исламской административной истории «накиб» — предводитель племени или общины. Накиб аль-Ашраф — глава потомков Пророка; должность существовала с аббасидского периода. Накиб аль-Аттас — малайский философ исламоведения (р. 1931)."
tj_m_narimon_885,885,male,Мужской,Писарона,Н,Наримон,Наримон,Narimon,НАРИМОН,НАРИМОН,NARIMON,True,"Қарори Ҳукумати Ҷумҳурии Тоҷикистон аз 26 феврали соли 2026, №98",False,,,Тоҷикӣ / Форсӣ,,
tj_m_narsi_886,886,male,Мужской,Писарона,Н,Нарсӣ,Нарси,Narsi,НАРСӢ,НАРСИ,NARSI,True,"Қарори Ҳукумати Ҷумҳурии Тоҷикистон аз 26 феврали соли 2026, №98",False,,,Тоҷикӣ / Форсӣ,,
tj_m_nasim_887,887,male,Мужской,Писарона,Н,Насим,Насим,Nasim,НАСИМ,НАСИМ,NASIM,True,"Қарори Ҳукумати Ҷумҳурии Тоҷикистон аз 26 феврали соли 2026, №98",True,naseem,"Лёгкий ветерок, свежий бриз",Арабское,свежий; лёгкий; приятный; освежающий; нежный,"Арабское نَسِيم (насим) — «лёгкий бриз, свежий утренний ветерок». В арабской и персидской поэзии «насим» — утренний бриз, несущий весть от возлюбленной. Хафиз: «Ах, если бы насим Востока пронёс мой привет к возлюбленной». В суфийской символике утренний ветерок — образ нежного Духа Аллаха, оживляющего сердца. В Коране (7:57): «Он посылает ветры благой вестью перед Своей милостью»."
tj_m_nasr_888,888,male,Мужской,Писарона,Н,Наср,Наср,Nasr,НАСР,НАСР,NASR,True,"Қарори Ҳукумати Ҷумҳурии Тоҷикистон аз 26 феврали соли 2026, №98",True,nasr,"Победа, помощь Аллаха",Арабское,победоносный; упорный; целеустремлённый; стойкий; уверенный,"Арабское نَصْر (наср) — «победа, помощь». Сура Ан-Наср (110) — одна из последних ниспосланных сур Корана: «Когда придёт помощь Аллаха и победа...» (إِذَا جَاءَ نَصْرُ اللَّهِ وَالْفَتْحُ). Сподвижники поняли, что эта сура предвещает скорую смерть Пророка. «Ан-наср» (помощь Аллаха) — краеугольная концепция исламской теологии: победа приходит не от числа воинов, а от Аллаха. Концепция «аль-наср мин Аллах» (победа от Аллаха) проходит через всю исламскую историю."
tj_m_nasriddin_889,889,male,Мужской,Писарона,Н,Насриддин,Насриддин,Nasriddin,НАСРИДДИН,НАСРИДДИН,NASRIDDIN,True,"Қарори Ҳукумати Ҷумҳурии Тоҷикистон аз 26 феврали соли 2026, №98",False,,,Тоҷикӣ / Форсӣ,,
tj_m_nasrullo_890,890,male,Мужской,Писарона,Н,Насрулло,Насрулло,Nasrullo,НАСРУЛЛО,НАСРУЛЛО,NASRULLO,True,"Қарори Ҳукумати Ҷумҳурии Тоҷикистон аз 26 феврали соли 2026, №98",True,nasrullah,Помощь (победа) Аллаха,Арабское,победоносный; верующий; благодарный; стойкий; богобоязненный,"Составное: نَصْر (наср — помощь, победа) + الله (Аллах): «Помощь Аллаха». Сура «Ан-Наср» (110) — одна из последних ниспосланных сур: «Когда придёт помощь Аллаха и победа (فَتْحٌ) и ты увидишь, как люди вступают в религию Аллаха толпами...» — знак завершения миссии Пророка. Пророк после ниспослания этой суры участил дуа и истигфар. Имя несёт упование на Господнюю помощь."
tj_m_nastehan_891,891,male,Мужской,Писарона,Н,Настеҳан,Настехан,Nastehan,НАСТЕҲАН,НАСТЕХАН,NASTEHAN,True,"Қарори Ҳукумати Ҷумҳурии Тоҷикистон аз 26 феврали соли 2026, №98",False,,,Тоҷикӣ / Форсӣ,,
tj_m_nastur_892,892,male,Мужской,Писарона,Н,Настур,Настур,Nastur,НАСТУР,НАСТУР,NASTUR,True,"Қарори Ҳукумати Ҷумҳурии Тоҷикистон аз 26 феврали соли 2026, №98",False,,,Тоҷикӣ / Форсӣ,,
tj_m_nastuh_893,893,male,Мужской,Писарона,Н,Настуҳ,Настух,Nastuh,НАСТУҲ,НАСТУХ,NASTUH,True,"Қарори Ҳукумати Ҷумҳурии Тоҷикистон аз 26 феврали соли 2026, №98",False,,,Тоҷикӣ / Форсӣ,,
tj_m_nahrvon_894,894,male,Мужской,Писарона,Н,Наҳрвон,Нахрвон,Nahrvon,НАҲРВОН,НАХРВОН,NAHRVON,True,"Қарори Ҳукумати Ҷумҳурии Тоҷикистон аз 26 феврали соли 2026, №98",False,,,Тоҷикӣ / Форсӣ,,
tj_m_najib_895,895,male,Мужской,Писарона,Н,Наҷиб,Наджиб,Najib,НАҶИБ,НАДЖИБ,NAJIB,True,"Қарори Ҳукумати Ҷумҳурии Тоҷикистон аз 26 феврали соли 2026, №98",True,najib,"Благородный, выдающийся, превосходный",Арабское,благородный; выдающийся; умный; достойный; уважаемый,"Арабское نَجِيب (наджиб) — «благородный, превосходный». Нагиб Махфуз (1911–2006) — египетский романист, первый арабский писатель, получивший Нобелевскую премию по литературе (1988). Его трилогия («Байн аль-Касрайн», «Каср аш-Шавк», «Ас-Суккарийя») — монументальная картина египетского общества XX века. Слово «наджиб» в арабской культуре означает не просто происхождение, но и нравственное превосходство."
tj_m_najm_896,896,male,Мужской,Писарона,Н,Наҷм,Наджм,Najm,НАҶМ,НАДЖМ,NAJM,True,"Қарори Ҳукумати Ҷумҳурии Тоҷикистон аз 26 феврали соли 2026, №98",True,najm,Звезда; сура Корана «Ан-Наджм»,Арабское,яркий; лидер; ориентир; редкий; блестящий,"Арабское نَجْم (наджм) — «звезда». Сура «Ан-Наджм» (53) начинается клятвой звездой: «Клянусь звездой, когда она закатывается!» (وَالنَّجْمِ إِذَا هَوَى). В этой суре описывается вознесение (мирадж) Пророка и его видение архангела Джибриля в его истинном образе. Арабские моряки и купцы тысячелетиями ориентировались по звёздам: «Он установил для вас звёзды, чтобы вы могли руководствоваться ими» (Коран 6:97)."
tj_m_najmiddin_897,897,male,Мужской,Писарона,Н,Наҷмиддин,Наджмиддин,Najmiddin,НАҶМИДДИН,НАДЖМИДДИН,NAJMIDDIN,True,"Қарори Ҳукумати Ҷумҳурии Тоҷикистон аз 26 феврали соли 2026, №98",False,,,Тоҷикӣ / Форсӣ,,
tj_m_nevzod_898,898,male,Мужской,Писарона,Н,Невзод,Невзод,Nevzod,НЕВЗОД,НЕВЗОД,NEVZOD,True,"Қарори Ҳукумати Ҷумҳурии Тоҷикистон аз 26 феврали соли 2026, №98",False,,,Тоҷикӣ / Форсӣ,,
tj_m_nekandesh_899,899,male,Мужской,Писарона,Н,Некандеш,Некандеш,Nekandesh,НЕКАНДЕШ,НЕКАНДЕШ,NEKANDESH,True,"Қарори Ҳукумати Ҷумҳурии Тоҷикистон аз 26 феврали соли 2026, №98",False,,,Тоҷикӣ / Форсӣ,,
tj_m_nekfruz_900,900,male,Мужской,Писарона,Н,Некафрӯз,Некафруз,Nekаfruz,НЕКАФРӮЗ,НЕКАФРУЗ,NEKАFRUZ,True,"Қарори Ҳукумати Ҷумҳурии Тоҷикистон аз 26 феврали соли 2026, №98",False,,,Тоҷикӣ / Форсӣ,,
tj_m_nekakhtar_901,901,male,Мужской,Писарона,Н,Некахтар,Некахтар,Nekakhtar,НЕКАХТАР,НЕКАХТАР,NEKAKHTAR,True,"Қарори Ҳукумати Ҷумҳурии Тоҷикистон аз 26 феврали соли 2026, №98",False,,,Тоҷикӣ / Форсӣ,,
tj_m_nekbakht_902,902,male,Мужской,Писарона,Н,Некбахт,Некбахт,Nekbakht,НЕКБАХТ,НЕКБАХТ,NEKBAKHT,True,"Қарори Ҳукумати Ҷумҳурии Тоҷикистон аз 26 феврали соли 2026, №98",False,,,Тоҷикӣ / Форсӣ,,
tj_m_nekbin_903,903,male,Мужской,Писарона,Н,Некбин,Некбин,Nekbin,НЕКБИН,НЕКБИН,NEKBIN,True,"Қарори Ҳукумати Ҷумҳурии Тоҷикистон аз 26 феврали соли 2026, №98",False,,,Тоҷикӣ / Форсӣ,,
tj_m_nekvar_904,904,male,Мужской,Писарона,Н,Неквар,Неквар,Nekvar,НЕКВАР,НЕКВАР,NEKVAR,True,"Қарори Ҳукумати Ҷумҳурии Тоҷикистон аз 26 феврали соли 2026, №98",False,,,Тоҷикӣ / Форсӣ,,
tj_m_nekdil_905,905,male,Мужской,Писарона,Н,Некдил,Некдил,Nekdil,НЕКДИЛ,НЕКДИЛ,NEKDIL,True,"Қарори Ҳукумати Ҷумҳурии Тоҷикистон аз 26 феврали соли 2026, №98",False,,,Тоҷикӣ / Форсӣ,,
tj_m_nekdod_906,906,male,Мужской,Писарона,Н,Некдод,Некдод,Nekdod,НЕКДОД,НЕКДОД,NEKDOD,True,"Қарори Ҳукумати Ҷумҳурии Тоҷикистон аз 26 феврали соли 2026, №98",False,,,Тоҷикӣ / Форсӣ,,
tj_m_nekzod_907,907,male,Мужской,Писарона,Н,Некзод,Некзод,Nekzod,НЕКЗОД,НЕКЗОД,NEKZOD,True,"Қарори Ҳукумати Ҷумҳурии Тоҷикистон аз 26 феврали соли 2026, №98",False,,,Тоҷикӣ / Форсӣ,,
tj_m_nekqadam_908,908,male,Мужской,Писарона,Н,Некқадам,Неккадам,Nekqadam,НЕКҚАДАМ,НЕККАДАМ,NEKQADAM,True,"Қарори Ҳукумати Ҷумҳурии Тоҷикистон аз 26 феврали соли 2026, №98",False,,,Тоҷикӣ / Форсӣ,,
tj_m_nekmurod_909,909,male,Мужской,Писарона,Н,Некмурод,Некмурод,Nekmurod,НЕКМУРОД,НЕКМУРОД,NEKMUROD,True,"Қарори Ҳукумати Ҷумҳурии Тоҷикистон аз 26 феврали соли 2026, №98",False,,,Тоҷикӣ / Форсӣ,,
tj_m_neknazar_910,910,male,Мужской,Писарона,Н,Некназар,Некназар,Neknazar,НЕКНАЗАР,НЕКНАЗАР,NEKNAZAR,True,"Қарори Ҳукумати Ҷумҳурии Тоҷикистон аз 26 феврали соли 2026, №98",False,,,Тоҷикӣ / Форсӣ,,
tj_m_neknom_911,911,male,Мужской,Писарона,Н,Некном,Некном,Neknom,НЕКНОМ,НЕКНОМ,NEKNOM,True,"Қарори Ҳукумати Ҷумҳурии Тоҷикистон аз 26 феврали соли 2026, №98",False,,,Тоҷикӣ / Форсӣ,,
tj_m_nekovar_912,912,male,Мужской,Писарона,Н,Нековар,Нековар,Nekovar,НЕКОВАР,НЕКОВАР,NEKOVAR,True,"Қарори Ҳукумати Ҷумҳурии Тоҷикистон аз 26 феврали соли 2026, №98",False,,,Тоҷикӣ / Форсӣ,,
tj_m_nekomad_913,913,male,Мужской,Писарона,Н,Некомад,Некомад,Nekomad,НЕКОМАД,НЕКОМАД,NEKOMAD,True,"Қарори Ҳукумати Ҷумҳурии Тоҷикистон аз 26 феврали соли 2026, №98",False,,,Тоҷикӣ / Форсӣ,,
tj_m_nekofar_914,914,male,Мужской,Писарона,Н,Некофар,Некофар,Nekofar,НЕКОФАР,НЕКОФАР,NEKOFAR,True,"Қарори Ҳукумати Ҷумҳурии Тоҷикистон аз 26 феврали соли 2026, №98",False,,,Тоҷикӣ / Форсӣ,,
tj_m_nekpay_915,915,male,Мужской,Писарона,Н,Некпай,Некпай,Nekpay,НЕКПАЙ,НЕКПАЙ,NEKPAY,True,"Қарори Ҳукумати Ҷумҳурии Тоҷикистон аз 26 феврали соли 2026, №98",False,,,Тоҷикӣ / Форсӣ,,
tj_m_nekroy_916,916,male,Мужской,Писарона,Н,Некрой,Некрой,Nekroy,НЕКРОЙ,НЕКРОЙ,NEKROY,True,"Қарори Ҳукумати Ҷумҳурии Тоҷикистон аз 26 феврали соли 2026, №98",False,,,Тоҷикӣ / Форсӣ,,
tj_m_nekru_917,917,male,Мужской,Писарона,Н,Некрӯ,Некру,Nekru,НЕКРӮ,НЕКРУ,NEKRU,True,"Қарори Ҳукумати Ҷумҳурии Тоҷикистон аз 26 феврали соли 2026, №98",False,,,Тоҷикӣ / Форсӣ,,
tj_m_nekruz_918,918,male,Мужской,Писарона,Н,Некрӯз,Некруз,Nekruz,НЕКРӮЗ,НЕКРУЗ,NEKRUZ,True,"Қарори Ҳукумати Ҷумҳурии Тоҷикистон аз 26 феврали соли 2026, №98",False,,,Тоҷикӣ / Форсӣ,,
tj_m_neksirisht_919,919,male,Мужской,Писарона,Н,Нексиришт,Нексиришт,Neksirisht,НЕКСИРИШТ,НЕКСИРИШТ,NEKSIRISHT,True,"Қарори Ҳукумати Ҷумҳурии Тоҷикистон аз 26 феврали соли 2026, №98",False,,,Тоҷикӣ / Форсӣ,,
tj_m_nekfar_920,920,male,Мужской,Писарона,Н,Некфар,Некфар,Nekfar,НЕКФАР,НЕКФАР,NEKFAR,True,"Қарори Ҳукумати Ҷумҳурии Тоҷикистон аз 26 феврали соли 2026, №98",False,,,Тоҷикӣ / Форсӣ,,
tj_m_neru_921,921,male,Мужской,Писарона,Н,Неру,Неру,Neru,НЕРУ,НЕРУ,NERU,True,"Қарори Ҳукумати Ҷумҳурии Тоҷикистон аз 26 феврали соли 2026, №98",False,,,Тоҷикӣ / Форсӣ,,
tj_m_nemat_922,922,male,Мужской,Писарона,Н,Неъмат,Неъмат,Ne’mat,НЕЪМАТ,НЕЪМАТ,NE’MAT,True,"Қарори Ҳукумати Ҷумҳурии Тоҷикистон аз 26 феврали соли 2026, №98",False,,,Тоҷикӣ / Форсӣ,,
tj_m_nematullo_923,923,male,Мужской,Писарона,Н,Неъматулло,Неъматулло,Ne’matullo,НЕЪМАТУЛЛО,НЕЪМАТУЛЛО,NE’MATULLO,True,"Қарори Ҳукумати Ҷумҳурии Тоҷикистон аз 26 феврали соли 2026, №98",False,,,Тоҷикӣ / Форсӣ,,
tj_m_nido_924,924,male,Мужской,Писарона,Н,Нидо,Нидо,Nido,НИДО,НИДО,NIDO,True,"Қарори Ҳукумати Ҷумҳурии Тоҷикистон аз 26 феврали соли 2026, №98",False,,,Тоҷикӣ / Форсӣ,,
tj_m_niyoz_925,925,male,Мужской,Писарона,Н,Ниёз,Ниёз,Niyoz,НИЁЗ,НИЁЗ,NIYOZ,True,"Қарори Ҳукумати Ҷумҳурии Тоҷикистон аз 26 феврали соли 2026, №98",False,,,Тоҷикӣ / Форсӣ,,
tj_m_nizom_926,926,male,Мужской,Писарона,Н,Низом,Низом,Nizom,НИЗОМ,НИЗОМ,NIZOM,True,"Қарори Ҳукумати Ҷумҳурии Тоҷикистон аз 26 феврали соли 2026, №98",True,nizam,"Порядок, организация, система",Арабское,организованный; методичный; системный; справедливый; умелый,"Арабское نِظَام (низам) — «порядок, система». Низам аль-Мульк (1018–1092) — великий персидский везир Сельджукской империи при Алп-Арслане и Малик-шахе; основал сеть «Низамийя» — первых государственных университетов в исламском мире (Багдад, Нишапур, и др.). В этих мадрасах преподавал имам аль-Газали. Его трактат «Сийясат-Наме» — классика исламской политической мысли."
tj_m_nizomiddin_927,927,male,Мужской,Писарона,Н,Низомиддин,Низомиддин,Nizomiddin,НИЗОМИДДИН,НИЗОМИДДИН,NIZOMIDDIN,True,"Қарори Ҳукумати Ҷумҳурии Тоҷикистон аз 26 феврали соли 2026, №98",False,,,Тоҷикӣ / Форсӣ,,
tj_m_nimo_928,928,male,Мужской,Писарона,Н,Нимо,Нимо,Nimo,НИМО,НИМО,NIMO,True,"Қарори Ҳукумати Ҷумҳурии Тоҷикистон аз 26 феврали соли 2026, №98",True,nemo,,Латинское,яркий; храбрый; весёлый,
tj_m_niru_929,929,male,Мужской,Писарона,Н,Ниру,Ниру,Niru,НИРУ,НИРУ,NIRU,True,"Қарори Ҳукумати Ҷумҳурии Тоҷикистон аз 26 феврали соли 2026, №98",False,,,Тоҷикӣ / Форсӣ,,
tj_m_nirumand_930,930,male,Мужской,Писарона,Н,Нируманд,Нируманд,Nirumand,НИРУМАНД,НИРУМАНД,NIRUMAND,True,"Қарори Ҳукумати Ҷумҳурии Тоҷикистон аз 26 феврали соли 2026, №98",False,,,Тоҷикӣ / Форсӣ,,
tj_m_nisor_931,931,male,Мужской,Писарона,Н,Нисор,Нисор,Nisor,НИСОР,НИСОР,NISOR,True,"Қарори Ҳукумати Ҷумҳурии Тоҷикистон аз 26 феврали соли 2026, №98",False,,,Тоҷикӣ / Форсӣ,,
tj_m_nishon_932,932,male,Мужской,Писарона,Н,Нишон,Нишон,Nishon,НИШОН,НИШОН,NISHON,True,"Қарори Ҳукумати Ҷумҳурии Тоҷикистон аз 26 феврали соли 2026, №98",False,,,Тоҷикӣ / Форсӣ,,
tj_m_nobafzo_933,933,male,Мужской,Писарона,Н,Нобафзо,Нобафзо,Nobafzo,НОБАФЗО,НОБАФЗО,NOBAFZO,True,"Қарори Ҳукумати Ҷумҳурии Тоҷикистон аз 26 феврали соли 2026, №98",False,,,Тоҷикӣ / Форсӣ,,
tj_m_nobofar_934,934,male,Мужской,Писарона,Н,Нобофар,Нобофар,Nobofar,НОБОФАР,НОБОФАР,NOBOFAR,True,"Қарори Ҳукумати Ҷумҳурии Тоҷикистон аз 26 феврали соли 2026, №98",False,,,Тоҷикӣ / Форсӣ,,
tj_m_nodir_935,935,male,Мужской,Писарона,Н,Нодир,Нодир,Nodir,НОДИР,НОДИР,NODIR,True,"Қарори Ҳукумати Ҷумҳурии Тоҷикистон аз 26 феврали соли 2026, №98",True,naadir,"Редкий, редкостный, исключительный. Корень نَدَرَ (надара) — быть редким, исключительным. نَادِر — «тот, кто встречается крайне редко и потому ценен»",Арабское,редкостный; уникальный; исключительный; ценный; выдающийся,"Арабское نَادِر (надир) — «редкий, исключительный». В арабской пословице: «Надир как красная сера» (аль-кибрит аль-ахмар) — нечто практически невозможное. Надир Шах (1688–1747) — один из величайших военных полководцев исламского мира, основатель персидской династии Афшаридов, завоевавший Индию и вернувший Иран к величию после афганского нашествия. В исламском богословии «надр» (обет) — особый акт поклонения: «يُوفُونَ بِالنَّذْرِ» (76:7) — хотя это иной корень, созвучие укрепляло имя."
tj_m_nodirshoh_936,936,male,Мужской,Писарона,Н,Нодиршоҳ,Нодиршох,Nodirshoh,НОДИРШОҲ,НОДИРШОХ,NODIRSHOH,True,"Қарори Ҳукумати Ҷумҳурии Тоҷикистон аз 26 феврали соли 2026, №98",False,,,Тоҷикӣ / Форсӣ,,
tj_m_noyob_937,937,male,Мужской,Писарона,Н,Ноёб,Ноёб,Noyob,НОЁБ,НОЁБ,NOYOB,True,"Қарори Ҳукумати Ҷумҳурии Тоҷикистон аз 26 феврали соли 2026, №98",False,,,Тоҷикӣ / Форсӣ,,
tj_m_noyobshoh_938,938,male,Мужской,Писарона,Н,Ноёбшоҳ,Ноёбшох,Noyobshoh,НОЁБШОҲ,НОЁБШОХ,NOYOBSHOH,True,"Қарори Ҳукумати Ҷумҳурии Тоҷикистон аз 26 феврали соли 2026, №98",False,,,Тоҷикӣ / Форсӣ,,
tj_m_nozim_939,939,male,Мужской,Писарона,Н,Нозим,Нозим,Nozim,НОЗИМ,НОЗИМ,NOZIM,True,"Қарори Ҳукумати Ҷумҳурии Тоҷикистон аз 26 феврали соли 2026, №98",True,naseem,"Лёгкий ветерок, свежий бриз",Арабское,свежий; лёгкий; приятный; освежающий; нежный,"Арабское نَسِيم (насим) — «лёгкий бриз, свежий утренний ветерок». В арабской и персидской поэзии «насим» — утренний бриз, несущий весть от возлюбленной. Хафиз: «Ах, если бы насим Востока пронёс мой привет к возлюбленной». В суфийской символике утренний ветерок — образ нежного Духа Аллаха, оживляющего сердца. В Коране (7:57): «Он посылает ветры благой вестью перед Своей милостью»."
tj_m_nozir_940,940,male,Мужской,Писарона,Н,Нозир,Нозир,Nozir,НОЗИР,НОЗИР,NOZIR,True,"Қарори Ҳукумати Ҷумҳурии Тоҷикистон аз 26 феврали соли 2026, №98",True,nasir,"Помощник, победоносный защитник",Арабское,защитник; справедливый; верующий; сильный; добрый,"От арабского ناصر — «помощник, поддерживающий». Ан-Насир — одно из имён Аллаха, означающее «Всепобеждающий покровитель». Насир ад-Дин ат-Туси (1201–1274) — один из величайших учёных ислама: математик, астроном, философ, чьи труды по тригонометрии на несколько веков опередили европейскую науку."
tj_m_noil_941,941,male,Мужской,Писарона,Н,Ноил,Ноил,Noil,НОИЛ,НОИЛ,NOIL,True,"Қарори Ҳукумати Ҷумҳурии Тоҷикистон аз 26 феврали соли 2026, №98",False,,,Тоҷикӣ / Форсӣ,,
tj_m_nomvar_942,942,male,Мужской,Писарона,Н,Номвар,Номвар,Nomvar,НОМВАР,НОМВАР,NOMVAR,True,"Қарори Ҳукумати Ҷумҳурии Тоҷикистон аз 26 феврали соли 2026, №98",False,,,Тоҷикӣ / Форсӣ,,
tj_m_nomdor_943,943,male,Мужской,Писарона,Н,Номдор,Номдор,Nomdor,НОМДОР,НОМДОР,NOMDOR,True,"Қарори Ҳукумати Ҷумҳурии Тоҷикистон аз 26 феврали соли 2026, №98",False,,,Тоҷикӣ / Форсӣ,,
tj_m_nomovar_944,944,male,Мужской,Писарона,Н,Номовар,Номовар,Nomovar,НОМОВАР,НОМОВАР,NOMOVAR,True,"Қарори Ҳукумати Ҷумҳурии Тоҷикистон аз 26 феврали соли 2026, №98",False,,,Тоҷикӣ / Форсӣ,,
tj_m_nosir_945,945,male,Мужской,Писарона,Н,Носир,Носир,Nosir,НОСИР,НОСИР,NOSIR,True,"Қарори Ҳукумати Ҷумҳурии Тоҷикистон аз 26 феврали соли 2026, №98",True,nasir,"Помощник, победоносный защитник",Арабское,защитник; справедливый; верующий; сильный; добрый,"От арабского ناصر — «помощник, поддерживающий». Ан-Насир — одно из имён Аллаха, означающее «Всепобеждающий покровитель». Насир ад-Дин ат-Туси (1201–1274) — один из величайших учёных ислама: математик, астроном, философ, чьи труды по тригонометрии на несколько веков опередили европейскую науку."
tj_m_nuzar_946,946,male,Мужской,Писарона,Н,Нузар,Нузар,Nuzar,НУЗАР,НУЗАР,NUZAR,True,"Қарори Ҳукумати Ҷумҳурии Тоҷикистон аз 26 феврали соли 2026, №98",False,,,Тоҷикӣ / Форсӣ,,
tj_m_numon_947,947,male,Мужской,Писарона,Н,Нумон,Нумон,Numon,НУМОН,НУМОН,NUMON,True,"Қарори Ҳукумати Ҷумҳурии Тоҷикистон аз 26 феврали соли 2026, №98",True,numan,"Кровь, красный цвет (символ жизненной силы)",Арабское,жизнелюбивый; энергичный; яркий; сильный; деятельный,"Арабское نُعْمَان (нуман) — «кровь, красный». Несмотря на буквальное значение, имя ассоциируется прежде всего с Имамом Абу Ханифой, полное имя которого — Нуман ибн Сабит (699–767). Абу Ханифа — основатель ханафитского мазхаба (правовой школы), которого придерживается более трети мусульман мира. Его метод использования «рая» (личного суждения) и «кияса» (аналогии) заложил основы исламского права. Также Нуман ибн Башир — сподвижник, передавший знаменитый хадис о халяле и хараме."
tj_m_nur_948,948,male,Мужской,Писарона,Н,Нур,Нур,Nur,НУР,НУР,NUR,True,"Қарори Ҳукумати Ҷумҳурии Тоҷикистон аз 26 феврали соли 2026, №98",True,noor,"Свет, сияние, божественный свет",Арабское,сияющий; верующий; красивая; добрая,От арабского نور — «свет». 24-я сура Корана называется «Ан-Нур». «Аллах — свет небес и земли» (Коран 24:35).
tj_m_nurali_949,949,male,Мужской,Писарона,Н,Нуралӣ,Нурали,Nurali,НУРАЛӢ,НУРАЛИ,NURALI,True,"Қарори Ҳукумати Ҷумҳурии Тоҷикистон аз 26 феврали соли 2026, №98",False,,,Тоҷикӣ / Форсӣ,,
tj_m_nuralishoh_950,950,male,Мужской,Писарона,Н,Нуралишоҳ,Нуралишох,Nuralishoh,НУРАЛИШОҲ,НУРАЛИШОХ,NURALISHOH,True,"Қарори Ҳукумати Ҷумҳурии Тоҷикистон аз 26 феврали соли 2026, №98",False,,,Тоҷикӣ / Форсӣ,,
tj_m_nurbakhsh_951,951,male,Мужской,Писарона,Н,Нурбахш,Нурбахш,Nurbakhsh,НУРБАХШ,НУРБАХШ,NURBAKHSH,True,"Қарори Ҳукумати Ҷумҳурии Тоҷикистон аз 26 феврали соли 2026, №98",False,,,Тоҷикӣ / Форсӣ,,
tj_m_nurdil_952,952,male,Мужской,Писарона,Н,Нурдил,Нурдил,Nurdil,НУРДИЛ,НУРДИЛ,NURDIL,True,"Қарори Ҳукумати Ҷумҳурии Тоҷикистон аз 26 феврали соли 2026, №98",False,,,Тоҷикӣ / Форсӣ,,
tj_m_nuriddin_953,953,male,Мужской,Писарона,Н,Нуриддин,Нуриддин,Nuriddin,НУРИДДИН,НУРИДДИН,NURIDDIN,True,"Қарори Ҳукумати Ҷумҳурии Тоҷикистон аз 26 феврали соли 2026, №98",False,,,Тоҷикӣ / Форсӣ,,
tj_m_nurmand_954,954,male,Мужской,Писарона,Н,Нурманд,Нурманд,Nurmand,НУРМАНД,НУРМАНД,NURMAND,True,"Қарори Ҳукумати Ҷумҳурии Тоҷикистон аз 26 феврали соли 2026, №98",False,,,Тоҷикӣ / Форсӣ,,
tj_m_nurmurod_955,955,male,Мужской,Писарона,Н,Нурмурод,Нурмурод,Nurmurod,НУРМУРОД,НУРМУРОД,NURMUROD,True,"Қарори Ҳукумати Ҷумҳурии Тоҷикистон аз 26 феврали соли 2026, №98",False,,,Тоҷикӣ / Форсӣ,,
tj_m_nuron_956,956,male,Мужской,Писарона,Н,Нурон,Нурон,Nuron,НУРОН,НУРОН,NURON,True,"Қарори Ҳукумати Ҷумҳурии Тоҷикистон аз 26 феврали соли 2026, №98",False,,,Тоҷикӣ / Форсӣ,,
tj_m_nuroni_957,957,male,Мужской,Писарона,Н,Нуронӣ,Нурони,Nuroni,НУРОНӢ,НУРОНИ,NURONI,True,"Қарори Ҳукумати Ҷумҳурии Тоҷикистон аз 26 феврали соли 2026, №98",False,,,Тоҷикӣ / Форсӣ,,
tj_m_nuronshoh_958,958,male,Мужской,Писарона,Н,Нуроншоҳ,Нуроншох,Nuronshoh,НУРОНШОҲ,НУРОНШОХ,NURONSHOH,True,"Қарори Ҳукумати Ҷумҳурии Тоҷикистон аз 26 феврали соли 2026, №98",False,,,Тоҷикӣ / Форсӣ,,
tj_m_nurofar_959,959,male,Мужской,Писарона,Н,Нурофар,Нурофар,Nurofar,НУРОФАР,НУРОФАР,NUROFAR,True,"Қарори Ҳукумати Ҷумҳурии Тоҷикистон аз 26 феврали соли 2026, №98",False,,,Тоҷикӣ / Форсӣ,,
tj_m_nurullo_960,960,male,Мужской,Писарона,Н,Нурулло,Нурулло,Nurullo,НУРУЛЛО,НУРУЛЛО,NURULLO,True,"Қарори Ҳукумати Ҷумҳурии Тоҷикистон аз 26 феврали соли 2026, №98",False,,,Тоҷикӣ / Форсӣ,,
tj_m_nurjahon_961,961,male,Мужской,Писарона,Н,Нурҷаҳон,Нурджахон,Nurjahon,НУРҶАҲОН,НУРДЖАХОН,NURJAHON,True,"Қарори Ҳукумати Ҷумҳурии Тоҷикистон аз 26 феврали соли 2026, №98",False,,,Тоҷикӣ / Форсӣ,,
tj_m_nurshed_962,962,male,Мужской,Писарона,Н,Нуршед,Нуршед,Nurshed,НУРШЕД,НУРШЕД,NURSHED,True,"Қарори Ҳукумати Ҷумҳурии Тоҷикистон аз 26 феврали соли 2026, №98",False,,,Тоҷикӣ / Форсӣ,,
tj_m_nusrat_963,963,male,Мужской,Писарона,Н,Нусрат,Нусрат,Nusrat,НУСРАТ,НУСРАТ,NUSRAT,True,"Қарори Ҳукумати Ҷумҳурии Тоҷикистон аз 26 феврали соли 2026, №98",False,,,Тоҷикӣ / Форсӣ,,
tj_m_nusratullo_964,964,male,Мужской,Писарона,Н,Нусратулло,Нусратулло,Nusratullo,НУСРАТУЛЛО,НУСРАТУЛЛО,NUSRATULLO,True,"Қарори Ҳукумати Ҷумҳурии Тоҷикистон аз 26 феврали соли 2026, №98",False,,,Тоҷикӣ / Форсӣ,,
tj_m_nushervon_965,965,male,Мужской,Писарона,Н,Нушервон,Нушервон,Nushervon,НУШЕРВОН,НУШЕРВОН,NUSHERVON,True,"Қарори Ҳукумати Ҷумҳурии Тоҷикистон аз 26 феврали соли 2026, №98",False,,,Тоҷикӣ / Форсӣ,,
tj_m_nushzod_966,966,male,Мужской,Писарона,Н,Нушзод,Нушзод,Nushzod,НУШЗОД,НУШЗОД,NUSHZOD,True,"Қарори Ҳукумати Ҷумҳурии Тоҷикистон аз 26 феврали соли 2026, №98",False,,,Тоҷикӣ / Форсӣ,,
tj_m_nushiravon_967,967,male,Мужской,Писарона,Н,Нуширавон,Нуширавон,Nushiravon,НУШИРАВОН,НУШИРАВОН,NUSHIRAVON,True,"Қарори Ҳукумати Ҷумҳурии Тоҷикистон аз 26 феврали соли 2026, №98",False,,,Тоҷикӣ / Форсӣ,,
tj_m_nushozar_968,968,male,Мужской,Писарона,Н,Нушозар,Нушозар,Nushozar,НУШОЗАР,НУШОЗАР,NUSHOZAR,True,"Қарори Ҳукумати Ҷумҳурии Тоҷикистон аз 26 феврали соли 2026, №98",False,,,Тоҷикӣ / Форсӣ,,
tj_m_nushofarid_969,969,male,Мужской,Писарона,Н,Нушофарид,Нушофарид,Nushofarid,НУШОФАРИД,НУШОФАРИД,NUSHOFARID,True,"Қарори Ҳукумати Ҷумҳурии Тоҷикистон аз 26 феврали соли 2026, №98",False,,,Тоҷикӣ / Форсӣ,,
tj_m_nushravon_970,970,male,Мужской,Писарона,Н,Нушравон,Нушравон,Nushravon,НУШРАВОН,НУШРАВОН,NUSHRAVON,True,"Қарори Ҳукумати Ҷумҳурии Тоҷикистон аз 26 феврали соли 2026, №98",False,,,Тоҷикӣ / Форсӣ,,
tj_m_numon_971,971,male,Мужской,Писарона,Н,Нуъмон,Нуъмон,Nu’mon,НУЪМОН,НУЪМОН,NU’MON,True,"Қарори Ҳукумати Ҷумҳурии Тоҷикистон аз 26 феврали соли 2026, №98",True,numan,"Кровь, красный цвет (символ жизненной силы)",Арабское,жизнелюбивый; энергичный; яркий; сильный; деятельный,"Арабское نُعْمَان (нуман) — «кровь, красный». Несмотря на буквальное значение, имя ассоциируется прежде всего с Имамом Абу Ханифой, полное имя которого — Нуман ибн Сабит (699–767). Абу Ханифа — основатель ханафитского мазхаба (правовой школы), которого придерживается более трети мусульман мира. Его метод использования «рая» (личного суждения) и «кияса» (аналогии) заложил основы исламского права. Также Нуман ибн Башир — сподвижник, передавший знаменитый хадис о халяле и хараме."
tj_m_obid_972,972,male,Мужской,Писарона,О,Обид,Обид,Obid,ОБИД,ОБИД,OBID,True,"Қарори Ҳукумати Ҷумҳурии Тоҷикистон аз 26 феврали соли 2026, №98",False,,,Тоҷикӣ / Форсӣ,,
tj_m_obondod_973,973,male,Мужской,Писарона,О,Обондод,Обондод,Obondod,ОБОНДОД,ОБОНДОД,OBONDOD,True,"Қарори Ҳукумати Ҷумҳурии Тоҷикистон аз 26 феврали соли 2026, №98",False,,,Тоҷикӣ / Форсӣ,,
tj_m_obonyod_974,974,male,Мужской,Писарона,О,Обонёд,Обонёд,Obonyod,ОБОНЁД,ОБОНЁД,OBONYOD,True,"Қарори Ҳукумати Ҷумҳурии Тоҷикистон аз 26 феврали соли 2026, №98",False,,,Тоҷикӣ / Форсӣ,,
tj_m_obtin_975,975,male,Мужской,Писарона,О,Обтин,Обтин,Obtin,ОБТИН,ОБТИН,OBTIN,True,"Қарори Ҳукумати Ҷумҳурии Тоҷикистон аз 26 феврали соли 2026, №98",False,,,Тоҷикӣ / Форсӣ,,
tj_m_ovan_976,976,male,Мужской,Писарона,О,Ован,Ован,Ovan,ОВАН,ОВАН,OVAN,True,"Қарори Ҳукумати Ҷумҳурии Тоҷикистон аз 26 феврали соли 2026, №98",False,,,Тоҷикӣ / Форсӣ,,
tj_m_odil_977,977,male,Мужской,Писарона,О,Одил,Одил,Odil,ОДИЛ,ОДИЛ,ODIL,True,"Қарори Ҳукумати Ҷумҳурии Тоҷикистон аз 26 феврали соли 2026, №98",True,adil,"Справедливый, беспристрастный",Арабское,справедливый; честный; мудрый; непредвзятый; благородный,От арабского عَدْل (адль) — «справедливость». Аль-Адль — одно из 99 прекрасных имён Аллаха. Справедливость (
tj_m_odin_978,978,male,Мужской,Писарона,О,Один,Один,Odin,ОДИН,ОДИН,ODIN,True,"Қарори Ҳукумати Ҷумҳурии Тоҷикистон аз 26 феврали соли 2026, №98",False,,,Тоҷикӣ / Форсӣ,,
tj_m_odina_979,979,male,Мужской,Писарона,О,Одина,Одина,Odina,ОДИНА,ОДИНА,ODINA,True,"Қарори Ҳукумати Ҷумҳурии Тоҷикистон аз 26 феврали соли 2026, №98",False,,,Тоҷикӣ / Форсӣ,,
tj_m_odur_980,980,male,Мужской,Писарона,О,Одур,Одур,Odur,ОДУР,ОДУР,ODUR,True,"Қарори Ҳукумати Ҷумҳурии Тоҷикистон аз 26 феврали соли 2026, №98",False,,,Тоҷикӣ / Форсӣ,,
tj_m_ozar_981,981,male,Мужской,Писарона,О,Озар,Озар,Ozar,ОЗАР,ОЗАР,OZAR,True,"Қарори Ҳукумати Ҷумҳурии Тоҷикистон аз 26 феврали соли 2026, №98",False,,,Тоҷикӣ / Форсӣ,,
tj_m_ozarang_982,982,male,Мужской,Писарона,О,Озаранг,Озаранг,Ozarang,ОЗАРАНГ,ОЗАРАНГ,OZARANG,True,"Қарори Ҳукумати Ҷумҳурии Тоҷикистон аз 26 феврали соли 2026, №98",False,,,Тоҷикӣ / Форсӣ,,
tj_m_ozarfruz_983,983,male,Мужской,Писарона,О,Озарафрӯз,Озарафруз,Ozarаfruz,ОЗАРАФРӮЗ,ОЗАРАФРУЗ,OZARАFRUZ,True,"Қарори Ҳукумати Ҷумҳурии Тоҷикистон аз 26 феврали соли 2026, №98",False,,,Тоҷикӣ / Форсӣ,,
tj_m_ozarakhsh_984,984,male,Мужской,Писарона,О,Озарахш,Озарахш,Ozarakhsh,ОЗАРАХШ,ОЗАРАХШ,OZARAKHSH,True,"Қарори Ҳукумати Ҷумҳурии Тоҷикистон аз 26 феврали соли 2026, №98",False,,,Тоҷикӣ / Форсӣ,,
tj_m_ozarbakhsh_985,985,male,Мужской,Писарона,О,Озарбахш,Озарбахш,Ozarbakhsh,ОЗАРБАХШ,ОЗАРБАХШ,OZARBAKHSH,True,"Қарори Ҳукумати Ҷумҳурии Тоҷикистон аз 26 феврали соли 2026, №98",False,,,Тоҷикӣ / Форсӣ,,
tj_m_ozarbeh_986,986,male,Мужской,Писарона,О,Озарбеҳ,Озарбех,Ozarbeh,ОЗАРБЕҲ,ОЗАРБЕХ,OZARBEH,True,"Қарори Ҳукумати Ҷумҳурии Тоҷикистон аз 26 феврали соли 2026, №98",False,,,Тоҷикӣ / Форсӣ,,
tj_m_ozarbod_987,987,male,Мужской,Писарона,О,Озарбод,Озарбод,Ozarbod,ОЗАРБОД,ОЗАРБОД,OZARBOD,True,"Қарори Ҳукумати Ҷумҳурии Тоҷикистон аз 26 феврали соли 2026, №98",False,,,Тоҷикӣ / Форсӣ,,
tj_m_ozarbon_988,988,male,Мужской,Писарона,О,Озарбон,Озарбон,Ozarbon,ОЗАРБОН,ОЗАРБОН,OZARBON,True,"Қарори Ҳукумати Ҷумҳурии Тоҷикистон аз 26 феврали соли 2026, №98",False,,,Тоҷикӣ / Форсӣ,,
tj_m_ozarbud_989,989,male,Мужской,Писарона,О,Озарбуд,Озарбуд,Ozarbud,ОЗАРБУД,ОЗАРБУД,OZARBUD,True,"Қарори Ҳукумати Ҷумҳурии Тоҷикистон аз 26 феврали соли 2026, №98",False,,,Тоҷикӣ / Форсӣ,,
tj_m_ozarburz_990,990,male,Мужской,Писарона,О,Озарбурз,Озарбурз,Ozarburz,ОЗАРБУРЗ,ОЗАРБУРЗ,OZARBURZ,True,"Қарори Ҳукумати Ҷумҳурии Тоҷикистон аз 26 феврали соли 2026, №98",False,,,Тоҷикӣ / Форсӣ,,
tj_m_ozarvon_991,991,male,Мужской,Писарона,О,Озарвон,Озарвон,Ozarvon,ОЗАРВОН,ОЗАРВОН,OZARVON,True,"Қарори Ҳукумати Ҷумҳурии Тоҷикистон аз 26 феврали соли 2026, №98",False,,,Тоҷикӣ / Форсӣ,,
tj_m_ozardod_992,992,male,Мужской,Писарона,О,Озардод,Озардод,Ozardod,ОЗАРДОД,ОЗАРДОД,OZARDOD,True,"Қарори Ҳукумати Ҷумҳурии Тоҷикистон аз 26 феврали соли 2026, №98",False,,,Тоҷикӣ / Форсӣ,,
tj_m_ozarm_993,993,male,Мужской,Писарона,О,Озарм,Озарм,Ozarm,ОЗАРМ,ОЗАРМ,OZARM,True,"Қарори Ҳукумати Ҷумҳурии Тоҷикистон аз 26 феврали соли 2026, №98",False,,,Тоҷикӣ / Форсӣ,,
tj_m_ozarmehr_994,994,male,Мужской,Писарона,О,Озармеҳр,Озармехр,Ozarmehr,ОЗАРМЕҲР,ОЗАРМЕХР,OZARMEHR,True,"Қарори Ҳукумати Ҷумҳурии Тоҷикистон аз 26 феврали соли 2026, №98",False,,,Тоҷикӣ / Форсӣ,,
tj_m_ozarnush_995,995,male,Мужской,Писарона,О,Озарнуш,Озарнуш,Ozarnush,ОЗАРНУШ,ОЗАРНУШ,OZARNUSH,True,"Қарори Ҳукумати Ҷумҳурии Тоҷикистон аз 26 феврали соли 2026, №98",False,,,Тоҷикӣ / Форсӣ,,
tj_m_ozarhush_996,996,male,Мужской,Писарона,О,Озарҳуш,Озархуш,Ozarhush,ОЗАРҲУШ,ОЗАРХУШ,OZARHUSH,True,"Қарори Ҳукумати Ҷумҳурии Тоҷикистон аз 26 феврали соли 2026, №98",False,,,Тоҷикӣ / Форсӣ,,
tj_m_ozaroyin_997,997,male,Мужской,Писарона,О,Озаройин,Озаройин,Ozaroyin,ОЗАРОЙИН,ОЗАРОЙИН,OZAROYIN,True,"Қарори Ҳукумати Ҷумҳурии Тоҷикистон аз 26 феврали соли 2026, №98",False,,,Тоҷикӣ / Форсӣ,,
tj_m_ozaron_998,998,male,Мужской,Писарона,О,Озарон,Озарон,Ozaron,ОЗАРОН,ОЗАРОН,OZARON,True,"Қарори Ҳукумати Ҷумҳурии Тоҷикистон аз 26 феврали соли 2026, №98",False,,,Тоҷикӣ / Форсӣ,,
tj_m_ozarrukh_999,999,male,Мужской,Писарона,О,Озаррух,Озаррух,Ozarrukh,ОЗАРРУХ,ОЗАРРУХ,OZARRUKH,True,"Қарори Ҳукумати Ҷумҳурии Тоҷикистон аз 26 феврали соли 2026, №98",False,,,Тоҷикӣ / Форсӣ,,
tj_m_ozarfar_1000,1000,male,Мужской,Писарона,О,Озарфар,Озарфар,Ozarfar,ОЗАРФАР,ОЗАРФАР,OZARFAR,True,"Қарори Ҳукумати Ҷумҳурии Тоҷикистон аз 26 феврали соли 2026, №98",False,,,Тоҷикӣ / Форсӣ,,
tj_m_ozarfuruz_1001,1001,male,Мужской,Писарона,О,Озарфурӯз,Озарфуруз,Ozarfuruz,ОЗАРФУРӮЗ,ОЗАРФУРУЗ,OZARFURUZ,True,"Қарори Ҳукумати Ҷумҳурии Тоҷикистон аз 26 феврали соли 2026, №98",False,,,Тоҷикӣ / Форсӣ,,
tj_m_ozarchehr_1002,1002,male,Мужской,Писарона,О,Озарчеҳр,Озарчехр,Ozarchehr,ОЗАРЧЕҲР,ОЗАРЧЕХР,OZARCHEHR,True,"Қарори Ҳукумати Ҷумҳурии Тоҷикистон аз 26 феврали соли 2026, №98",False,,,Тоҷикӣ / Форсӣ,,
tj_m_ozin_1003,1003,male,Мужской,Писарона,О,Озин,Озин,Ozin,ОЗИН,ОЗИН,OZIN,True,"Қарори Ҳукумати Ҷумҳурии Тоҷикистон аз 26 феврали соли 2026, №98",True,yasin,Сура Корана (буквы يس); «О человек» по некоторым толкованиям,Арабское,духовный; коранический; особенный; благородный; богобоязненный,"يس (Ясин) — одни из «аль-хуруф аль-мукаттаа» (разрозненных букв) в начале суры 36 Корана. Хадис: «Для всего есть сердце, и сердце Корана — Ясин» (Тирмизи — слабый хадис, но широко цитируемый). Сура Ясин (36) — одна из наиболее читаемых; её читают у умирающих и на поминальных собраниях. Описывает жителей города, отвергших пророков, и суть воскресения. Имя Ясин несёт глубокую связь с Кораном."
tj_m_ozinfar_1004,1004,male,Мужской,Писарона,О,Озинфар,Озинфар,Ozinfar,ОЗИНФАР,ОЗИНФАР,OZINFAR,True,"Қарори Ҳукумати Ҷумҳурии Тоҷикистон аз 26 феврали соли 2026, №98",False,,,Тоҷикӣ / Форсӣ,,
tj_m_ozmon_1005,1005,male,Мужской,Писарона,О,Озмон,Озмон,Ozmon,ОЗМОН,ОЗМОН,OZMON,True,"Қарори Ҳукумати Ҷумҳурии Тоҷикистон аз 26 феврали соли 2026, №98",False,,,Тоҷикӣ / Форсӣ,,
tj_m_ozod_1006,1006,male,Мужской,Писарона,О,Озод,Озод,Ozod,ОЗОД,ОЗОД,OZOD,True,"Қарори Ҳукумати Ҷумҳурии Тоҷикистон аз 26 феврали соли 2026, №98",True,azat,Свободный,Персидское,свободолюбивый; сильный; справедливый,От персидского «азад» — «свободный». Очень популярное имя среди тюркских народов.
tj_m_ozodashoh_1007,1007,male,Мужской,Писарона,О,Озодашоҳ,Озодашох,Ozodashoh,ОЗОДАШОҲ,ОЗОДАШОХ,OZODASHOH,True,"Қарори Ҳукумати Ҷумҳурии Тоҷикистон аз 26 феврали соли 2026, №98",False,,,Тоҷикӣ / Форсӣ,,
tj_m_ozodbakht_1008,1008,male,Мужской,Писарона,О,Озодбахт,Озодбахт,Ozodbakht,ОЗОДБАХТ,ОЗОДБАХТ,OZODBAKHT,True,"Қарори Ҳукумати Ҷумҳурии Тоҷикистон аз 26 феврали соли 2026, №98",False,,,Тоҷикӣ / Форсӣ,,
tj_m_ozodbakhsh_1009,1009,male,Мужской,Писарона,О,Озодбахш,Озодбахш,Ozodbakhsh,ОЗОДБАХШ,ОЗОДБАХШ,OZODBAKHSH,True,"Қарори Ҳукумати Ҷумҳурии Тоҷикистон аз 26 феврали соли 2026, №98",False,,,Тоҷикӣ / Форсӣ,,
tj_m_ozodbeh_1010,1010,male,Мужской,Писарона,О,Озодбеҳ,Озодбех,Ozodbeh,ОЗОДБЕҲ,ОЗОДБЕХ,OZODBEH,True,"Қарори Ҳукумати Ҷумҳурии Тоҷикистон аз 26 феврали соли 2026, №98",False,,,Тоҷикӣ / Форсӣ,,
tj_m_ozodon_1011,1011,male,Мужской,Писарона,О,Озодон,Озодон,Ozodon,ОЗОДОН,ОЗОДОН,OZODON,True,"Қарори Ҳукумати Ҷумҳурии Тоҷикистон аз 26 феврали соли 2026, №98",False,,,Тоҷикӣ / Форсӣ,,
tj_m_ozodsarv_1012,1012,male,Мужской,Писарона,О,Озодсарв,Озодсарв,Ozodsarv,ОЗОДСАРВ,ОЗОДСАРВ,OZODSARV,True,"Қарори Ҳукумати Ҷумҳурии Тоҷикистон аз 26 феврали соли 2026, №98",False,,,Тоҷикӣ / Форсӣ,,
tj_m_ozodshod_1013,1013,male,Мужской,Писарона,О,Озодшод,Озодшод,Ozodshod,ОЗОДШОД,ОЗОДШОД,OZODSHOD,True,"Қарори Ҳукумати Ҷумҳурии Тоҷикистон аз 26 феврали соли 2026, №98",False,,,Тоҷикӣ / Форсӣ,,
tj_m_oqil_1014,1014,male,Мужской,Писарона,О,Оқил,Окил,Oqil,ОҚИЛ,ОКИЛ,OQIL,True,"Қарори Ҳукумати Ҷумҳурии Тоҷикистон аз 26 феврали соли 2026, №98",True,aqil,"Разумный, рассудительный, мудрый",Арабское,разумный; рассудительный; мудрый; проницательный; уравновешенный,"Арабское عَقِيل (акиль) — «умный, рассудительный». «Акл» (عقل) — разум, сдержанность — одна из высших добродетелей в исламской этике. Акиль ибн Аби Талиб — старший брат Али ибн Аби Талиба, двоюродный брат Пророка ﷺ. Он был знатоком арабской генеалогии и истории. Впоследствии принял ислам и переселился в Медину. Пророк любил его особой любовью."
tj_m_oqilnazr_1015,1015,male,Мужской,Писарона,О,Оқилназар,Окилназар,Oqilnazаr,ОҚИЛНАЗАР,ОКИЛНАЗАР,OQILNAZАR,True,"Қарори Ҳукумати Ҷумҳурии Тоҷикистон аз 26 феврали соли 2026, №98",False,,,Тоҷикӣ / Форсӣ,,
tj_m_olamafruz_1016,1016,male,Мужской,Писарона,О,Оламафрӯз,Олaмафруз,Olamafruz,ОЛАМАФРӮЗ,ОЛAМАФРУЗ,OLAMAFRUZ,True,"Қарори Ҳукумати Ҷумҳурии Тоҷикистон аз 26 феврали соли 2026, №98",False,,,Тоҷикӣ / Форсӣ,,
tj_m_olamgir_1017,1017,male,Мужской,Писарона,О,Оламгир,Олaмгир,Olamgir,ОЛАМГИР,ОЛAМГИР,OLAMGIR,True,"Қарори Ҳукумати Ҷумҳурии Тоҷикистон аз 26 феврали соли 2026, №98",False,,,Тоҷикӣ / Форсӣ,,
tj_m_olim_1018,1018,male,Мужской,Писарона,О,Олим,Олим,Olim,ОЛИМ,ОЛИМ,OLIM,True,"Қарори Ҳукумати Ҷумҳурии Тоҷикистон аз 26 феврали соли 2026, №98",True,alim,"Учёный, знающий",Арабское,учёный; мудрый; знающий; просвещённый; глубокомысленный,"Арабское عَالِم (алим) — «знающий, учёный». Один из эпитетов Аллаха — аль-Алим (البَارِئ). Пророк ﷺ сказал: «Превосходство учёного над поклоняющимся подобно превосходству луны над остальными звёздами» (Тирмизи). В исламской цивилизации «алимы» — хранители религиозного знания, их статус исключителен. Имя носили великие учёные: Алим ад-Дин аль-Сахави и др."
tj_m_olimyor_1019,1019,male,Мужской,Писарона,О,Олимёр,Олимёр,Olimyor,ОЛИМЁР,ОЛИМЁР,OLIMYOR,True,"Қарори Ҳукумати Ҷумҳурии Тоҷикистон аз 26 феврали соли 2026, №98",False,,,Тоҷикӣ / Форсӣ,,
tj_m_oman_1020,1020,male,Мужской,Писарона,О,Оман,Оман,Oman,ОМАН,ОМАН,OMAN,True,"Қарори Ҳукумати Ҷумҳурии Тоҷикистон аз 26 феврали соли 2026, №98",False,,,Тоҷикӣ / Форсӣ,,
tj_m_oraz_1021,1021,male,Мужской,Писарона,О,Ораз,Ораз,Oraz,ОРАЗ,ОРАЗ,ORAZ,True,"Қарори Ҳукумати Ҷумҳурии Тоҷикистон аз 26 феврали соли 2026, №98",False,,,Тоҷикӣ / Форсӣ,,
tj_m_orazmehr_1022,1022,male,Мужской,Писарона,О,Оразмехр,Оразмехр,Orazmehr,ОРАЗМЕХР,ОРАЗМЕХР,ORAZMEHR,True,"Қарори Ҳукумати Ҷумҳурии Тоҷикистон аз 26 феврали соли 2026, №98",False,,,Тоҷикӣ / Форсӣ,,
tj_m_oraznush_1023,1023,male,Мужской,Писарона,О,Оразнуш,Оразнуш,Oraznush,ОРАЗНУШ,ОРАЗНУШ,ORAZNUSH,True,"Қарори Ҳукумати Ҷумҳурии Тоҷикистон аз 26 феврали соли 2026, №98",False,,,Тоҷикӣ / Форсӣ,,
tj_m_orash_1024,1024,male,Мужской,Писарона,О,Ораш,Ораш,Orash,ОРАШ,ОРАШ,ORASH,True,"Қарори Ҳукумати Ҷумҳурии Тоҷикистон аз 26 феврали соли 2026, №98",False,,,Тоҷикӣ / Форсӣ,,
tj_m_orashdod_1025,1025,male,Мужской,Писарона,О,Орашдод,Орашдод,Orashdod,ОРАШДОД,ОРАШДОД,ORASHDOD,True,"Қарори Ҳукумати Ҷумҳурии Тоҷикистон аз 26 феврали соли 2026, №98",False,,,Тоҷикӣ / Форсӣ,,
tj_m_orashzod_1026,1026,male,Мужской,Писарона,О,Орашзод,Орашзод,Orashzod,ОРАШЗОД,ОРАШЗОД,ORASHZOD,True,"Қарори Ҳукумати Ҷумҳурии Тоҷикистон аз 26 феврали соли 2026, №98",False,,,Тоҷикӣ / Форсӣ,,
tj_m_orashto_1027,1027,male,Мужской,Писарона,О,Орашто,Орашто,Orashto,ОРАШТО,ОРАШТО,ORASHTO,True,"Қарори Ҳукумати Ҷумҳурии Тоҷикистон аз 26 феврали соли 2026, №98",False,,,Тоҷикӣ / Форсӣ,,
tj_m_orvand_1028,1028,male,Мужской,Писарона,О,Орванд,Орванд,Orvand,ОРВАНД,ОРВАНД,ORVAND,True,"Қарори Ҳукумати Ҷумҳурии Тоҷикистон аз 26 феврали соли 2026, №98",False,,,Тоҷикӣ / Форсӣ,,
tj_m_orvin_1029,1029,male,Мужской,Писарона,О,Орвин,Орвин,Orvin,ОРВИН,ОРВИН,ORVIN,True,"Қарори Ҳукумати Ҷумҳурии Тоҷикистон аз 26 феврали соли 2026, №98",False,,,Тоҷикӣ / Форсӣ,,
tj_m_orvon_1030,1030,male,Мужской,Писарона,О,Орвон,Орвон,Orvon,ОРВОН,ОРВОН,ORVON,True,"Қарори Ҳукумати Ҷумҳурии Тоҷикистон аз 26 феврали соли 2026, №98",False,,,Тоҷикӣ / Форсӣ,,
tj_m_orzu_1031,1031,male,Мужской,Писарона,О,Орзу,Орзу,Orzu,ОРЗУ,ОРЗУ,ORZU,True,"Қарори Ҳукумати Ҷумҳурии Тоҷикистон аз 26 феврали соли 2026, №98",False,,,Тоҷикӣ / Форсӣ,,
tj_m_orivdod_1032,1032,male,Мужской,Писарона,О,Оривдод,Оривдод,Orivdod,ОРИВДОД,ОРИВДОД,ORIVDOD,True,"Қарори Ҳукумати Ҷумҳурии Тоҷикистон аз 26 феврали соли 2026, №98",False,,,Тоҷикӣ / Форсӣ,,
tj_m_oriyo_1033,1033,male,Мужской,Писарона,О,Ориё,Ориё,Oriyo,ОРИЁ,ОРИЁ,ORIYO,True,"Қарори Ҳукумати Ҷумҳурии Тоҷикистон аз 26 феврали соли 2026, №98",False,,,Тоҷикӣ / Форсӣ,,
tj_m_oriyobon_1034,1034,male,Мужской,Писарона,О,Ориёбон,Ориёбон,Oriyobon,ОРИЁБОН,ОРИЁБОН,ORIYOBON,True,"Қарори Ҳукумати Ҷумҳурии Тоҷикистон аз 26 феврали соли 2026, №98",False,,,Тоҷикӣ / Форсӣ,,
tj_m_oriyobud_1035,1035,male,Мужской,Писарона,О,Ориёбуд,Ориёбуд,Oriyobud,ОРИЁБУД,ОРИЁБУД,ORIYOBUD,True,"Қарори Ҳукумати Ҷумҳурии Тоҷикистон аз 26 феврали соли 2026, №98",False,,,Тоҷикӣ / Форсӣ,,
tj_m_oriyovand_1036,1036,male,Мужской,Писарона,О,Ориёванд,Ориёванд,Oriyovand,ОРИЁВАНД,ОРИЁВАНД,ORIYOVAND,True,"Қарори Ҳукумати Ҷумҳурии Тоҷикистон аз 26 феврали соли 2026, №98",False,,,Тоҷикӣ / Форсӣ,,
tj_m_oriyovash_1037,1037,male,Мужской,Писарона,О,Ориёваш,Ориёваш,Oriyovash,ОРИЁВАШ,ОРИЁВАШ,ORIYOVASH,True,"Қарори Ҳукумати Ҷумҳурии Тоҷикистон аз 26 феврали соли 2026, №98",False,,,Тоҷикӣ / Форсӣ,,
tj_m_oriyodod_1038,1038,male,Мужской,Писарона,О,Ориёдод,Ориёдод,Oriyodod,ОРИЁДОД,ОРИЁДОД,ORIYODOD,True,"Қарори Ҳукумати Ҷумҳурии Тоҷикистон аз 26 феврали соли 2026, №98",False,,,Тоҷикӣ / Форсӣ,,
tj_m_oriyoman_1039,1039,male,Мужской,Писарона,О,Ориёман,Ориёман,Oriyoman,ОРИЁМАН,ОРИЁМАН,ORIYOMAN,True,"Қарори Ҳукумати Ҷумҳурии Тоҷикистон аз 26 феврали соли 2026, №98",False,,,Тоҷикӣ / Форсӣ,,
tj_m_oriyomard_1040,1040,male,Мужской,Писарона,О,Ориёмард,Ориёмард,Oriyomard,ОРИЁМАРД,ОРИЁМАРД,ORIYOMARD,True,"Қарори Ҳукумати Ҷумҳурии Тоҷикистон аз 26 феврали соли 2026, №98",False,,,Тоҷикӣ / Форсӣ,,
tj_m_oriyomehr_1041,1041,male,Мужской,Писарона,О,Ориёмеҳр,Ориёмехр,Oriyomehr,ОРИЁМЕҲР,ОРИЁМЕХР,ORIYOMEHR,True,"Қарори Ҳукумати Ҷумҳурии Тоҷикистон аз 26 феврали соли 2026, №98",False,,,Тоҷикӣ / Форсӣ,,
tj_m_oriyon_1042,1042,male,Мужской,Писарона,О,Ориён,Ориён,Oriyon,ОРИЁН,ОРИЁН,ORIYON,True,"Қарори Ҳукумати Ҷумҳурии Тоҷикистон аз 26 феврали соли 2026, №98",False,,,Тоҷикӣ / Форсӣ,,
tj_m_oriyonur_1043,1043,male,Мужской,Писарона,О,Ориёнур,Ориёнур,Oriyonur,ОРИЁНУР,ОРИЁНУР,ORIYONUR,True,"Қарори Ҳукумати Ҷумҳурии Тоҷикистон аз 26 феврали соли 2026, №98",False,,,Тоҷикӣ / Форсӣ,,
tj_m_oriyotis_1044,1044,male,Мужской,Писарона,О,Ориётис,Ориётис,Oriyotis,ОРИЁТИС,ОРИЁТИС,ORIYOTIS,True,"Қарори Ҳукумати Ҷумҳурии Тоҷикистон аз 26 феврали соли 2026, №98",False,,,Тоҷикӣ / Форсӣ,,
tj_m_riyofar_1045,1045,male,Мужской,Писарона,О,Ориёфар,Ориёфар,Оriyofar,ОРИЁФАР,ОРИЁФАР,ОRIYOFAR,True,"Қарори Ҳукумати Ҷумҳурии Тоҷикистон аз 26 феврали соли 2026, №98",False,,,Тоҷикӣ / Форсӣ,,
tj_m_oriyochehr_1046,1046,male,Мужской,Писарона,О,Ориёчеҳр,Ориёчехр,Oriyochehr,ОРИЁЧЕҲР,ОРИЁЧЕХР,ORIYOCHEHR,True,"Қарори Ҳукумати Ҷумҳурии Тоҷикистон аз 26 феврали соли 2026, №98",False,,,Тоҷикӣ / Форсӣ,,
tj_m_orino_1047,1047,male,Мужской,Писарона,О,Орино,Орино,Orino,ОРИНО,ОРИНО,ORINO,True,"Қарори Ҳукумати Ҷумҳурии Тоҷикистон аз 26 феврали соли 2026, №98",False,,,Тоҷикӣ / Форсӣ,,
tj_m_rif_1048,1048,male,Мужской,Писарона,О,Ориф,Ориф,Оrif,ОРИФ,ОРИФ,ОRIF,True,"Қарори Ҳукумати Ҷумҳурии Тоҷикистон аз 26 феврали соли 2026, №98",True,arif,"Знающий, постигший, мистик-гностик",Арабское,мудрый; проницательный; просветлённый; духовный; знающий,"От арабского عَرَفَ (арафа) — «знать, познавать». عَارِف (ариф) — «знающий, мудрый». В суфийской терминологии «ариф биллах» (عَارِف بالله) — высочайший ранг: тот, кто достиг непосредственного мистического познания Бога. Ибн Аль-Фарид, Ибн Аль-Аджиба и другие великие суфийские мастера описывают состояние «арифа» как вершину духовного пути. В исламской философии «ариф» противопоставляется «алиму» (учёному): первый знает Бога непосредственно, второй — через книги."
tj_m_orifshoh_1049,1049,male,Мужской,Писарона,О,Орифшоҳ,Орифшох,Orifshoh,ОРИФШОҲ,ОРИФШОХ,ORIFSHOH,True,"Қарори Ҳукумати Ҷумҳурии Тоҷикистон аз 26 феврали соли 2026, №98",False,,,Тоҷикӣ / Форсӣ,,
tj_m_ormin_1050,1050,male,Мужской,Писарона,О,Ормин,Ормин,Ormin,ОРМИН,ОРМИН,ORMIN,True,"Қарори Ҳукумати Ҷумҳурии Тоҷикистон аз 26 феврали соли 2026, №98",False,,,Тоҷикӣ / Форсӣ,,
tj_m_ormon_1051,1051,male,Мужской,Писарона,О,Ормон,Ормон,Ormon,ОРМОН,ОРМОН,ORMON,True,"Қарори Ҳукумати Ҷумҳурии Тоҷикистон аз 26 феврали соли 2026, №98",False,,,Тоҷикӣ / Форсӣ,,
tj_m_ormonshoh_1052,1052,male,Мужской,Писарона,О,Ормоншоҳ,Ормоншох,Ormonshoh,ОРМОНШОҲ,ОРМОНШОХ,ORMONSHOH,True,"Қарори Ҳукумати Ҷумҳурии Тоҷикистон аз 26 феврали соли 2026, №98",False,,,Тоҷикӣ / Форсӣ,,
tj_m_oro_1053,1053,male,Мужской,Писарона,О,Оро,Оро,Oro,ОРО,ОРО,ORO,True,"Қарори Ҳукумати Ҷумҳурии Тоҷикистон аз 26 феврали соли 2026, №98",True,yara,Маленькая бабочка (в персидском); подруга (в арабском),Арабское,лёгкая; нежная; красивая; свободная; дружелюбная,"Арабское يَارَة (яра) — «подруга, близкий человек; маленькая бабочка» (в персидском «яра» = бабочка). Имя короткое, лёгкое и красивое, оттого широко популярное в арабских странах. В арабо-персидской поэзии бабочка («парване») — образ души, летящей на свет, как на огонь любви к Богу. Руми: «Я — бабочка и ты — свеча: убей меня, и я буду вечно рядом». Имя широко используется в Ливане, Иордании, ОАЭ."
tj_m_orom_1054,1054,male,Мужской,Писарона,О,Ором,Ором,Orom,ОРОМ,ОРОМ,OROM,True,"Қарори Ҳукумати Ҷумҳурии Тоҷикистон аз 26 феврали соли 2026, №98",False,,,Тоҷикӣ / Форсӣ,,
tj_m_osan_1055,1055,male,Мужской,Писарона,О,Осан,Осан,Osan,ОСАН,ОСАН,OSAN,True,"Қарори Ҳукумати Ҷумҳурии Тоҷикистон аз 26 феврали соли 2026, №98",True,yazan,"Древний йеменский царь; решительный, стремительный",Арабское,решительный; стремительный; исторический; благородный; лидер,"Арабское يَزَن (язан) — имя древнего легендарного йеменского царя Сайф ибн Зи Язан, правителя эпохи Химьяритов. «Ибн Зи Язан» — герой одного из самых известных арабских народных романов (тысяч страниц): он вернул Йемен, отвоевав его у эфиопского царя с помощью персов. Имя несёт образ решительного и победоносного правителя. Очень популярно в Кувейте, ОАЭ, Саудовской Аравии."
tj_m_osaf_1056,1056,male,Мужской,Писарона,О,Осаф,Осаф,Osaf,ОСАФ,ОСАФ,OSAF,True,"Қарори Ҳукумати Ҷумҳурии Тоҷикистон аз 26 феврали соли 2026, №98",False,,,Тоҷикӣ / Форсӣ,,
tj_m_osim_1057,1057,male,Мужской,Писарона,О,Осим,Осим,Osim,ОСИМ,ОСИМ,OSIM,True,"Қарори Ҳукумати Ҷумҳурии Тоҷикистон аз 26 феврали соли 2026, №98",True,asim,"Защитник, хранитель",Арабское,защищающий; надёжный; сильный; стойкий; покровительствующий,"Арабское عَاصِم (асим) — «защитник, хранитель». Асим ибн Аби ан-Наджуд аль-Куфи (ум. 745) — один из семи (а по расширенной системе — десяти) великих чтецов Корана; его метод чтения («риваят Хафс ан Асим») — наиболее широко используемый в мире: именно по нему напечатаны миллиарды мусхафов в XX–XXI вв. «Хафс ан Асим» — стандарт Египетского комитета по изданию Корана (1924)."
tj_m_oso_1058,1058,male,Мужской,Писарона,О,Осо,Осо,Oso,ОСО,ОСО,OSO,True,"Қарори Ҳукумати Ҷумҳурии Тоҷикистон аз 26 феврали соли 2026, №98",False,,,Тоҷикӣ / Форсӣ,,
tj_m_otbin_1059,1059,male,Мужской,Писарона,О,Отбин,Отбин,Otbin,ОТБИН,ОТБИН,OTBIN,True,"Қарори Ҳукумати Ҷумҳурии Тоҷикистон аз 26 феврали соли 2026, №98",False,,,Тоҷикӣ / Форсӣ,,
tj_m_otirdod_1060,1060,male,Мужской,Писарона,О,Отирдод,Отирдод,Otirdod,ОТИРДОД,ОТИРДОД,OTIRDOD,True,"Қарори Ҳукумати Ҷумҳурии Тоҷикистон аз 26 феврали соли 2026, №98",False,,,Тоҷикӣ / Форсӣ,,
tj_m_otrin_1061,1061,male,Мужской,Писарона,О,Отрин,Отрин,Otrin,ОТРИН,ОТРИН,OTRIN,True,"Қарори Ҳукумати Ҷумҳурии Тоҷикистон аз 26 феврали соли 2026, №98",False,,,Тоҷикӣ / Форсӣ,,
tj_m_oyatullo_1062,1062,male,Мужской,Писарона,О,Оятулло,Оятулло,Oyatullo,ОЯТУЛЛО,ОЯТУЛЛО,OYATULLO,True,"Қарори Ҳукумати Ҷумҳурии Тоҷикистон аз 26 феврали соли 2026, №98",False,,,Тоҷикӣ / Форсӣ,,
tj_m_payom_1063,1063,male,Мужской,Писарона,П,Паём,Паём,Payom,ПАЁМ,ПАЁМ,PAYOM,True,"Қарори Ҳукумати Ҷумҳурии Тоҷикистон аз 26 феврали соли 2026, №98",False,,,Тоҷикӣ / Форсӣ,,
tj_m_payvand_1064,1064,male,Мужской,Писарона,П,Пайванд,Пайванд,Payvand,ПАЙВАНД,ПАЙВАНД,PAYVAND,True,"Қарори Ҳукумати Ҷумҳурии Тоҷикистон аз 26 феврали соли 2026, №98",False,,,Тоҷикӣ / Форсӣ,,
tj_m_payvandshoh_1065,1065,male,Мужской,Писарона,П,Пайвандшоҳ,Пайвандшох,Payvandshoh,ПАЙВАНДШОҲ,ПАЙВАНДШОХ,PAYVANDSHOH,True,"Қарори Ҳукумати Ҷумҳурии Тоҷикистон аз 26 феврали соли 2026, №98",False,,,Тоҷикӣ / Форсӣ,,
tj_m_payk_1066,1066,male,Мужской,Писарона,П,Пайк,Пайк,Payk,ПАЙК,ПАЙК,PAYK,True,"Қарори Ҳукумати Ҷумҳурии Тоҷикистон аз 26 феврали соли 2026, №98",False,,,Тоҷикӣ / Форсӣ,,
tj_m_paymon_1067,1067,male,Мужской,Писарона,П,Паймон,Паймон,Paymon,ПАЙМОН,ПАЙМОН,PAYMON,True,"Қарори Ҳукумати Ҷумҳурии Тоҷикистон аз 26 феврали соли 2026, №98",False,,,Тоҷикӣ / Форсӣ,,
tj_m_paymonshoh_1068,1068,male,Мужской,Писарона,П,Паймоншоҳ,Паймоншох,Paymonshoh,ПАЙМОНШОҲ,ПАЙМОНШОХ,PAYMONSHOH,True,"Қарори Ҳукумати Ҷумҳурии Тоҷикистон аз 26 феврали соли 2026, №98",False,,,Тоҷикӣ / Форсӣ,,
tj_m_payrav_1069,1069,male,Мужской,Писарона,П,Пайрав,Пайрав,Payrav,ПАЙРАВ,ПАЙРАВ,PAYRAV,True,"Қарори Ҳукумати Ҷумҳурии Тоҷикистон аз 26 феврали соли 2026, №98",False,,,Тоҷикӣ / Форсӣ,,
tj_m_pfyravshoh_1070,1070,male,Мужской,Писарона,П,Пайравшоҳ,Пайравшох,Pfyravshoh,ПАЙРАВШОҲ,ПАЙРАВШОХ,PFYRAVSHOH,True,"Қарори Ҳукумати Ҷумҳурии Тоҷикистон аз 26 феврали соли 2026, №98",False,,,Тоҷикӣ / Форсӣ,,
tj_m_paradiz_1071,1071,male,Мужской,Писарона,П,Парадиз,Парадиз,Paradiz,ПАРАДИЗ,ПАРАДИЗ,PARADIZ,True,"Қарори Ҳукумати Ҷумҳурии Тоҷикистон аз 26 феврали соли 2026, №98",False,,,Тоҷикӣ / Форсӣ,,
tj_m_paradod_1072,1072,male,Мужской,Писарона,П,Парадод,Парадод,Paradod,ПАРАДОД,ПАРАДОД,PARADOD,True,"Қарори Ҳукумати Ҷумҳурии Тоҷикистон аз 26 феврали соли 2026, №98",False,,,Тоҷикӣ / Форсӣ,,
tj_m_parviz_1073,1073,male,Мужской,Писарона,П,Парвиз,Парвиз,Parviz,ПАРВИЗ,ПАРВИЗ,PARVIZ,True,"Қарори Ҳукумати Ҷумҳурии Тоҷикистон аз 26 феврали соли 2026, №98",False,,,Тоҷикӣ / Форсӣ,,
tj_m_parvizshoh_1074,1074,male,Мужской,Писарона,П,Парвизшоҳ,Парвизшох,Parvizshoh,ПАРВИЗШОҲ,ПАРВИЗШОХ,PARVIZSHOH,True,"Қарори Ҳукумати Ҷумҳурии Тоҷикистон аз 26 феврали соли 2026, №98",False,,,Тоҷикӣ / Форсӣ,,
tj_m_parvo_1075,1075,male,Мужской,Писарона,П,Парво,Парво,Parvo,ПАРВО,ПАРВО,PARVO,True,"Қарори Ҳукумати Ҷумҳурии Тоҷикистон аз 26 феврали соли 2026, №98",False,,,Тоҷикӣ / Форсӣ,,
tj_m_parvoz_1076,1076,male,Мужской,Писарона,П,Парвоз,Парвоз,Parvoz,ПАРВОЗ,ПАРВОЗ,PARVOZ,True,"Қарори Ҳукумати Ҷумҳурии Тоҷикистон аз 26 феврали соли 2026, №98",False,,,Тоҷикӣ / Форсӣ,,
tj_m_partav_1077,1077,male,Мужской,Писарона,П,Партав,Партав,Partav,ПАРТАВ,ПАРТАВ,PARTAV,True,"Қарори Ҳукумати Ҷумҳурии Тоҷикистон аз 26 феврали соли 2026, №98",False,,,Тоҷикӣ / Форсӣ,,
tj_m_parshon_1078,1078,male,Мужской,Писарона,П,Паршон,Паршон,Parshon,ПАРШОН,ПАРШОН,PARSHON,True,"Қарори Ҳукумати Ҷумҳурии Тоҷикистон аз 26 феврали соли 2026, №98",False,,,Тоҷикӣ / Форсӣ,,
tj_m_pahlavon_1079,1079,male,Мужской,Писарона,П,Паҳлавон,Пахлавон,Pahlavon,ПАҲЛАВОН,ПАХЛАВОН,PAHLAVON,True,"Қарори Ҳукумати Ҷумҳурии Тоҷикистон аз 26 феврали соли 2026, №98",False,,,Тоҷикӣ / Форсӣ,,
tj_m_pashang_1080,1080,male,Мужской,Писарона,П,Пашанг,Пашанг,Pashang,ПАШАНГ,ПАШАНГ,PASHANG,True,"Қарори Ҳукумати Ҷумҳурии Тоҷикистон аз 26 феврали соли 2026, №98",False,,,Тоҷикӣ / Форсӣ,,
tj_m_pashin_1081,1081,male,Мужской,Писарона,П,Пашин,Пашин,Pashin,ПАШИН,ПАШИН,PASHIN,True,"Қарори Ҳукумати Ҷумҳурии Тоҷикистон аз 26 феврали соли 2026, №98",False,,,Тоҷикӣ / Форсӣ,,
tj_m_pashutan_1082,1082,male,Мужской,Писарона,П,Пашутан,Пашутан,Pashutan,ПАШУТАН,ПАШУТАН,PASHUTAN,True,"Қарори Ҳукумати Ҷумҳурии Тоҷикистон аз 26 феврали соли 2026, №98",False,,,Тоҷикӣ / Форсӣ,,
tj_m_peshdod_1083,1083,male,Мужской,Писарона,П,Пешдод,Пешдод,Peshdod,ПЕШДОД,ПЕШДОД,PESHDOD,True,"Қарори Ҳукумати Ҷумҳурии Тоҷикистон аз 26 феврали соли 2026, №98",False,,,Тоҷикӣ / Форсӣ,,
tj_m_peshkor_1084,1084,male,Мужской,Писарона,П,Пешкор,Пешкор,Peshkor,ПЕШКОР,ПЕШКОР,PESHKOR,True,"Қарори Ҳукумати Ҷумҳурии Тоҷикистон аз 26 феврали соли 2026, №98",False,,,Тоҷикӣ / Форсӣ,,
tj_m_pidrom_1085,1085,male,Мужской,Писарона,П,Пидром,Пидром,Pidrom,ПИДРОМ,ПИДРОМ,PIDROM,True,"Қарори Ҳукумати Ҷумҳурии Тоҷикистон аз 26 феврали соли 2026, №98",False,,,Тоҷикӣ / Форсӣ,,
tj_m_pizhmon_1086,1086,male,Мужской,Писарона,П,Пижмон,Пижмон,Pizhmon,ПИЖМОН,ПИЖМОН,PIZHMON,True,"Қарори Ҳукумати Ҷумҳурии Тоҷикистон аз 26 феврали соли 2026, №98",False,,,Тоҷикӣ / Форсӣ,,
tj_m_pilafkan_1087,1087,male,Мужской,Писарона,П,Пилафкан,Пилафкан,Pilafkan,ПИЛАФКАН,ПИЛАФКАН,PILAFKAN,True,"Қарори Ҳукумати Ҷумҳурии Тоҷикистон аз 26 феврали соли 2026, №98",False,,,Тоҷикӣ / Форсӣ,,
tj_m_pilzur_1088,1088,male,Мужской,Писарона,П,Пилзур,Пилзур,Pilzur,ПИЛЗУР,ПИЛЗУР,PILZUR,True,"Қарори Ҳукумати Ҷумҳурии Тоҷикистон аз 26 феврали соли 2026, №98",False,,,Тоҷикӣ / Форсӣ,,
tj_m_piltan_1089,1089,male,Мужской,Писарона,П,Пилтан,Пилтан,Piltan,ПИЛТАН,ПИЛТАН,PILTAN,True,"Қарори Ҳукумати Ҷумҳурии Тоҷикистон аз 26 феврали соли 2026, №98",False,,,Тоҷикӣ / Форсӣ,,
tj_m_pindor_1090,1090,male,Мужской,Писарона,П,Пиндор,Пиндор,Pindor,ПИНДОР,ПИНДОР,PINDOR,True,"Қарори Ҳукумати Ҷумҳурии Тоҷикистон аз 26 феврали соли 2026, №98",False,,,Тоҷикӣ / Форсӣ,,
tj_m_pirno_1091,1091,male,Мужской,Писарона,П,Пирно,Пирно,Pirno,ПИРНО,ПИРНО,PIRNO,True,"Қарори Ҳукумати Ҷумҳурии Тоҷикистон аз 26 феврали соли 2026, №98",False,,,Тоҷикӣ / Форсӣ,,
tj_m_piron_1092,1092,male,Мужской,Писарона,П,Пирон,Пирон,Piron,ПИРОН,ПИРОН,PIRON,True,"Қарори Ҳукумати Ҷумҳурии Тоҷикистон аз 26 феврали соли 2026, №98",False,,,Тоҷикӣ / Форсӣ,,
tj_m_piruz_1093,1093,male,Мужской,Писарона,П,Пирӯз,Пируз,Piruz,ПИРӮЗ,ПИРУЗ,PIRUZ,True,"Қарори Ҳукумати Ҷумҳурии Тоҷикистон аз 26 феврали соли 2026, №98",False,,,Тоҷикӣ / Форсӣ,,
tj_m_piruzvand_1094,1094,male,Мужской,Писарона,П,Пирӯзванд,Пирузванд,Piruzvand,ПИРӮЗВАНД,ПИРУЗВАНД,PIRUZVAND,True,"Қарори Ҳукумати Ҷумҳурии Тоҷикистон аз 26 феврали соли 2026, №98",False,,,Тоҷикӣ / Форсӣ,,
tj_m_piruzvash_1095,1095,male,Мужской,Писарона,П,Пирӯзваш,Пирузваш,Piruzvash,ПИРӮЗВАШ,ПИРУЗВАШ,PIRUZVASH,True,"Қарори Ҳукумати Ҷумҳурии Тоҷикистон аз 26 феврали соли 2026, №98",False,,,Тоҷикӣ / Форсӣ,,
tj_m_piruzgar_1096,1096,male,Мужской,Писарона,П,Пирӯзгар,Пирузгар,Piruzgar,ПИРӮЗГАР,ПИРУЗГАР,PIRUZGAR,True,"Қарори Ҳукумати Ҷумҳурии Тоҷикистон аз 26 феврали соли 2026, №98",False,,,Тоҷикӣ / Форсӣ,,
tj_m_piruzgor_1097,1097,male,Мужской,Писарона,П,Пирӯзгор,Пирузгор,Piruzgor,ПИРӮЗГОР,ПИРУЗГОР,PIRUZGOR,True,"Қарори Ҳукумати Ҷумҳурии Тоҷикистон аз 26 феврали соли 2026, №98",False,,,Тоҷикӣ / Форсӣ,,
tj_m_piruzyor_1098,1098,male,Мужской,Писарона,П,Пирӯзёр,Пирузёр,Piruzyor,ПИРӮЗЁР,ПИРУЗЁР,PIRUZYOR,True,"Қарори Ҳукумати Ҷумҳурии Тоҷикистон аз 26 феврали соли 2026, №98",False,,,Тоҷикӣ / Форсӣ,,
tj_m_piruzkom_1099,1099,male,Мужской,Писарона,П,Пирӯзком,Пирузком,Piruzkom,ПИРӮЗКОМ,ПИРУЗКОМ,PIRUZKOM,True,"Қарори Ҳукумати Ҷумҳурии Тоҷикистон аз 26 феврали соли 2026, №98",False,,,Тоҷикӣ / Форсӣ,,
tj_m_piruzmand_1100,1100,male,Мужской,Писарона,П,Пирӯзманд,Пирузманд,Piruzmand,ПИРӮЗМАНД,ПИРУЗМАНД,PIRUZMAND,True,"Қарори Ҳукумати Ҷумҳурии Тоҷикистон аз 26 феврали соли 2026, №98",False,,,Тоҷикӣ / Форсӣ,,
tj_m_piruzmard_1101,1101,male,Мужской,Писарона,П,Пирӯзмард,Пирузмард,Piruzmard,ПИРӮЗМАРД,ПИРУЗМАРД,PIRUZMARD,True,"Қарори Ҳукумати Ҷумҳурии Тоҷикистон аз 26 феврали соли 2026, №98",False,,,Тоҷикӣ / Форсӣ,,
tj_m_piruzmehr_1102,1102,male,Мужской,Писарона,П,Пирӯзмеҳр,Пирузмехр,Piruzmehr,ПИРӮЗМЕҲР,ПИРУЗМЕХР,PIRUZMEHR,True,"Қарори Ҳукумати Ҷумҳурии Тоҷикистон аз 26 феврали соли 2026, №98",False,,,Тоҷикӣ / Форсӣ,,
tj_m_piruzon_1103,1103,male,Мужской,Писарона,П,Пирӯзон,Пирузон,Piruzon,ПИРӮЗОН,ПИРУЗОН,PIRUZON,True,"Қарори Ҳукумати Ҷумҳурии Тоҷикистон аз 26 феврали соли 2026, №98",False,,,Тоҷикӣ / Форсӣ,,
tj_m_piruzchehra_1104,1104,male,Мужской,Писарона,П,Пирӯзчеҳра,Пирузчехра,Piruzchehra,ПИРӮЗЧЕҲРА,ПИРУЗЧЕХРА,PIRUZCHEHRA,True,"Қарори Ҳукумати Ҷумҳурии Тоҷикистон аз 26 феврали соли 2026, №98",False,,,Тоҷикӣ / Форсӣ,,
tj_m_piruzshoh_1105,1105,male,Мужской,Писарона,П,Пирӯзшоҳ,Пирузшох,Piruzshoh,ПИРӮЗШОҲ,ПИРУЗШОХ,PIRUZSHOH,True,"Қарори Ҳукумати Ҷумҳурии Тоҷикистон аз 26 феврали соли 2026, №98",False,,,Тоҷикӣ / Форсӣ,,
tj_m_pirufar_1106,1106,male,Мужской,Писарона,П,Пирӯзфар,Пируфар,Pirufar,ПИРӮЗФАР,ПИРУФАР,PIRUFAR,True,"Қарори Ҳукумати Ҷумҳурии Тоҷикистон аз 26 феврали соли 2026, №98",False,,,Тоҷикӣ / Форсӣ,,
tj_m_poydor_1107,1107,male,Мужской,Писарона,П,Пойдор,Пойдор,Poydor,ПОЙДОР,ПОЙДОР,POYDOR,True,"Қарори Ҳукумати Ҷумҳурии Тоҷикистон аз 26 феврали соли 2026, №98",False,,,Тоҷикӣ / Форсӣ,,
tj_m_poymard_1108,1108,male,Мужской,Писарона,П,Поймард,Поймард,Poymard,ПОЙМАРД,ПОЙМАРД,POYMARD,True,"Қарори Ҳукумати Ҷумҳурии Тоҷикистон аз 26 феврали соли 2026, №98",False,,,Тоҷикӣ / Форсӣ,,
tj_m_pokandesh_1109,1109,male,Мужской,Писарона,П,Покандеш,Покандеш,Pokandesh,ПОКАНДЕШ,ПОКАНДЕШ,POKANDESH,True,"Қарори Ҳукумати Ҷумҳурии Тоҷикистон аз 26 феврали соли 2026, №98",False,,,Тоҷикӣ / Форсӣ,,
tj_m_pokafzo_1110,1110,male,Мужской,Писарона,П,Покафзо,Покафзо,Pokafzo,ПОКАФЗО,ПОКАФЗО,POKAFZO,True,"Қарори Ҳукумати Ҷумҳурии Тоҷикистон аз 26 феврали соли 2026, №98",False,,,Тоҷикӣ / Форсӣ,,
tj_m_pokafruz_1111,1111,male,Мужской,Писарона,П,Покафрӯз,Покафруз,Pokafruz,ПОКАФРӮЗ,ПОКАФРУЗ,POKAFRUZ,True,"Қарори Ҳукумати Ҷумҳурии Тоҷикистон аз 26 феврали соли 2026, №98",False,,,Тоҷикӣ / Форсӣ,,
tj_m_pokbin_1112,1112,male,Мужской,Писарона,П,Покбин,Покбин,Pokbin,ПОКБИН,ПОКБИН,POKBIN,True,"Қарори Ҳукумати Ҷумҳурии Тоҷикистон аз 26 феврали соли 2026, №98",False,,,Тоҷикӣ / Форсӣ,,
tj_m_pokbod_1113,1113,male,Мужской,Писарона,П,Покбод,Покбод,Pokbod,ПОКБОД,ПОКБОД,POKBOD,True,"Қарори Ҳукумати Ҷумҳурии Тоҷикистон аз 26 феврали соли 2026, №98",False,,,Тоҷикӣ / Форсӣ,,
tj_m_pokvarz_1114,1114,male,Мужской,Писарона,П,Покварз,Покварз,Pokvarz,ПОКВАРЗ,ПОКВАРЗ,POKVARZ,True,"Қарори Ҳукумати Ҷумҳурии Тоҷикистон аз 26 феврали соли 2026, №98",False,,,Тоҷикӣ / Форсӣ,,
tj_m_pokdast_1115,1115,male,Мужской,Писарона,П,Покдаст,Покдаст,Pokdast,ПОКДАСТ,ПОКДАСТ,POKDAST,True,"Қарори Ҳукумати Ҷумҳурии Тоҷикистон аз 26 феврали соли 2026, №98",False,,,Тоҷикӣ / Форсӣ,,
tj_m_pokdil_1116,1116,male,Мужской,Писарона,П,Покдил,Покдил,Pokdil,ПОКДИЛ,ПОКДИЛ,POKDIL,True,"Қарори Ҳукумати Ҷумҳурии Тоҷикистон аз 26 феврали соли 2026, №98",False,,,Тоҷикӣ / Форсӣ,,
tj_m_pokdod_1117,1117,male,Мужской,Писарона,П,Покдод,Покдод,Pokdod,ПОКДОД,ПОКДОД,POKDOD,True,"Қарори Ҳукумати Ҷумҳурии Тоҷикистон аз 26 феврали соли 2026, №98",False,,,Тоҷикӣ / Форсӣ,,
tj_m_pokyod_1118,1118,male,Мужской,Писарона,П,Покёд,Покёд,Pokyod,ПОКЁД,ПОКЁД,POKYOD,True,"Қарори Ҳукумати Ҷумҳурии Тоҷикистон аз 26 феврали соли 2026, №98",False,,,Тоҷикӣ / Форсӣ,,
tj_m_pokzod_1119,1119,male,Мужской,Писарона,П,Покзод,Покзод,Pokzod,ПОКЗОД,ПОКЗОД,POKZOD,True,"Қарори Ҳукумати Ҷумҳурии Тоҷикистон аз 26 феврали соли 2026, №98",False,,,Тоҷикӣ / Форсӣ,,
tj_m_pokmanish_1120,1120,male,Мужской,Писарона,П,Покманиш,Покманиш,Pokmanish,ПОКМАНИШ,ПОКМАНИШ,POKMANISH,True,"Қарори Ҳукумати Ҷумҳурии Тоҷикистон аз 26 феврали соли 2026, №98",False,,,Тоҷикӣ / Форсӣ,,
tj_m_pokmehr_1121,1121,male,Мужской,Писарона,П,Покмеҳр,Покмехр,Pokmehr,ПОКМЕҲР,ПОКМЕХР,POKMEHR,True,"Қарори Ҳукумати Ҷумҳурии Тоҷикистон аз 26 феврали соли 2026, №98",False,,,Тоҷикӣ / Форсӣ,,
tj_m_poknom_1122,1122,male,Мужской,Писарона,П,Покном,Покном,Poknom,ПОКНОМ,ПОКНОМ,POKNOM,True,"Қарори Ҳукумати Ҷумҳурии Тоҷикистон аз 26 феврали соли 2026, №98",False,,,Тоҷикӣ / Форсӣ,,
tj_m_pokomuz_1123,1123,male,Мужской,Писарона,П,Покомӯз,Покомуз,Pokomuz,ПОКОМӮЗ,ПОКОМУЗ,POKOMUZ,True,"Қарори Ҳукумати Ҷумҳурии Тоҷикистон аз 26 феврали соли 2026, №98",False,,,Тоҷикӣ / Форсӣ,,
tj_m_pokpaymon_1124,1124,male,Мужской,Писарона,П,Покпаймон,Покпаймон,Pokpaymon,ПОКПАЙМОН,ПОКПАЙМОН,POKPAYMON,True,"Қарори Ҳукумати Ҷумҳурии Тоҷикистон аз 26 феврали соли 2026, №98",False,,,Тоҷикӣ / Форсӣ,,
tj_m_pokpindor_1125,1125,male,Мужской,Писарона,П,Покпиндор,Покпиндор,Pokpindor,ПОКПИНДОР,ПОКПИНДОР,POKPINDOR,True,"Қарори Ҳукумати Ҷумҳурии Тоҷикистон аз 26 феврали соли 2026, №98",False,,,Тоҷикӣ / Форсӣ,,
tj_m_pokrukh_1126,1126,male,Мужской,Писарона,П,Покрух,Покрух,Pokrukh,ПОКРУХ,ПОКРУХ,POKRUKH,True,"Қарори Ҳукумати Ҷумҳурии Тоҷикистон аз 26 феврали соли 2026, №98",False,,,Тоҷикӣ / Форсӣ,,
tj_m_poksirisht_1127,1127,male,Мужской,Писарона,П,Поксиришт,Поксиришт,Poksirisht,ПОКСИРИШТ,ПОКСИРИШТ,POKSIRISHT,True,"Қарори Ҳукумати Ҷумҳурии Тоҷикистон аз 26 феврали соли 2026, №98",False,,,Тоҷикӣ / Форсӣ,,
tj_m_poro_1128,1128,male,Мужской,Писарона,П,Поро,Поро,Poro,ПОРО,ПОРО,PORO,True,"Қарори Ҳукумати Ҷумҳурии Тоҷикистон аз 26 феврали соли 2026, №98",False,,,Тоҷикӣ / Форсӣ,,
tj_m_porso_1129,1129,male,Мужской,Писарона,П,Порсо,Порсо,Porso,ПОРСО,ПОРСО,PORSO,True,"Қарори Ҳукумати Ҷумҳурии Тоҷикистон аз 26 феврали соли 2026, №98",False,,,Тоҷикӣ / Форсӣ,,
tj_m_poshang_1130,1130,male,Мужской,Писарона,П,Пошанг,Пошанг,Poshang,ПОШАНГ,ПОШАНГ,POSHANG,True,"Қарори Ҳукумати Ҷумҳурии Тоҷикистон аз 26 феврали соли 2026, №98",False,,,Тоҷикӣ / Форсӣ,,
tj_m_poyandashoh_1131,1131,male,Мужской,Писарона,П,Пояндашоҳ,Пояндашох,Poyandashoh,ПОЯНДАШОҲ,ПОЯНДАШОХ,POYANDASHOH,True,"Қарори Ҳукумати Ҷумҳурии Тоҷикистон аз 26 феврали соли 2026, №98",False,,,Тоҷикӣ / Форсӣ,,
tj_m_puyo_1132,1132,male,Мужской,Писарона,П,Пуё,Пуё,Puyo,ПУЁ,ПУЁ,PUYO,True,"Қарори Ҳукумати Ҷумҳурии Тоҷикистон аз 26 феврали соли 2026, №98",False,,,Тоҷикӣ / Форсӣ,,
tj_m_puyomard_1133,1133,male,Мужской,Писарона,П,Пуёмард,Пуёмард,Puyomard,ПУЁМАРД,ПУЁМАРД,PUYOMARD,True,"Қарори Ҳукумати Ҷумҳурии Тоҷикистон аз 26 феврали соли 2026, №98",False,,,Тоҷикӣ / Форсӣ,,
tj_m_pulod_1134,1134,male,Мужской,Писарона,П,Пулод,Пулод,Pulod,ПУЛОД,ПУЛОД,PULOD,True,"Қарори Ҳукумати Ҷумҳурии Тоҷикистон аз 26 феврали соли 2026, №98",False,,,Тоҷикӣ / Форсӣ,,
tj_m_pulodvand_1135,1135,male,Мужской,Писарона,П,Пулодванд,Пулодванд,Pulodvand,ПУЛОДВАНД,ПУЛОДВАНД,PULODVAND,True,"Қарори Ҳукумати Ҷумҳурии Тоҷикистон аз 26 феврали соли 2026, №98",False,,,Тоҷикӣ / Форсӣ,,
tj_m_purdil_1136,1136,male,Мужской,Писарона,П,Пурдил,Пурдил,Purdil,ПУРДИЛ,ПУРДИЛ,PURDIL,True,"Қарори Ҳукумати Ҷумҳурии Тоҷикистон аз 26 феврали соли 2026, №98",False,,,Тоҷикӣ / Форсӣ,,
tj_m_puriyo_1137,1137,male,Мужской,Писарона,П,Пуриё,Пуриё,Puriyo,ПУРИЁ,ПУРИЁ,PURIYO,True,"Қарори Ҳукумати Ҷумҳурии Тоҷикистон аз 26 феврали соли 2026, №98",False,,,Тоҷикӣ / Форсӣ,,
tj_m_purmoya_1138,1138,male,Мужской,Писарона,П,Пурмоя,Пурмоя,Purmoya,ПУРМОЯ,ПУРМОЯ,PURMOYA,True,"Қарори Ҳукумати Ҷумҳурии Тоҷикистон аз 26 феврали соли 2026, №98",False,,,Тоҷикӣ / Форсӣ,,
tj_m_puron_1139,1139,male,Мужской,Писарона,П,Пурон,Пурон,Puron,ПУРОН,ПУРОН,PURON,True,"Қарори Ҳукумати Ҷумҳурии Тоҷикистон аз 26 феврали соли 2026, №98",False,,,Тоҷикӣ / Форсӣ,,
tj_m_purso_1140,1140,male,Мужской,Писарона,П,Пурсо,Пурсо,Purso,ПУРСО,ПУРСО,PURSO,True,"Қарори Ҳукумати Ҷумҳурии Тоҷикистон аз 26 феврали соли 2026, №98",False,,,Тоҷикӣ / Форсӣ,,
tj_m_purkhirad_1141,1141,male,Мужской,Писарона,П,Пурхирад,Пурхирад,Purkhirad,ПУРХИРАД,ПУРХИРАД,PURKHIRAD,True,"Қарори Ҳукумати Ҷумҳурии Тоҷикистон аз 26 феврали соли 2026, №98",False,,,Тоҷикӣ / Форсӣ,,
tj_m_rabboni_1142,1142,male,Мужской,Писарона,Р,Раббонӣ,Раббони,Rabboni,РАББОНӢ,РАББОНИ,RABBONI,True,"Қарори Ҳукумати Ҷумҳурии Тоҷикистон аз 26 феврали соли 2026, №98",False,,,Тоҷикӣ / Форсӣ,,
tj_m_ravo_1143,1143,male,Мужской,Писарона,Р,Раво,Раво,Ravo,РАВО,РАВО,RAVO,True,"Қарори Ҳукумати Ҷумҳурии Тоҷикистон аз 26 феврали соли 2026, №98",False,,,Тоҷикӣ / Форсӣ,,
tj_m_ravonbakhsh_1144,1144,male,Мужской,Писарона,Р,Равонбахш,Равонбахш,Ravonbakhsh,РАВОНБАХШ,РАВОНБАХШ,RAVONBAKHSH,True,"Қарори Ҳукумати Ҷумҳурии Тоҷикистон аз 26 феврали соли 2026, №98",False,,,Тоҷикӣ / Форсӣ,,
tj_m_ravshan_1145,1145,male,Мужской,Писарона,Р,Равшан,Равшан,Ravshan,РАВШАН,РАВШАН,RAVSHAN,True,"Қарори Ҳукумати Ҷумҳурии Тоҷикистон аз 26 феврали соли 2026, №98",False,,,Тоҷикӣ / Форсӣ,,
tj_m_ravshanbayon_1146,1146,male,Мужской,Писарона,Р,Равшанбаён,Равшанбаён,Ravshanbayon,РАВШАНБАЁН,РАВШАНБАЁН,RAVSHANBAYON,True,"Қарори Ҳукумати Ҷумҳурии Тоҷикистон аз 26 феврали соли 2026, №98",False,,,Тоҷикӣ / Форсӣ,,
tj_m_ravshanbin_1147,1147,male,Мужской,Писарона,Р,Равшанбин,Равшанбин,Ravshanbin,РАВШАНБИН,РАВШАНБИН,RAVSHANBIN,True,"Қарори Ҳукумати Ҷумҳурии Тоҷикистон аз 26 феврали соли 2026, №98",False,,,Тоҷикӣ / Форсӣ,,
tj_m_ravshandil_1148,1148,male,Мужской,Писарона,Р,Равшандил,Равшандил,Ravshandil,РАВШАНДИЛ,РАВШАНДИЛ,RAVSHANDIL,True,"Қарори Ҳукумати Ҷумҳурии Тоҷикистон аз 26 феврали соли 2026, №98",False,,,Тоҷикӣ / Форсӣ,,
tj_m_ravshanyod_1149,1149,male,Мужской,Писарона,Р,Равшанёд,Равшанёд,Ravshanyod,РАВШАНЁД,РАВШАНЁД,RAVSHANYOD,True,"Қарори Ҳукумати Ҷумҳурии Тоҷикистон аз 26 феврали соли 2026, №98",False,,,Тоҷикӣ / Форсӣ,,
tj_m_ravshanyor_1150,1150,male,Мужской,Писарона,Р,Равшанёр,Равшанёр,Ravshanyor,РАВШАНЁР,РАВШАНЁР,RAVSHANYOR,True,"Қарори Ҳукумати Ҷумҳурии Тоҷикистон аз 26 феврали соли 2026, №98",False,,,Тоҷикӣ / Форсӣ,,
tj_m_ravshanzamir_1151,1151,male,Мужской,Писарона,Р,Равшанзамир,Равшанзамир,Ravshanzamir,РАВШАНЗАМИР,РАВШАНЗАМИР,RAVSHANZAMIR,True,"Қарори Ҳукумати Ҷумҳурии Тоҷикистон аз 26 феврали соли 2026, №98",False,,,Тоҷикӣ / Форсӣ,,
tj_m_ravshanmehr_1152,1152,male,Мужской,Писарона,Р,Равшанмеҳр,Равшанмехр,Ravshanmehr,РАВШАНМЕҲР,РАВШАНМЕХР,RAVSHANMEHR,True,"Қарори Ҳукумати Ҷумҳурии Тоҷикистон аз 26 феврали соли 2026, №98",False,,,Тоҷикӣ / Форсӣ,,
tj_m_ravshanravon_1153,1153,male,Мужской,Писарона,Р,Равшанравон,Равшанравон,Ravshanravon,РАВШАНРАВОН,РАВШАНРАВОН,RAVSHANRAVON,True,"Қарори Ҳукумати Ҷумҳурии Тоҷикистон аз 26 феврали соли 2026, №98",False,,,Тоҷикӣ / Форсӣ,,
tj_m_ravshanroy_1154,1154,male,Мужской,Писарона,Р,Равшанрой,Равшанрой,Ravshanroy,РАВШАНРОЙ,РАВШАНРОЙ,RAVSHANROY,True,"Қарори Ҳукумати Ҷумҳурии Тоҷикистон аз 26 феврали соли 2026, №98",False,,,Тоҷикӣ / Форсӣ,,
tj_m_ravshanfikr_1155,1155,male,Мужской,Писарона,Р,Равшанфикр,Равшанфикр,Ravshanfikr,РАВШАНФИКР,РАВШАНФИКР,RAVSHANFIKR,True,"Қарори Ҳукумати Ҷумҳурии Тоҷикистон аз 26 феврали соли 2026, №98",False,,,Тоҷикӣ / Форсӣ,,
tj_m_razisho_1156,1156,male,Мужской,Писарона,Р,Разишо,Разишо,Razisho,РАЗИШО,РАЗИШО,RAZISHO,True,"Қарори Ҳукумати Ҷумҳурии Тоҷикистон аз 26 феврали соли 2026, №98",False,,,Тоҷикӣ / Форсӣ,,
tj_m_razmehr_1157,1157,male,Мужской,Писарона,Р,Размеҳр,Размехр,Razmehr,РАЗМЕҲР,РАЗМЕХР,RAZMEHR,True,"Қарори Ҳукумати Ҷумҳурии Тоҷикистон аз 26 феврали соли 2026, №98",False,,,Тоҷикӣ / Форсӣ,,
tj_m_razmyoz_1158,1158,male,Мужской,Писарона,Р,Размёз,Размёз,Razmyoz,РАЗМЁЗ,РАЗМЁЗ,RAZMYOZ,True,"Қарори Ҳукумати Ҷумҳурии Тоҷикистон аз 26 феврали соли 2026, №98",False,,,Тоҷикӣ / Форсӣ,,
tj_m_razmyor_1159,1159,male,Мужской,Писарона,Р,Размёр,Размёр,Razmyor,РАЗМЁР,РАЗМЁР,RAZMYOR,True,"Қарори Ҳукумати Ҷумҳурии Тоҷикистон аз 26 феврали соли 2026, №98",False,,,Тоҷикӣ / Форсӣ,,
tj_m_razmkusho_1160,1160,male,Мужской,Писарона,Р,Размкушо,Размкушо,Razmkusho,РАЗМКУШО,РАЗМКУШО,RAZMKUSHO,True,"Қарори Ҳукумати Ҷумҳурии Тоҷикистон аз 26 феврали соли 2026, №98",False,,,Тоҷикӣ / Форсӣ,,
tj_m_razmmehr_1161,1161,male,Мужской,Писарона,Р,Разммеҳр,Разммехр,Razmmehr,РАЗММЕҲР,РАЗММЕХР,RAZMMEHR,True,"Қарори Ҳукумати Ҷумҳурии Тоҷикистон аз 26 феврали соли 2026, №98",False,,,Тоҷикӣ / Форсӣ,,
tj_m_razmovar_1162,1162,male,Мужской,Писарона,Р,Размовар,Размовар,Razmovar,РАЗМОВАР,РАЗМОВАР,RAZMOVAR,True,"Қарори Ҳукумати Ҷумҳурии Тоҷикистон аз 26 феврали соли 2026, №98",False,,,Тоҷикӣ / Форсӣ,,
tj_m_razmoro_1163,1163,male,Мужской,Писарона,Р,Разморо,Разморо,Razmoro,РАЗМОРО,РАЗМОРО,RAZMORO,True,"Қарори Ҳукумати Ҷумҳурии Тоҷикистон аз 26 феврали соли 2026, №98",False,,,Тоҷикӣ / Форсӣ,,
tj_m_razmyuz_1164,1164,male,Мужской,Писарона,Р,Размюз,Размюз,Razmyuz,РАЗМЮЗ,РАЗМЮЗ,RAZMYUZ,True,"Қарори Ҳукумати Ҷумҳурии Тоҷикистон аз 26 феврали соли 2026, №98",False,,,Тоҷикӣ / Форсӣ,,
tj_m_ramazon_1165,1165,male,Мужской,Писарона,Р,Рамазон,Рамазон,Ramazon,РАМАЗОН,РАМАЗОН,RAMAZON,True,"Қарори Ҳукумати Ҷумҳурии Тоҷикистон аз 26 феврали соли 2026, №98",True,ramazan,"Обжигающий, жаркий (месяц поста)",Арабское,верующий; терпеливый; стойкий; добрый,"Имя, данное в честь священного месяца Рамадан — месяца поста и ниспослания Корана. Популярно среди турок и тюркских народов."
tj_m_ramzyor_1166,1166,male,Мужской,Писарона,Р,Рамзёр,Рамзёр,Ramzyor,РАМЗЁР,РАМЗЁР,RAMZYOR,True,"Қарори Ҳукумати Ҷумҳурии Тоҷикистон аз 26 феврали соли 2026, №98",False,,,Тоҷикӣ / Форсӣ,,
tj_m_ramziddin_1167,1167,male,Мужской,Писарона,Р,Рамзиддин,Рамзиддин,Ramziddin,РАМЗИДДИН,РАМЗИДДИН,RAMZIDDIN,True,"Қарори Ҳукумати Ҷумҳурии Тоҷикистон аз 26 феврали соли 2026, №98",False,,,Тоҷикӣ / Форсӣ,,
tj_m_rahob_1168,1168,male,Мужской,Писарона,Р,Раҳоб,Рахоб,Rahob,РАҲОБ,РАХОБ,RAHOB,True,"Қарори Ҳукумати Ҷумҳурии Тоҷикистон аз 26 феврали соли 2026, №98",False,,,Тоҷикӣ / Форсӣ,,
tj_m_rahod_1169,1169,male,Мужской,Писарона,Р,Раҳод,Раход,Rahod,РАҲОД,РАХОД,RAHOD,True,"Қарори Ҳукумати Ҷумҳурии Тоҷикистон аз 26 феврали соли 2026, №98",False,,,Тоҷикӣ / Форсӣ,,
tj_m_rahom_1170,1170,male,Мужской,Писарона,Р,Раҳом,Рахом,Rahom,РАҲОМ,РАХОМ,RAHOM,True,"Қарори Ҳукумати Ҷумҳурии Тоҷикистон аз 26 феврали соли 2026, №98",False,,,Тоҷикӣ / Форсӣ,,
tj_m_rahon_1171,1171,male,Мужской,Писарона,Р,Раҳон,Рахон,Rahon,РАҲОН,РАХОН,RAHON,True,"Қарори Ҳукумати Ҷумҳурии Тоҷикистон аз 26 феврали соли 2026, №98",False,,,Тоҷикӣ / Форсӣ,,
tj_m_raso_1172,1172,male,Мужской,Писарона,Р,Расо,Расо,Raso,РАСО,РАСО,RASO,True,"Қарори Ҳукумати Ҷумҳурии Тоҷикистон аз 26 феврали соли 2026, №98",False,,,Тоҷикӣ / Форсӣ,,
tj_m_rasoqad_1173,1173,male,Мужской,Писарона,Р,Расоқад,Расокад,Rasoqad,РАСОҚАД,РАСОКАД,RASOQAD,True,"Қарори Ҳукумати Ҷумҳурии Тоҷикистон аз 26 феврали соли 2026, №98",False,,,Тоҷикӣ / Форсӣ,,
tj_m_rasom_1174,1174,male,Мужской,Писарона,Р,Расом,Расом,Rasom,РАСОМ,РАСОМ,RASOM,True,"Қарори Ҳукумати Ҷумҳурии Тоҷикистон аз 26 феврали соли 2026, №98",False,,,Тоҷикӣ / Форсӣ,,
tj_m_rasomanish_1175,1175,male,Мужской,Писарона,Р,Расоманиш,Расоманиш,Rasomanish,РАСОМАНИШ,РАСОМАНИШ,RASOMANISH,True,"Қарори Ҳукумати Ҷумҳурии Тоҷикистон аз 26 феврали соли 2026, №98",False,,,Тоҷикӣ / Форсӣ,,
tj_m_rasomehr_1176,1176,male,Мужской,Писарона,Р,Расомеҳр,Расомехр,Rasomehr,РАСОМЕҲР,РАСОМЕХР,RASOMEHR,True,"Қарори Ҳукумати Ҷумҳурии Тоҷикистон аз 26 феврали соли 2026, №98",False,,,Тоҷикӣ / Форсӣ,,
tj_m_rasofar_1177,1177,male,Мужской,Писарона,Р,Расофар,Расофар,Rasofar,РАСОФАР,РАСОФАР,RASOFAR,True,"Қарори Ҳукумати Ҷумҳурии Тоҷикистон аз 26 феврали соли 2026, №98",False,,,Тоҷикӣ / Форсӣ,,
tj_m_rasofikr_1178,1178,male,Мужской,Писарона,Р,Расофикр,Расофикр,Rasofikr,РАСОФИКР,РАСОФИКР,RASOFIKR,True,"Қарори Ҳукумати Ҷумҳурии Тоҷикистон аз 26 феврали соли 2026, №98",False,,,Тоҷикӣ / Форсӣ,,
tj_m_rasohush_1179,1179,male,Мужской,Писарона,Р,Расоҳуш,Расохуш,Rasohush,РАСОҲУШ,РАСОХУШ,RASOHUSH,True,"Қарори Ҳукумати Ҷумҳурии Тоҷикистон аз 26 феврали соли 2026, №98",False,,,Тоҷикӣ / Форсӣ,,
tj_m_rastagor_1180,1180,male,Мужской,Писарона,Р,Растагор,Растагор,Rastagor,РАСТАГОР,РАСТАГОР,RASTAGOR,True,"Қарори Ҳукумати Ҷумҳурии Тоҷикистон аз 26 феврали соли 2026, №98",False,,,Тоҷикӣ / Форсӣ,,
tj_m_rastin_1181,1181,male,Мужской,Писарона,Р,Растин,Растин,Rastin,РАСТИН,РАСТИН,RASTIN,True,"Қарори Ҳукумати Ҷумҳурии Тоҷикистон аз 26 феврали соли 2026, №98",False,,,Тоҷикӣ / Форсӣ,,
tj_m_raston_1182,1182,male,Мужской,Писарона,Р,Растон,Растон,Raston,РАСТОН,РАСТОН,RASTON,True,"Қарори Ҳукумати Ҷумҳурии Тоҷикистон аз 26 феврали соли 2026, №98",False,,,Тоҷикӣ / Форсӣ,,
tj_m_rasul_1183,1183,male,Мужской,Писарона,Р,Расул,Расул,Rasul,РАСУЛ,РАСУЛ,RASUL,True,"Қарори Ҳукумати Ҷумҳурии Тоҷикистон аз 26 феврали соли 2026, №98",False,,,Тоҷикӣ / Форсӣ,,
tj_m_rato_1184,1184,male,Мужской,Писарона,Р,Рато,Рато,Rato,РАТО,РАТО,RATO,True,"Қарори Ҳукумати Ҷумҳурии Тоҷикистон аз 26 феврали соли 2026, №98",False,,,Тоҷикӣ / Форсӣ,,
tj_m_rauf_1185,1185,male,Мужской,Писарона,Р,Рауф,Рауф,Rauf,РАУФ,РАУФ,RAUF,True,"Қарори Ҳукумати Ҷумҳурии Тоҷикистон аз 26 феврали соли 2026, №98",False,,,Тоҷикӣ / Форсӣ,,
tj_m_rakhshid_1186,1186,male,Мужской,Писарона,Р,Рахшид,Рахшид,Rakhshid,РАХШИД,РАХШИД,RAKHSHID,True,"Қарори Ҳукумати Ҷумҳурии Тоҷикистон аз 26 феврали соли 2026, №98",False,,,Тоҷикӣ / Форсӣ,,
tj_m_rahbar_1187,1187,male,Мужской,Писарона,Р,Раҳбар,Рахбар,Rahbar,РАҲБАР,РАХБАР,RAHBAR,True,"Қарори Ҳукумати Ҷумҳурии Тоҷикистон аз 26 феврали соли 2026, №98",False,,,Тоҷикӣ / Форсӣ,,
tj_m_rahyob_1188,1188,male,Мужской,Писарона,Р,Раҳёб,Рахёб,Rahyob,РАҲЁБ,РАХЁБ,RAHYOB,True,"Қарори Ҳукумати Ҷумҳурии Тоҷикистон аз 26 феврали соли 2026, №98",False,,,Тоҷикӣ / Форсӣ,,
tj_m_rahyor_1189,1189,male,Мужской,Писарона,Р,Раҳёр,Рахёр,Rahyor,РАҲЁР,РАХЁР,RAHYOR,True,"Қарори Ҳукумати Ҷумҳурии Тоҷикистон аз 26 феврали соли 2026, №98",False,,,Тоҷикӣ / Форсӣ,,
tj_m_rahim_1190,1190,male,Мужской,Писарона,Р,Раҳим,Рахим,Rahim,РАҲИМ,РАХИМ,RAHIM,True,"Қарори Ҳукумати Ҷумҳурии Тоҷикистон аз 26 феврали соли 2026, №98",False,,,Тоҷикӣ / Форсӣ,,
tj_m_rahimdod_1191,1191,male,Мужской,Писарона,Р,Раҳимдод,Рахимдод,Rahimdod,РАҲИМДОД,РАХИМДОД,RAHIMDOD,True,"Қарори Ҳукумати Ҷумҳурии Тоҷикистон аз 26 феврали соли 2026, №98",False,,,Тоҷикӣ / Форсӣ,,
tj_m_rahkusho_1192,1192,male,Мужской,Писарона,Р,Раҳкушо,Рахкушо,Rahkusho,РАҲКУШО,РАХКУШО,RAHKUSHO,True,"Қарори Ҳукумати Ҷумҳурии Тоҷикистон аз 26 феврали соли 2026, №98",False,,,Тоҷикӣ / Форсӣ,,
tj_m_rahmat_1193,1193,male,Мужской,Писарона,Р,Раҳмат,Рахмат,Rahmat,РАҲМАТ,РАХМАТ,RAHMAT,True,"Қарори Ҳукумати Ҷумҳурии Тоҷикистон аз 26 феврали соли 2026, №98",False,,,Тоҷикӣ / Форсӣ,,
tj_m_rahmatullo_1194,1194,male,Мужской,Писарона,Р,Раҳматулло,Рахматулло,Rahmatullo,РАҲМАТУЛЛО,РАХМАТУЛЛО,RAHMATULLO,True,"Қарори Ҳукумати Ҷумҳурии Тоҷикистон аз 26 феврали соли 2026, №98",False,,,Тоҷикӣ / Форсӣ,,
tj_m_rahmdil_1195,1195,male,Мужской,Писарона,Р,Раҳмдил,Рахмдил,Rahmdil,РАҲМДИЛ,РАХМДИЛ,RAHMDIL,True,"Қарори Ҳукумати Ҷумҳурии Тоҷикистон аз 26 феврали соли 2026, №98",False,,,Тоҷикӣ / Форсӣ,,
tj_m_rahmzamir_1196,1196,male,Мужской,Писарона,Р,Раҳмзамир,Рахмзамир,Rahmzamir,РАҲМЗАМИР,РАХМЗАМИР,RAHMZAMIR,True,"Қарори Ҳукумати Ҷумҳурии Тоҷикистон аз 26 феврали соли 2026, №98",False,,,Тоҷикӣ / Форсӣ,,
tj_m_rahmikhudo_1197,1197,male,Мужской,Писарона,Р,Раҳмихудо,Рахмихудо,Rahmikhudo,РАҲМИХУДО,РАХМИХУДО,RAHMIKHUDO,True,"Қарори Ҳукумати Ҷумҳурии Тоҷикистон аз 26 феврали соли 2026, №98",False,,,Тоҷикӣ / Форсӣ,,
tj_m_rahmishoh_1198,1198,male,Мужской,Писарона,Р,Раҳмишоҳ,Рахмишох,Rahmishoh,РАҲМИШОҲ,РАХМИШОХ,RAHMISHOH,True,"Қарори Ҳукумати Ҷумҳурии Тоҷикистон аз 26 феврали соли 2026, №98",False,,,Тоҷикӣ / Форсӣ,,
tj_m_rahmon_1199,1199,male,Мужской,Писарона,Р,Раҳмон,Рахмон,Rahmon,РАҲМОН,РАХМОН,RAHMON,True,"Қарори Ҳукумати Ҷумҳурии Тоҷикистон аз 26 феврали соли 2026, №98",False,,,Тоҷикӣ / Форсӣ,,
tj_m_rahmonali_1200,1200,male,Мужской,Писарона,Р,Раҳмоналӣ,Рахмонали,Rahmonali,РАҲМОНАЛӢ,РАХМОНАЛИ,RAHMONALI,True,"Қарори Ҳукумати Ҷумҳурии Тоҷикистон аз 26 феврали соли 2026, №98",False,,,Тоҷикӣ / Форсӣ,,
tj_m_rahmondod_1201,1201,male,Мужской,Писарона,Р,Раҳмондод,Рахмондод,Rahmondod,РАҲМОНДОД,РАХМОНДОД,RAHMONDOD,True,"Қарори Ҳукумати Ҷумҳурии Тоҷикистон аз 26 феврали соли 2026, №98",False,,,Тоҷикӣ / Форсӣ,,
tj_m_rahnavard_1202,1202,male,Мужской,Писарона,Р,Раҳнавард,Рахнавард,Rahnavard,РАҲНАВАРД,РАХНАВАРД,RAHNAVARD,True,"Қарори Ҳукумати Ҷумҳурии Тоҷикистон аз 26 феврали соли 2026, №98",False,,,Тоҷикӣ / Форсӣ,,
tj_m_rahnamo_1203,1203,male,Мужской,Писарона,Р,Раҳнамо,Рахнамо,Rahnamo,РАҲНАМО,РАХНАМО,RAHNAMO,True,"Қарори Ҳукумати Ҷумҳурии Тоҷикистон аз 26 феврали соли 2026, №98",False,,,Тоҷикӣ / Форсӣ,,
tj_m_rahnamun_1204,1204,male,Мужской,Писарона,Р,Раҳнамун,Рахнамун,Rahnamun,РАҲНАМУН,РАХНАМУН,RAHNAMUN,True,"Қарори Ҳукумати Ҷумҳурии Тоҷикистон аз 26 феврали соли 2026, №98",False,,,Тоҷикӣ / Форсӣ,,
tj_m_rahovard_1205,1205,male,Мужской,Писарона,Р,Раҳовард,Раховард,Rahovard,РАҲОВАРД,РАХОВАРД,RAHOVARD,True,"Қарори Ҳукумати Ҷумҳурии Тоҷикистон аз 26 феврали соли 2026, №98",False,,,Тоҷикӣ / Форсӣ,,
tj_m_rahon_1206,1206,male,Мужской,Писарона,Р,Раҳон,Рахон,Rahon,РАҲОН,РАХОН,RAHON,True,"Қарори Ҳукумати Ҷумҳурии Тоҷикистон аз 26 феврали соли 2026, №98",False,,,Тоҷикӣ / Форсӣ,,
tj_m_rahpaymo_1207,1207,male,Мужской,Писарона,Р,Раҳпаймо,Рахпаймо,Rahpaymo,РАҲПАЙМО,РАХПАЙМО,RAHPAYMO,True,"Қарори Ҳукумати Ҷумҳурии Тоҷикистон аз 26 феврали соли 2026, №98",False,,,Тоҷикӣ / Форсӣ,,
tj_m_rahpuy_1208,1208,male,Мужской,Писарона,Р,Раҳпуй,Рахпуй,Rahpuy,РАҲПУЙ,РАХПУЙ,RAHPUY,True,"Қарори Ҳукумати Ҷумҳурии Тоҷикистон аз 26 феврали соли 2026, №98",False,,,Тоҷикӣ / Форсӣ,,
tj_m_rahjuy_1209,1209,male,Мужской,Писарона,Р,Раҳҷӯй,Рахҷуй,Rahjuy,РАҲҶӮЙ,РАХҶУЙ,RAHJUY,True,"Қарори Ҳукумати Ҷумҳурии Тоҷикистон аз 26 феврали соли 2026, №98",False,,,Тоҷикӣ / Форсӣ,,
tj_m_rahshinos_1210,1210,male,Мужской,Писарона,Р,Раҳшинос,Рахшинос,Rahshinos,РАҲШИНОС,РАХШИНОС,RAHSHINOS,True,"Қарори Ҳукумати Ҷумҳурии Тоҷикистон аз 26 феврали соли 2026, №98",False,,,Тоҷикӣ / Форсӣ,,
tj_m_rajab_1211,1211,male,Мужской,Писарона,Р,Раҷаб,Раджаб,Rajab,РАҶАБ,РАДЖАБ,RAJAB,True,"Қарори Ҳукумати Ҷумҳурии Тоҷикистон аз 26 феврали соли 2026, №98",True,rajab,Почитаемый месяц (седьмой месяц исламского календаря),Арабское,уважаемый; почтенный; духовный; серьёзный; богобоязненный,"Арабское رَجَب (раджаб) — название седьмого месяца исламского лунного календаря. Это один из четырёх «запретных месяцев» (аль-ашхур аль-хурум), в которые Коран запрещал военные действия (9:36). В ночь с 26 на 27 Раджаба совершилось Исра и Мирадж — ночное путешествие Пророка и его вознесение к небесам. Многие мусульмане постятся в Раджаб как подготовку к Рамадану. Называть сына Раджабом — желание связать его с этим священным временем."
tj_m_rajabali_1212,1212,male,Мужской,Писарона,Р,Раҷабалӣ,Раджабали,Rajabali,РАҶАБАЛӢ,РАДЖАБАЛИ,RAJABALI,True,"Қарори Ҳукумати Ҷумҳурии Тоҷикистон аз 26 феврали соли 2026, №98",False,,,Тоҷикӣ / Форсӣ,,
tj_m_rashan_1213,1213,male,Мужской,Писарона,Р,Рашан,Рашан,Rashan,РАШАН,РАШАН,RASHAN,True,"Қарори Ҳукумати Ҷумҳурии Тоҷикистон аз 26 феврали соли 2026, №98",False,,,Тоҷикӣ / Форсӣ,,
tj_m_rashid_1214,1214,male,Мужской,Писарона,Р,Рашид,Рашид,Rashid,РАШИД,РАШИД,RASHID,True,"Қарори Ҳукумати Ҷумҳурии Тоҷикистон аз 26 феврали соли 2026, №98",True,rashid,"Следующий прямым путём, благоразумный, справедливый",Арабское,справедливый; мудрый; праведный; верующий; стойкий,"От арабского رشيد — «ведомый прямым путём». Ар-Рашид — одно из прекраснейших имён Аллаха (99 имён). Харун ар-Рашид (763–809 гг.) — легендарный халиф Аббасидов, чья эпоха стала «золотым веком» ислама, знаменитая по «Тысяче и одной ночи», покровительство наукам и искусству."
tj_m_rashman_1215,1215,male,Мужской,Писарона,Р,Рашман,Рашман,Rashman,РАШМАН,РАШМАН,RASHMAN,True,"Қарори Ҳукумати Ҷумҳурии Тоҷикистон аз 26 феврали соли 2026, №98",False,,,Тоҷикӣ / Форсӣ,,
tj_m_rashnavod_1216,1216,male,Мужской,Писарона,Р,Рашнавод,Рашнавод,Rashnavod,РАШНАВОД,РАШНАВОД,RASHNAVOD,True,"Қарори Ҳукумати Ҷумҳурии Тоҷикистон аз 26 феврали соли 2026, №98",False,,,Тоҷикӣ / Форсӣ,,
tj_m_rashod_1217,1217,male,Мужской,Писарона,Р,Рашод,Рашод,Rashod,РАШОД,РАШОД,RASHOD,True,"Қарори Ҳукумати Ҷумҳурии Тоҷикистон аз 26 феврали соли 2026, №98",False,,,Тоҷикӣ / Форсӣ,,
tj_m_rashtvod_1218,1218,male,Мужской,Писарона,Р,Раштвод,Раштвод,Rashtvod,РАШТВОД,РАШТВОД,RASHTVOD,True,"Қарори Ҳукумати Ҷумҳурии Тоҷикистон аз 26 феврали соли 2026, №98",False,,,Тоҷикӣ / Форсӣ,,
tj_m_revniz_1219,1219,male,Мужской,Писарона,Р,Ревниз,Ревниз,Revniz,РЕВНИЗ,РЕВНИЗ,REVNIZ,True,"Қарори Ҳукумати Ҷумҳурии Тоҷикистон аз 26 феврали соли 2026, №98",False,,,Тоҷикӣ / Форсӣ,,
tj_m_rivand_1220,1220,male,Мужской,Писарона,Р,Риванд,Риванд,Rivand,РИВАНД,РИВАНД,RIVAND,True,"Қарори Ҳукумати Ҷумҳурии Тоҷикистон аз 26 феврали соли 2026, №98",False,,,Тоҷикӣ / Форсӣ,,
tj_m_rivant_1221,1221,male,Мужской,Писарона,Р,Ривант,Ривант,Rivant,РИВАНТ,РИВАНТ,RIVANT,True,"Қарори Ҳукумати Ҷумҳурии Тоҷикистон аз 26 феврали соли 2026, №98",False,,,Тоҷикӣ / Форсӣ,,
tj_m_rivniz_1222,1222,male,Мужской,Писарона,Р,Ривниз,Ривниз,Rivniz,РИВНИЗ,РИВНИЗ,RIVNIZ,True,"Қарори Ҳукумати Ҷумҳурии Тоҷикистон аз 26 феврали соли 2026, №98",False,,,Тоҷикӣ / Форсӣ,,
tj_m_rizo_1223,1223,male,Мужской,Писарона,Р,Ризо,Ризо,Rizo,РИЗО,РИЗО,RIZO,True,"Қарори Ҳукумати Ҷумҳурии Тоҷикистон аз 26 феврали соли 2026, №98",False,,,Тоҷикӣ / Форсӣ,,
tj_m_rovand_1224,1224,male,Мужской,Писарона,Р,Рованд,Рованд,Rovand,РОВАНД,РОВАНД,ROVAND,True,"Қарори Ҳукумати Ҷумҳурии Тоҷикистон аз 26 феврали соли 2026, №98",False,,,Тоҷикӣ / Форсӣ,,
tj_m_rodim_1225,1225,male,Мужской,Писарона,Р,Родим,Родим,Rodim,РОДИМ,РОДИМ,RODIM,True,"Қарори Ҳукумати Ҷумҳурии Тоҷикистон аз 26 феврали соли 2026, №98",False,,,Тоҷикӣ / Форсӣ,,
tj_m_rodmard_1226,1226,male,Мужской,Писарона,Р,Родмард,Родмард,Rodmard,РОДМАРД,РОДМАРД,RODMARD,True,"Қарори Ҳукумати Ҷумҳурии Тоҷикистон аз 26 феврали соли 2026, №98",False,,,Тоҷикӣ / Форсӣ,,
tj_m_rodmehr_1227,1227,male,Мужской,Писарона,Р,Родмеҳр,Родмехр,Rodmehr,РОДМЕҲР,РОДМЕХР,RODMEHR,True,"Қарори Ҳукумати Ҷумҳурии Тоҷикистон аз 26 феврали соли 2026, №98",False,,,Тоҷикӣ / Форсӣ,,
tj_m_rodmon_1228,1228,male,Мужской,Писарона,Р,Родмон,Родмон,Rodmon,РОДМОН,РОДМОН,RODMON,True,"Қарори Ҳукумати Ҷумҳурии Тоҷикистон аз 26 феврали соли 2026, №98",False,,,Тоҷикӣ / Форсӣ,,
tj_m_rodnush_1229,1229,male,Мужской,Писарона,Р,Роднуш,Роднуш,Rodnush,РОДНУШ,РОДНУШ,RODNUSH,True,"Қарори Ҳукумати Ҷумҳурии Тоҷикистон аз 26 феврали соли 2026, №98",False,,,Тоҷикӣ / Форсӣ,,
tj_m_rodfar_1230,1230,male,Мужской,Писарона,Р,Родфар,Родфар,Rodfar,РОДФАР,РОДФАР,RODFAR,True,"Қарори Ҳукумати Ҷумҳурии Тоҷикистон аз 26 феврали соли 2026, №98",False,,,Тоҷикӣ / Форсӣ,,
tj_m_rozbon_1231,1231,male,Мужской,Писарона,Р,Розбон,Розбон,Rozbon,РОЗБОН,РОЗБОН,ROZBON,True,"Қарори Ҳукумати Ҷумҳурии Тоҷикистон аз 26 феврали соли 2026, №98",False,,,Тоҷикӣ / Форсӣ,,
tj_m_rozdon_1232,1232,male,Мужской,Писарона,Р,Роздон,Роздон,Rozdon,РОЗДОН,РОЗДОН,ROZDON,True,"Қарори Ҳукумати Ҷумҳурии Тоҷикистон аз 26 феврали соли 2026, №98",False,,,Тоҷикӣ / Форсӣ,,
tj_m_roziq_1233,1233,male,Мужской,Писарона,Р,Розиқ,Розик,Roziq,РОЗИҚ,РОЗИК,ROZIQ,True,"Қарори Ҳукумати Ҷумҳурии Тоҷикистон аз 26 феврали соли 2026, №98",False,,,Тоҷикӣ / Форсӣ,,
tj_m_roin_1234,1234,male,Мужской,Писарона,Р,Роин,Роин,Roin,РОИН,РОИН,ROIN,True,"Қарори Ҳукумати Ҷумҳурии Тоҷикистон аз 26 феврали соли 2026, №98",False,,,Тоҷикӣ / Форсӣ,,
tj_m_roito_1235,1235,male,Мужской,Писарона,Р,Роито,Роито,Roito,РОИТО,РОИТО,ROITO,True,"Қарори Ҳукумати Ҷумҳурии Тоҷикистон аз 26 феврали соли 2026, №98",False,,,Тоҷикӣ / Форсӣ,,
tj_m_roybakhsh_1236,1236,male,Мужской,Писарона,Р,Ройбахш,Ройбахш,Roybakhsh,РОЙБАХШ,РОЙБАХШ,ROYBAKHSH,True,"Қарори Ҳукумати Ҷумҳурии Тоҷикистон аз 26 феврали соли 2026, №98",False,,,Тоҷикӣ / Форсӣ,,
tj_m_royin_1237,1237,male,Мужской,Писарона,Р,Ройин,Ройин,Royin,РОЙИН,РОЙИН,ROYIN,True,"Қарори Ҳукумати Ҷумҳурии Тоҷикистон аз 26 феврали соли 2026, №98",False,,,Тоҷикӣ / Форсӣ,,
tj_m_royman_1238,1238,male,Мужской,Писарона,Р,Ройман,Ройман,Royman,РОЙМАН,РОЙМАН,ROYMAN,True,"Қарори Ҳукумати Ҷумҳурии Тоҷикистон аз 26 феврали соли 2026, №98",False,,,Тоҷикӣ / Форсӣ,,
tj_m_roymand_1239,1239,male,Мужской,Писарона,Р,Ройманд,Ройманд,Roymand,РОЙМАНД,РОЙМАНД,ROYMAND,True,"Қарори Ҳукумати Ҷумҳурии Тоҷикистон аз 26 феврали соли 2026, №98",False,,,Тоҷикӣ / Форсӣ,,
tj_m_roymehr_1240,1240,male,Мужской,Писарона,Р,Роймеҳр,Роймехр,Roymehr,РОЙМЕҲР,РОЙМЕХР,ROYMEHR,True,"Қарори Ҳукумати Ҷумҳурии Тоҷикистон аз 26 феврали соли 2026, №98",False,,,Тоҷикӣ / Форсӣ,,
tj_m_roypu_1241,1241,male,Мужской,Писарона,Р,Ройпу,Ройпу,Roypu,РОЙПУ,РОЙПУ,ROYPU,True,"Қарори Ҳукумати Ҷумҳурии Тоҷикистон аз 26 феврали соли 2026, №98",False,,,Тоҷикӣ / Форсӣ,,
tj_m_romand_1242,1242,male,Мужской,Писарона,Р,Романд,Романд,Romand,РОМАНД,РОМАНД,ROMAND,True,"Қарори Ҳукумати Ҷумҳурии Тоҷикистон аз 26 феврали соли 2026, №98",False,,,Тоҷикӣ / Форсӣ,,
tj_m_rombarzin_1243,1243,male,Мужской,Писарона,Р,Ромбарзин,Ромбарзин,Rombarzin,РОМБАРЗИН,РОМБАРЗИН,ROMBARZIN,True,"Қарори Ҳукумати Ҷумҳурии Тоҷикистон аз 26 феврали соли 2026, №98",False,,,Тоҷикӣ / Форсӣ,,
tj_m_rombihisht_1244,1244,male,Мужской,Писарона,Р,Ромбиҳишт,Ромбихишт,Rombihisht,РОМБИҲИШТ,РОМБИХИШТ,ROMBIHISHT,True,"Қарори Ҳукумати Ҷумҳурии Тоҷикистон аз 26 феврали соли 2026, №98",False,,,Тоҷикӣ / Форсӣ,,
tj_m_romvarzin_1245,1245,male,Мужской,Писарона,Р,Ромварзин,Ромварзин,Romvarzin,РОМВАРЗИН,РОМВАРЗИН,ROMVARZIN,True,"Қарори Ҳукумати Ҷумҳурии Тоҷикистон аз 26 феврали соли 2026, №98",False,,,Тоҷикӣ / Форсӣ,,
tj_m_romyon_1246,1246,male,Мужской,Писарона,Р,Ромён,Ромён,Romyon,РОМЁН,РОМЁН,ROMYON,True,"Қарори Ҳукумати Ҷумҳурии Тоҷикистон аз 26 феврали соли 2026, №98",False,,,Тоҷикӣ / Форсӣ,,
tj_m_romyor_1247,1247,male,Мужской,Писарона,Р,Ромёр,Ромёр,Romyor,РОМЁР,РОМЁР,ROMYOR,True,"Қарори Ҳукумати Ҷумҳурии Тоҷикистон аз 26 феврали соли 2026, №98",False,,,Тоҷикӣ / Форсӣ,,
tj_m_romiz_1248,1248,male,Мужской,Писарона,Р,Ромиз,Ромиз,Romiz,РОМИЗ,РОМИЗ,ROMIZ,True,"Қарори Ҳукумати Ҷумҳурии Тоҷикистон аз 26 феврали соли 2026, №98",False,,,Тоҷикӣ / Форсӣ,,
tj_m_romin_1249,1249,male,Мужской,Писарона,Р,Ромин,Ромин,Romin,РОМИН,РОМИН,ROMIN,True,"Қарори Ҳукумати Ҷумҳурии Тоҷикистон аз 26 феврали соли 2026, №98",False,,,Тоҷикӣ / Форсӣ,,
tj_m_romish_1250,1250,male,Мужской,Писарона,Р,Ромиш,Ромиш,Romish,РОМИШ,РОМИШ,ROMISH,True,"Қарори Ҳукумати Ҷумҳурии Тоҷикистон аз 26 феврали соли 2026, №98",False,,,Тоҷикӣ / Форсӣ,,
tj_m_romishgar_1251,1251,male,Мужской,Писарона,Р,Ромишгар,Ромишгар,Romishgar,РОМИШГАР,РОМИШГАР,ROMISHGAR,True,"Қарори Ҳукумати Ҷумҳурии Тоҷикистон аз 26 феврали соли 2026, №98",False,,,Тоҷикӣ / Форсӣ,,
tj_m_romi_1252,1252,male,Мужской,Писарона,Р,Ромӣ,Роми,Romi,РОМӢ,РОМИ,ROMI,True,"Қарори Ҳукумати Ҷумҳурии Тоҷикистон аз 26 феврали соли 2026, №98",True,rami,"Лучник, стрелок",Арабское,меткий; точный; целеустремлённый; ловкий; умелый,"Арабское رَامِي (рами) — «лучник, стрелок». В исламе стрельба из лука — одно из рекомендованных Пророком искусств: «Стреляйте и скачите верхом» (خذوا من العلم الرمي والسباحة والفروسية). Хадис: «Любая вещь, которой занимаются без упоминания Аллаха, — пустое развлечение, кроме трёх: игры мужчины с женой, дрессировки коня и стрельбы из лука» (Насаи). Имя символизирует точность, мастерство и мужество. Распространено в Сирии, Ливане, Иордании."
tj_m_romon_1253,1253,male,Мужской,Писарона,Р,Ромон,Ромон,Romon,РОМОН,РОМОН,ROMON,True,"Қарори Ҳукумати Ҷумҳурии Тоҷикистон аз 26 феврали соли 2026, №98",False,,,Тоҷикӣ / Форсӣ,,
tj_m_rompur_1254,1254,male,Мужской,Писарона,Р,Ромпур,Ромпур,Rompur,РОМПУР,РОМПУР,ROMPUR,True,"Қарори Ҳукумати Ҷумҳурии Тоҷикистон аз 26 феврали соли 2026, №98",False,,,Тоҷикӣ / Форсӣ,,
tj_m_romsin_1255,1255,male,Мужской,Писарона,Р,Ромсин,Ромсин,Romsin,РОМСИН,РОМСИН,ROMSIN,True,"Қарори Ҳукумати Ҷумҳурии Тоҷикистон аз 26 феврали соли 2026, №98",False,,,Тоҷикӣ / Форсӣ,,
tj_m_romtin_1256,1256,male,Мужской,Писарона,Р,Ромтин,Ромтин,Romtin,РОМТИН,РОМТИН,ROMTIN,True,"Қарори Ҳукумати Ҷумҳурии Тоҷикистон аз 26 феврали соли 2026, №98",False,,,Тоҷикӣ / Форсӣ,,
tj_m_romu_1257,1257,male,Мужской,Писарона,Р,Рому,Рому,Romu,РОМУ,РОМУ,ROMU,True,"Қарори Ҳукумати Ҷумҳурии Тоҷикистон аз 26 феврали соли 2026, №98",False,,,Тоҷикӣ / Форсӣ,,
tj_m_romshin_1258,1258,male,Мужской,Писарона,Р,Ромшин,Ромшин,Romshin,РОМШИН,РОМШИН,ROMSHIN,True,"Қарори Ҳукумати Ҷумҳурии Тоҷикистон аз 26 феврали соли 2026, №98",False,,,Тоҷикӣ / Форсӣ,,
tj_m_romshod_1259,1259,male,Мужской,Писарона,Р,Ромшод,Ромшод,Romshod,РОМШОД,РОМШОД,ROMSHOD,True,"Қарори Ҳукумати Ҷумҳурии Тоҷикистон аз 26 феврали соли 2026, №98",False,,,Тоҷикӣ / Форсӣ,,
tj_m_ronzim_1260,1260,male,Мужской,Писарона,Р,Ронзим,Ронзим,Ronzim,РОНЗИМ,РОНЗИМ,RONZIM,True,"Қарори Ҳукумати Ҷумҳурии Тоҷикистон аз 26 феврали соли 2026, №98",False,,,Тоҷикӣ / Форсӣ,,
tj_m_rostgor_1261,1261,male,Мужской,Писарона,Р,Ростгор,Ростгор,Rostgor,РОСТГОР,РОСТГОР,ROSTGOR,True,"Қарори Ҳукумати Ҷумҳурии Тоҷикистон аз 26 феврали соли 2026, №98",False,,,Тоҷикӣ / Форсӣ,,
tj_m_rostkor_1262,1262,male,Мужской,Писарона,Р,Росткор,Росткор,Rostkor,РОСТКОР,РОСТКОР,ROSTKOR,True,"Қарори Ҳукумати Ҷумҳурии Тоҷикистон аз 26 феврали соли 2026, №98",False,,,Тоҷикӣ / Форсӣ,,
tj_m_rostor_1263,1263,male,Мужской,Писарона,Р,Ростор,Ростор,Rostor,РОСТОР,РОСТОР,ROSTOR,True,"Қарори Ҳукумати Ҷумҳурии Тоҷикистон аз 26 феврали соли 2026, №98",False,,,Тоҷикӣ / Форсӣ,,
tj_m_rohnamo_1264,1264,male,Мужской,Писарона,Р,Роҳнамо,Рохнамо,Rohnamo,РОҲНАМО,РОХНАМО,ROHNAMO,True,"Қарори Ҳукумати Ҷумҳурии Тоҷикистон аз 26 феврали соли 2026, №98",False,,,Тоҷикӣ / Форсӣ,,
tj_m_roshan_1265,1265,male,Мужской,Писарона,Р,Рошан,Рошан,Roshan,РОШАН,РОШАН,ROSHAN,True,"Қарори Ҳукумати Ҷумҳурии Тоҷикистон аз 26 феврали соли 2026, №98",False,,,Тоҷикӣ / Форсӣ,,
tj_m_roshnu_1266,1266,male,Мужской,Писарона,Р,Рошну,Рошну,Roshnu,РОШНУ,РОШНУ,ROSHNU,True,"Қарори Ҳукумати Ҷумҳурии Тоҷикистон аз 26 феврали соли 2026, №98",False,,,Тоҷикӣ / Форсӣ,,
tj_m_rudin_1267,1267,male,Мужской,Писарона,Р,Рудин,Рудин,Rudin,РУДИН,РУДИН,RUDIN,True,"Қарори Ҳукумати Ҷумҳурии Тоҷикистон аз 26 феврали соли 2026, №98",False,,,Тоҷикӣ / Форсӣ,,
tj_m_ruin_1268,1268,male,Мужской,Писарона,Р,Руин,Руин,Ruin,РУИН,РУИН,RUIN,True,"Қарори Ҳукумати Ҷумҳурии Тоҷикистон аз 26 феврали соли 2026, №98",False,,,Тоҷикӣ / Форсӣ,,
tj_m_ruintan_1269,1269,male,Мужской,Писарона,Р,Руинтан,Руинтан,Ruintan,РУИНТАН,РУИНТАН,RUINTAN,True,"Қарори Ҳукумати Ҷумҳурии Тоҷикистон аз 26 феврали соли 2026, №98",False,,,Тоҷикӣ / Форсӣ,,
tj_m_ruyin_1270,1270,male,Мужской,Писарона,Р,Руйин,Рӯйин,Ruyin,РУЙИН,РӮЙИН,RUYIN,True,"Қарори Ҳукумати Ҷумҳурии Тоҷикистон аз 26 феврали соли 2026, №98",False,,,Тоҷикӣ / Форсӣ,,
tj_m_rukniddin_1271,1271,male,Мужской,Писарона,Р,Рукниддин,Рукниддин,Rukniddin,РУКНИДДИН,РУКНИДДИН,RUKNIDDIN,True,"Қарори Ҳукумати Ҷумҳурии Тоҷикистон аз 26 феврали соли 2026, №98",False,,,Тоҷикӣ / Форсӣ,,
tj_m_rustam_1272,1272,male,Мужской,Писарона,Р,Рустам,Рустам,Rustam,РУСТАМ,РУСТАМ,RUSTAM,True,"Қарори Ҳукумати Ҷумҳурии Тоҷикистон аз 26 феврали соли 2026, №98",False,,,Тоҷикӣ / Форсӣ,,
tj_m_rukhom_1273,1273,male,Мужской,Писарона,Р,Рухом,Рухом,Rukhom,РУХОМ,РУХОМ,RUKHOM,True,"Қарори Ҳукумати Ҷумҳурии Тоҷикистон аз 26 феврали соли 2026, №98",False,,,Тоҷикӣ / Форсӣ,,
tj_m_rukhshed_1274,1274,male,Мужской,Писарона,Р,Рухшед,Рухшед,Rukhshed,РУХШЕД,РУХШЕД,RUKHSHED,True,"Қарори Ҳукумати Ҷумҳурии Тоҷикистон аз 26 феврали соли 2026, №98",False,,,Тоҷикӣ / Форсӣ,,
tj_m_rukhshod_1275,1275,male,Мужской,Писарона,Р,Рухшод,Рухшод,Rukhshod,РУХШОД,РУХШОД,RUKHSHOD,True,"Қарори Ҳукумати Ҷумҳурии Тоҷикистон аз 26 феврали соли 2026, №98",False,,,Тоҷикӣ / Форсӣ,,
tj_m_ruhom_1276,1276,male,Мужской,Писарона,Р,Рухом,Рухом,Ruhom,РУХОМ,РУХОМ,RUHOM,True,"Қарори Ҳукумати Ҷумҳурии Тоҷикистон аз 26 феврали соли 2026, №98",False,,,Тоҷикӣ / Форсӣ,,
tj_m_ruzbeh_1277,1277,male,Мужской,Писарона,Р,Рӯзбеҳ,Рузбех,Ruzbeh,РӮЗБЕҲ,РУЗБЕХ,RUZBEH,True,"Қарори Ҳукумати Ҷумҳурии Тоҷикистон аз 26 феврали соли 2026, №98",False,,,Тоҷикӣ / Форсӣ,,
tj_m_ruzmehr_1278,1278,male,Мужской,Писарона,Р,Рӯзмеҳр,Рузмехр,Ruzmehr,РӮЗМЕҲР,РУЗМЕХР,RUZMEHR,True,"Қарори Ҳукумати Ҷумҳурии Тоҷикистон аз 26 феврали соли 2026, №98",False,,,Тоҷикӣ / Форсӣ,,
tj_m_sabir_1279,1279,male,Мужской,Писарона,С,Сабир,Сабир,Sabir,САБИР,САБИР,SABIR,True,"Қарори Ҳукумати Ҷумҳурии Тоҷикистон аз 26 феврали соли 2026, №98",True,sabir,"Терпеливый, стойкий",Арабское,терпеливый; стойкий; выносливый; упорный; богобоязненный,"Арабское صَابِر (сабир) — «терпеливый, стойкий». В Коране «сабр» (терпение) упоминается более 90 раз. (2:153): «Аллах — с терпеливыми» (إِنَّ اللَّهَ مَعَ الصَّابِرِينَ). «Ас-Сабур» — одно из прекрасных имён Аллаха. Хадис: «Воистину, велика награда за трудности: когда Аллах любит народ, Он испытывает его». Три вида сабра: сабр в поклонении, сабр в запретах, сабр в испытаниях."
tj_m_sabur_1280,1280,male,Мужской,Писарона,С,Сабур,Сабур,Sabur,САБУР,САБУР,SABUR,True,"Қарори Ҳукумати Ҷумҳурии Тоҷикистон аз 26 феврали соли 2026, №98",False,,,Тоҷикӣ / Форсӣ,,
tj_m_sadr_1281,1281,male,Мужской,Писарона,С,Садр,Садр,Sadr,САДР,САДР,SADR,True,"Қарори Ҳукумати Ҷумҳурии Тоҷикистон аз 26 феврали соли 2026, №98",False,,,Тоҷикӣ / Форсӣ,,
tj_m_sadriddin_1282,1282,male,Мужской,Писарона,С,Садриддин,Садриддин,Sadriddin,САДРИДДИН,САДРИДДИН,SADRIDDIN,True,"Қарори Ҳукумати Ҷумҳурии Тоҷикистон аз 26 феврали соли 2026, №98",False,,,Тоҷикӣ / Форсӣ,,
tj_m_sazovor_1283,1283,male,Мужской,Писарона,С,Сазовор,Сазовор,Sazovor,САЗОВОР,САЗОВОР,SAZOVOR,True,"Қарори Ҳукумати Ҷумҳурии Тоҷикистон аз 26 феврали соли 2026, №98",False,,,Тоҷикӣ / Форсӣ,,
tj_m_said_1284,1284,male,Мужской,Писарона,С,Саид,Саид,Said,САИД,САИД,SAID,True,"Қарори Ҳукумати Ҷумҳурии Тоҷикистон аз 26 феврали соли 2026, №98",True,said,"Счастливый, благословенный",Арабское,весёлый; добрый; верующий; щедрый,"От арабского سعيد — «счастливый». Одно из распространённых имён в мусульманском мире, символ благословения."
tj_m_saydafkan_1285,1285,male,Мужской,Писарона,С,Сайдафкан,Сайдафкан,Saydafkan,САЙДАФКАН,САЙДАФКАН,SAYDAFKAN,True,"Қарори Ҳукумати Ҷумҳурии Тоҷикистон аз 26 феврали соли 2026, №98",False,,,Тоҷикӣ / Форсӣ,,
tj_m_saidmurod_1286,1286,male,Мужской,Писарона,С,Саидмурод,Саидмурод,Saidmurod,САИДМУРОД,САИДМУРОД,SAIDMUROD,True,"Қарори Ҳукумати Ҷумҳурии Тоҷикистон аз 26 феврали соли 2026, №98",False,,,Тоҷикӣ / Форсӣ,,
tj_m_saidsho_1287,1287,male,Мужской,Писарона,С,Саидшо,Саидшо,Saidsho,САИДШО,САИДШО,SAIDSHO,True,"Қарори Ҳукумати Ҷумҳурии Тоҷикистон аз 26 феврали соли 2026, №98",False,,,Тоҷикӣ / Форсӣ,,
tj_m_sayyod_1288,1288,male,Мужской,Писарона,С,Сайёд,Сайёд,Sayyod,САЙЁД,САЙЁД,SAYYOD,True,"Қарори Ҳукумати Ҷумҳурии Тоҷикистон аз 26 феврали соли 2026, №98",False,,,Тоҷикӣ / Форсӣ,,
tj_m_sayido_1289,1289,male,Мужской,Писарона,С,Сайидо,Сайидо,Sayido,САЙИДО,САЙИДО,SAYIDO,True,"Қарори Ҳукумати Ҷумҳурии Тоҷикистон аз 26 феврали соли 2026, №98",False,,,Тоҷикӣ / Форсӣ,,
tj_m_sayron_1290,1290,male,Мужской,Писарона,С,Сайрон,Сайрон,Sayron,САЙРОН,САЙРОН,SAYRON,True,"Қарори Ҳукумати Ҷумҳурии Тоҷикистон аз 26 феврали соли 2026, №98",False,,,Тоҷикӣ / Форсӣ,,
tj_m_sayronshoh_1291,1291,male,Мужской,Писарона,С,Сайроншоҳ,Сайроншох,Sayronshoh,САЙРОНШОҲ,САЙРОНШОХ,SAYRONSHOH,True,"Қарори Ҳукумати Ҷумҳурии Тоҷикистон аз 26 феврали соли 2026, №98",False,,,Тоҷикӣ / Форсӣ,,
tj_m_sayf_1292,1292,male,Мужской,Писарона,С,Сайф,Сайф,Sayf,САЙФ,САЙФ,SAYF,True,"Қарори Ҳукумати Ҷумҳурии Тоҷикистон аз 26 феврали соли 2026, №98",True,saif,Меч,Арабское,смелый; острый; сильный; решительный; защищающий,"Арабское سَيْف (сайф) — «меч». В Коране меч упоминается как символ силы и защиты веры. Сайф ад-Дин Кутуз — Мамлюкский султан Египта (ум. 1260), победивший монголов в битве при Айн-Джалут (1260 г.) — первое крупное поражение монгольской армии; это остановило монгольское завоевание Египта и Северной Африки. Сайф ибн Умар ат-Тамими — исламский историк VIII в. Имя широко распространено в арабском мире."
tj_m_sayfidin_1293,1293,male,Мужской,Писарона,С,Сайфиддин,Сайфиддин,Sayfiдdin,САЙФИДДИН,САЙФИДДИН,SAYFIДDIN,True,"Қарори Ҳукумати Ҷумҳурии Тоҷикистон аз 26 феврали соли 2026, №98",False,,,Тоҷикӣ / Форсӣ,,
tj_m_sayfullo_1294,1294,male,Мужской,Писарона,С,Сайфулло,Сайфулло,Sayfullo,САЙФУЛЛО,САЙФУЛЛО,SAYFULLO,True,"Қарори Ҳукумати Ҷумҳурии Тоҷикистон аз 26 феврали соли 2026, №98",False,,,Тоҷикӣ / Форсӣ,,
tj_m_sayhun_1295,1295,male,Мужской,Писарона,С,Сайҳун,Сайхун,Sayhun,САЙҲУН,САЙХУН,SAYHUN,True,"Қарори Ҳукумати Ҷумҳурии Тоҷикистон аз 26 феврали соли 2026, №98",False,,,Тоҷикӣ / Форсӣ,,
tj_m_salim_1296,1296,male,Мужской,Писарона,С,Салим,Салим,Salim,САЛИМ,САЛИМ,SALIM,True,"Қарори Ҳукумати Ҷумҳурии Тоҷикистон аз 26 феврали соли 2026, №98",True,salim,"Целый, здоровый, невредимый",Арабское,здоровый; целый; честный; надёжный; искренний,"Арабское سَالِم (салим) — «целый, невредимый, честный». Салим мавля Аби Хузайфы — вольноотпущенник и первый мусульманин, публично читавший Коран вслух в Мекке (до хиджры). Салим ибн Абдулла ибн Умар — внук Умара ибн аль-Хаттаба, великий табиин и знаток хадисов. «Как Салим, подобный огню, который никогда не гаснет»: так говорили о нём знатоки."
tj_m_salm_1297,1297,male,Мужской,Писарона,С,Салм,Салм,Salm,САЛМ,САЛМ,SALM,True,"Қарори Ҳукумати Ҷумҳурии Тоҷикистон аз 26 феврали соли 2026, №98",False,,,Тоҷикӣ / Форсӣ,,
tj_m_salmon_1298,1298,male,Мужской,Писарона,С,Салмон,Салмон,Salmon,САЛМОН,САЛМОН,SALMON,True,"Қарори Ҳукумати Ҷумҳурии Тоҷикистон аз 26 феврали соли 2026, №98",True,salman,"Мирный, безопасный, невредимый",Арабское,мирный; мудрый; верующий; скромный; стойкий,"От арабского سلمان — «безопасный, мирный». Салман аль-Фариси — персидский сподвижник Пророка, чей долгий путь поиска истины от зороастризма к исламу стал символом духовных исканий. Пророк сказал о нём: «Салман — из нас, из семьи Пророка». По его совету в битве у Рва (627 г.) был вырыт ров, спасший Медину."
tj_m_salom_1299,1299,male,Мужской,Писарона,С,Салом,Салом,Salom,САЛОМ,САЛОМ,SALOM,True,"Қарори Ҳукумати Ҷумҳурии Тоҷикистон аз 26 феврали соли 2026, №98",True,samah,"Щедрость, прощение, великодушие",Арабское,щедрая; прощающая; великодушная; добросердечная; терпимая,"Арабское سَمَاح (самах) — «щедрость, прощение, снисхождение». В исламе «самаха» (терпимость и щедрость) — одна из важнейших характеристик Пророка и его религии. Хадис: «Самая любимая религия Аллаха — это терпимый ханифизм» (إن أحب الدين إلى الله الحنيفية السمحة, Муснад Ахмад). «Усль аль-ислям ас-самаха» — «Основа ислама — снисходительность» — известный принцип исламского права. Имя несёт идеал великодушия и терпимости."
tj_m_saloh_1300,1300,male,Мужской,Писарона,С,Салоҳ,Салох,Saloh,САЛОҲ,САЛОХ,SALOH,True,"Қарори Ҳукумати Ҷумҳурии Тоҷикистон аз 26 феврали соли 2026, №98",False,,,Тоҷикӣ / Форсӣ,,
tj_m_salohidin_1301,1301,male,Мужской,Писарона,С,Салоҳиддин,Салохиддин,Salohiдdin,САЛОҲИДДИН,САЛОХИДДИН,SALOHIДDIN,True,"Қарори Ҳукумати Ҷумҳурии Тоҷикистон аз 26 феврали соли 2026, №98",False,,,Тоҷикӣ / Форсӣ,,
tj_m_samad_1302,1302,male,Мужской,Писарона,С,Самад,Самад,Samad,САМАД,САМАД,SAMAD,True,"Қарори Ҳукумати Ҷумҳурии Тоҷикистон аз 26 феврали соли 2026, №98",False,,,Тоҷикӣ / Форсӣ,,
tj_m_samandar_1303,1303,male,Мужской,Писарона,С,Самандар,Самандар,Samandar,САМАНДАР,САМАНДАР,SAMANDAR,True,"Қарори Ҳукумати Ҷумҳурии Тоҷикистон аз 26 феврали соли 2026, №98",False,,,Тоҷикӣ / Форсӣ,,
tj_m_samanchehr_1304,1304,male,Мужской,Писарона,С,Саманчеҳр,Саманчехр,Samanchehr,САМАНЧЕҲР,САМАНЧЕХР,SAMANCHEHR,True,"Қарори Ҳукумати Ҷумҳурии Тоҷикистон аз 26 феврали соли 2026, №98",False,,,Тоҷикӣ / Форсӣ,,
tj_m_samar_1305,1305,male,Мужской,Писарона,С,Самар,Самар,Samar,САМАР,САМАР,SAMAR,True,"Қарори Ҳукумати Ҷумҳурии Тоҷикистон аз 26 феврали соли 2026, №98",False,,,Тоҷикӣ / Форсӣ,,
tj_m_samariddin_1306,1306,male,Мужской,Писарона,С,Самариддин,Самариддин,Samariddin,САМАРИДДИН,САМАРИДДИН,SAMARIDDIN,True,"Қарори Ҳукумати Ҷумҳурии Тоҷикистон аз 26 феврали соли 2026, №98",False,,,Тоҷикӣ / Форсӣ,,
tj_m_samim_1307,1307,male,Мужской,Писарона,С,Самим,Самим,Samim,САМИМ,САМИМ,SAMIM,True,"Қарори Ҳукумати Ҷумҳурии Тоҷикистон аз 26 феврали соли 2026, №98",False,,,Тоҷикӣ / Форсӣ,,
tj_m_samir_1308,1308,male,Мужской,Писарона,С,Самир,Самир,Samir,САМИР,САМИР,SAMIR,True,"Қарори Ҳукумати Ҷумҳурии Тоҷикистон аз 26 феврали соли 2026, №98",True,samir,"Собеседник, рассказчик вечером",Арабское,весёлый; красивый; умный; добрый,От арабского سمير — «собеседник в вечернее время». Символ гостеприимства и красноречия.
tj_m_sangin_1309,1309,male,Мужской,Писарона,С,Сангин,Сангин,Sangin,САНГИН,САНГИН,SANGIN,True,"Қарори Ҳукумати Ҷумҳурии Тоҷикистон аз 26 феврали соли 2026, №98",False,,,Тоҷикӣ / Форсӣ,,
tj_m_sano_1310,1310,male,Мужской,Писарона,С,Сано,Сано,Sano,САНО,САНО,SANO,True,"Қарори Ҳукумати Ҷумҳурии Тоҷикистон аз 26 феврали соли 2026, №98",True,sana,"Сияние, свет, блеск",Арабское,лучезарная; умная; красивая; верующая; добрая,"От арабского سناء (sanāʾ) — «сияние, яркий свет». В классической арабской поэзии «сана» — ослепительное сияние звезды или молнии. В исламской мистике «сана» описывает свет богопознания (маʿрифа), озаряющий сердце верующего. Имя также означает «хвалу» в значении возвышенного восхваления."
tj_m_sanoi_1311,1311,male,Мужской,Писарона,С,Саноӣ,Санои,Sanoi,САНОӢ,САНОИ,SANOI,True,"Қарори Ҳукумати Ҷумҳурии Тоҷикистон аз 26 феврали соли 2026, №98",False,,,Тоҷикӣ / Форсӣ,,
tj_m_saranbek_1312,1312,male,Мужской,Писарона,С,Саранбек,Саранбек,Saranbek,САРАНБЕК,САРАНБЕК,SARANBEK,True,"Қарори Ҳукумати Ҷумҳурии Тоҷикистон аз 26 феврали соли 2026, №98",False,,,Тоҷикӣ / Форсӣ,,
tj_m_sarafroz_1313,1313,male,Мужской,Писарона,С,Сарафроз,Сарафроз,Sarafroz,САРАФРОЗ,САРАФРОЗ,SARAFROZ,True,"Қарори Ҳукумати Ҷумҳурии Тоҷикистон аз 26 феврали соли 2026, №98",False,,,Тоҷикӣ / Форсӣ,,
tj_m_sarbaland_1314,1314,male,Мужской,Писарона,С,Сарбаланд,Сарбаланд,Sarbaland,САРБАЛАНД,САРБАЛАНД,SARBALAND,True,"Қарори Ҳукумати Ҷумҳурии Тоҷикистон аз 26 феврали соли 2026, №98",False,,,Тоҷикӣ / Форсӣ,,
tj_m_sarvar_1315,1315,male,Мужской,Писарона,С,Сарвар,Сарвар,Sarvar,САРВАР,САРВАР,SARVAR,True,"Қарори Ҳукумати Ҷумҳурии Тоҷикистон аз 26 феврали соли 2026, №98",True,sarwar,"Господин, предводитель, глава",Персидское,лидер; благородный; ответственный; достойный; мудрый,"Персидское سَرْوَر (сарвар) — «господин, предводитель, лидер». В суфийской поэзии «сарвар» — Пророк как предводитель всех пророков: «Мухаммад — сарвар-и анбия» (Пророк — господин пророков). Сарвар — распространённое имя в Пакистане, Иране, Афганистане. В персидской поэтике Пушкин назвал Руми «сарваром» мистической поэзии. Несёт образ благородного лидера, несущего ответственность за других."
tj_m_sarvat_1316,1316,male,Мужской,Писарона,С,Сарват,Сарват,Sarvat,САРВАТ,САРВАТ,SARVAT,True,"Қарори Ҳукумати Ҷумҳурии Тоҷикистон аз 26 феврали соли 2026, №98",False,,,Тоҷикӣ / Форсӣ,,
tj_m_sarvatmand_1317,1317,male,Мужской,Писарона,С,Сарватманд,Сарватманд,Sarvatmand,САРВАТМАНД,САРВАТМАНД,SARVATMAND,True,"Қарори Ҳукумати Ҷумҳурии Тоҷикистон аз 26 феврали соли 2026, №98",False,,,Тоҷикӣ / Форсӣ,,
tj_m_sarvod_1318,1318,male,Мужской,Писарона,С,Сарвод,Сарвод,Sarvod,САРВОД,САРВОД,SARVOD,True,"Қарори Ҳукумати Ҷумҳурии Тоҷикистон аз 26 феврали соли 2026, №98",False,,,Тоҷикӣ / Форсӣ,,
tj_m_sardor_1319,1319,male,Мужской,Писарона,С,Сардор,Сардор,Sardor,САРДОР,САРДОР,SARDOR,True,"Қарори Ҳукумати Ҷумҳурии Тоҷикистон аз 26 феврали соли 2026, №98",False,,,Тоҷикӣ / Форсӣ,,
tj_m_sarir_1320,1320,male,Мужской,Писарона,С,Сарир,Сарир,Sarir,САРИР,САРИР,SARIR,True,"Қарори Ҳукумати Ҷумҳурии Тоҷикистон аз 26 феврали соли 2026, №98",False,,,Тоҷикӣ / Форсӣ,,
tj_m_sarmad_1321,1321,male,Мужской,Писарона,С,Сармад,Сармад,Sarmad,САРМАД,САРМАД,SARMAD,True,"Қарори Ҳукумати Ҷумҳурии Тоҷикистон аз 26 феврали соли 2026, №98",False,,,Тоҷикӣ / Форсӣ,,
tj_m_sarohang_1322,1322,male,Мужской,Писарона,С,Сароҳанг,Сароханг,Sarohang,САРОҲАНГ,САРОХАНГ,SAROHANG,True,"Қарори Ҳукумати Ҷумҳурии Тоҷикистон аз 26 феврали соли 2026, №98",False,,,Тоҷикӣ / Форсӣ,,
tj_m_sarfaroz_1323,1323,male,Мужской,Писарона,С,Сарфароз,Сарфароз,Sarfaroz,САРФАРОЗ,САРФАРОЗ,SARFAROZ,True,"Қарори Ҳукумати Ҷумҳурии Тоҷикистон аз 26 феврали соли 2026, №98",False,,,Тоҷикӣ / Форсӣ,,
tj_m_satosp_1324,1324,male,Мужской,Писарона,С,Сатосп,Сатосп,Satosp,САТОСП,САТОСП,SATOSP,True,"Қарори Ҳукумати Ҷумҳурии Тоҷикистон аз 26 феврали соли 2026, №98",False,,,Тоҷикӣ / Форсӣ,,
tj_m_sator_1325,1325,male,Мужской,Писарона,С,Саттор,Саттор,Saтtor,САТТОР,САТТОР,SAТTOR,True,"Қарори Ҳукумати Ҷумҳурии Тоҷикистон аз 26 феврали соли 2026, №98",False,,,Тоҷикӣ / Форсӣ,,
tj_m_safar_1326,1326,male,Мужской,Писарона,С,Сафар,Сафар,Safar,САФАР,САФАР,SAFAR,True,"Қарори Ҳукумати Ҷумҳурии Тоҷикистон аз 26 феврали соли 2026, №98",True,zafar,"Победа, торжество, триумф",Арабское,победоносный; стойкий; храбрый; верующий; сильный,"От арабского ظفر (ẓafar) — «победа, триумф». В Коране в суре «Ас-Сафф» (61:13) Аллах обещает верующим «нaсруллах ва фатхун кариб» — помощь Аллаха и близкую победу. Бахадур Шах Зафар (1775–1862) — последний Могол, поэт и мистик, чья трагическая судьба символизирует конец эпохи."
tj_m_safarali_1327,1327,male,Мужской,Писарона,С,Сафаралӣ,Сафарали,Safarali,САФАРАЛӢ,САФАРАЛИ,SAFARALI,True,"Қарори Ҳукумати Ҷумҳурии Тоҷикистон аз 26 феврали соли 2026, №98",False,,,Тоҷикӣ / Форсӣ,,
tj_m_safdar_1328,1328,male,Мужской,Писарона,С,Сафдар,Сафдар,Safdar,САФДАР,САФДАР,SAFDAR,True,"Қарори Ҳукумати Ҷумҳурии Тоҷикистон аз 26 феврали соли 2026, №98",False,,,Тоҷикӣ / Форсӣ,,
tj_m_safiullo_1329,1329,male,Мужской,Писарона,С,Сафиулло,Сафиулло,Safiullo,САФИУЛЛО,САФИУЛЛО,SAFIULLO,True,"Қарори Ҳукумати Ҷумҳурии Тоҷикистон аз 26 феврали соли 2026, №98",False,,,Тоҷикӣ / Форсӣ,,
tj_m_safi_1330,1330,male,Мужской,Писарона,С,Сафӣ,Сафи,Safi,САФӢ,САФИ,SAFI,True,"Қарори Ҳукумати Ҷумҳурии Тоҷикистон аз 26 феврали соли 2026, №98",False,,,Тоҷикӣ / Форсӣ,,
tj_m_safo_1331,1331,male,Мужской,Писарона,С,Сафо,Сафо,Safo,САФО,САФО,SAFO,True,"Қарори Ҳукумати Ҷумҳурии Тоҷикистон аз 26 феврали соли 2026, №98",True,safaah,"Чистота, прозрачность, кристальная ясность сердца и помыслов. Корень صَفَا (сафа) — быть незамутнённым, прозрачным. صَفَاء — «абсолютная чистота, как горный источник»",Арабское,чистая; прозрачная; кристальная; искренняя; светлая,"Арабское صَفَاء (сафа) — «чистота, прозрачность». Ас-Сафа — один из двух священных холмов в Мекке: «إِنَّ الصَّفَا وَالْمَرْوَةَ مِن شَعَائِرِ اللَّهِ» (2:158). «Сафа аль-кальб» (чистота сердца) — фундамент суфийского пути. Аль-Джунайд аль-Багдади определял тасаввуф как «сафа аль-ваки маа Аллах» — «чистоту отношений с Аллахом». Братья Чистоты (Ихван ас-Сафа, IX–X вв.) — исламский философский кружок, взявший «сафа» в своё название как символ духовного совершенства. Имя — одно из самых любимых в арабском мире."
tj_m_safobakhsh_1332,1332,male,Мужской,Писарона,С,Сафобахш,Сафобахш,Safobakhsh,САФОБАХШ,САФОБАХШ,SAFOBAKHSH,True,"Қарори Ҳукумати Ҷумҳурии Тоҷикистон аз 26 феврали соли 2026, №98",False,,,Тоҷикӣ / Форсӣ,,
tj_m_safovar_1333,1333,male,Мужской,Писарона,С,Сафовар,Сафовар,Safovar,САФОВАР,САФОВАР,SAFOVAR,True,"Қарори Ҳукумати Ҷумҳурии Тоҷикистон аз 26 феврали соли 2026, №98",False,,,Тоҷикӣ / Форсӣ,,
tj_m_safodil_1334,1334,male,Мужской,Писарона,С,Сафодил,Сафодил,Safodil,САФОДИЛ,САФОДИЛ,SAFODIL,True,"Қарори Ҳукумати Ҷумҳурии Тоҷикистон аз 26 феврали соли 2026, №98",False,,,Тоҷикӣ / Форсӣ,,
tj_m_safodod_1335,1335,male,Мужской,Писарона,С,Сафодод,Сафодод,Safodod,САФОДОД,САФОДОД,SAFODOD,True,"Қарори Ҳукумати Ҷумҳурии Тоҷикистон аз 26 феврали соли 2026, №98",False,,,Тоҷикӣ / Форсӣ,,
tj_m_safodor_1336,1336,male,Мужской,Писарона,С,Сафодор,Сафодор,Safodor,САФОДОР,САФОДОР,SAFODOR,True,"Қарори Ҳукумати Ҷумҳурии Тоҷикистон аз 26 феврали соли 2026, №98",False,,,Тоҷикӣ / Форсӣ,,
tj_m_safomand_1337,1337,male,Мужской,Писарона,С,Сафоманд,Сафоманд,Safomand,САФОМАНД,САФОМАНД,SAFOMAND,True,"Қарори Ҳукумати Ҷумҳурии Тоҷикистон аз 26 феврали соли 2026, №98",False,,,Тоҷикӣ / Форсӣ,,
tj_m_safomehr_1338,1338,male,Мужской,Писарона,С,Сафомеҳр,Сафомехр,Safomehr,САФОМЕҲР,САФОМЕХР,SAFOMEHR,True,"Қарори Ҳукумати Ҷумҳурии Тоҷикистон аз 26 феврали соли 2026, №98",False,,,Тоҷикӣ / Форсӣ,,
tj_m_sakhi_1339,1339,male,Мужской,Писарона,С,Сахӣ,Сахи,Sakhi,САХӢ,САХИ,SAKHI,True,"Қарори Ҳукумати Ҷумҳурии Тоҷикистон аз 26 феврали соли 2026, №98",False,,,Тоҷикӣ / Форсӣ,,
tj_m_sakhidod_1340,1340,male,Мужской,Писарона,С,Сахидод,Сахидод,Sakhidod,САХИДОД,САХИДОД,SAKHIDOD,True,"Қарори Ҳукумати Ҷумҳурии Тоҷикистон аз 26 феврали соли 2026, №98",False,,,Тоҷикӣ / Форсӣ,,
tj_m_sakhirod_1341,1341,male,Мужской,Писарона,С,Сахирод,Сахирод,Sakhirod,САХИРОД,САХИРОД,SAKHIROD,True,"Қарори Ҳукумати Ҷумҳурии Тоҷикистон аз 26 феврали соли 2026, №98",False,,,Тоҷикӣ / Форсӣ,,
tj_m_sakhiroy_1342,1342,male,Мужской,Писарона,С,Сахирой,Сахирой,Sakhiroy,САХИРОЙ,САХИРОЙ,SAKHIROY,True,"Қарори Ҳукумати Ҷумҳурии Тоҷикистон аз 26 феврали соли 2026, №98",False,,,Тоҷикӣ / Форсӣ,,
tj_m_sakho_1343,1343,male,Мужской,Писарона,С,Сахо,Сахо,Sakho,САХО,САХО,SAKHO,True,"Қарори Ҳукумати Ҷумҳурии Тоҷикистон аз 26 феврали соли 2026, №98",False,,,Тоҷикӣ / Форсӣ,,
tj_m_sakhomand_1344,1344,male,Мужской,Писарона,С,Сахоманд,Сахоманд,Sakhomand,САХОМАНД,САХОМАНД,SAKHOMAND,True,"Қарори Ҳукумати Ҷумҳурии Тоҷикистон аз 26 феврали соли 2026, №98",False,,,Тоҷикӣ / Форсӣ,,
tj_m_sakhomehr_1345,1345,male,Мужской,Писарона,С,Сахомеҳр,Сахомехр,Sakhomehr,САХОМЕҲР,САХОМЕХР,SAKHOMEHR,True,"Қарори Ҳукумати Ҷумҳурии Тоҷикистон аз 26 феврали соли 2026, №98",False,,,Тоҷикӣ / Форсӣ,,
tj_m_sad_1346,1346,male,Мужской,Писарона,С,Саъд,Саъд,Sa’d,САЪД,САЪД,SA’D,True,"Қарори Ҳукумати Ҷумҳурии Тоҷикистон аз 26 феврали соли 2026, №98",True,saad,"Счастье, удача, благополучие",Арабское,счастливый; удачливый; щедрый; верующий; справедливый,"От арабского سعد — «счастье, благополучие». Саад ибн Аби Ваккас — один из «десяти обрадованных раем» и дядя Пророка по матери; первый мусульманин, пустивший стрелу на пути Аллаха, и завоеватель Персии в битве при Кадисии (636 г.). Имя напоминает о словах суры «Ас-Саджда»: «Аллах не даёт пропасть награде творящих добро»."
tj_m_sadi_1347,1347,male,Мужской,Писарона,С,Саъдӣ,Саъди,Sa’di,САЪДӢ,САЪДИ,SA’DI,True,"Қарори Ҳукумати Ҷумҳурии Тоҷикистон аз 26 феврали соли 2026, №98",False,,,Тоҷикӣ / Форсӣ,,
tj_m_sadon_1348,1348,male,Мужской,Писарона,С,Саъдон,Саъдон,Sa’don,САЪДОН,САЪДОН,SA’DON,True,"Қарори Ҳукумати Ҷумҳурии Тоҷикистон аз 26 феврали соли 2026, №98",False,,,Тоҷикӣ / Форсӣ,,
tj_m_sadullo_1349,1349,male,Мужской,Писарона,С,Саъдулло,Саъдулло,Saʼdullo,САЪДУЛЛО,САЪДУЛЛО,SAʼDULLO,True,"Қарори Ҳукумати Ҷумҳурии Тоҷикистон аз 26 феврали соли 2026, №98",False,,,Тоҷикӣ / Форсӣ,,
tj_m_sebuya_1350,1350,male,Мужской,Писарона,С,Себуя,Себуя,Sebuya,СЕБУЯ,СЕБУЯ,SEBUYA,True,"Қарори Ҳукумати Ҷумҳурии Тоҷикистон аз 26 феврали соли 2026, №98",False,,,Тоҷикӣ / Форсӣ,,
tj_m_sepin_1351,1351,male,Мужской,Писарона,С,Сепин,Сепин,Sepin,СЕПИН,СЕПИН,SEPIN,True,"Қарори Ҳукумати Ҷумҳурии Тоҷикистон аз 26 феврали соли 2026, №98",False,,,Тоҷикӣ / Форсӣ,,
tj_m_sibavih_1352,1352,male,Мужской,Писарона,С,Сибавиҳ,Сибавих,Sibavih,СИБАВИҲ,СИБАВИХ,SIBAVIH,True,"Қарори Ҳукумати Ҷумҳурии Тоҷикистон аз 26 феврали соли 2026, №98",False,,,Тоҷикӣ / Форсӣ,,
tj_m_siddiq_1353,1353,male,Мужской,Писарона,С,Сиддиқ,Сиддик,Siddiq,СИДДИҚ,СИДДИК,SIDDIQ,True,"Қарори Ҳукумати Ҷумҳурии Тоҷикистон аз 26 феврали соли 2026, №98",True,siddiq,"Правдивейший, наиискреннейший",Арабское,правдивый; искренний; честный; непогрешимый; верный,"Сравнительная степень от صَادِق (садик) — «правдивый»: صِدِّيق (сиддик) — «правдивейший». Это почётный титул Абу Бакра — первого халифа, который немедленно поверил Пророку, сообщившему об Исра и Мирадж. В Коране (4:69) «сиддикун» (правдивейшие) упомянуты после пророков как высшая степень. Среди женщин — Марьям и Асия названы «сиддика» (правдивейшей). Ас-Сиддик — духовный ранг в суфийской иерархии, следующий за пророческим."
tj_m_siyovush_1354,1354,male,Мужской,Писарона,С,Сиёвуш,Сиёвуш,Siyovush,СИЁВУШ,СИЁВУШ,SIYOVUSH,True,"Қарори Ҳукумати Ҷумҳурии Тоҷикистон аз 26 феврали соли 2026, №98",False,,,Тоҷикӣ / Форсӣ,,
tj_m_siyomak_1355,1355,male,Мужской,Писарона,С,Сиёмак,Сиёмак,Siyomak,СИЁМАК,СИЁМАК,SIYOMAK,True,"Қарори Ҳукумати Ҷумҳурии Тоҷикистон аз 26 феврали соли 2026, №98",False,,,Тоҷикӣ / Форсӣ,,
tj_m_siyoman_1356,1356,male,Мужской,Писарона,С,Сиёман,Сиёман,Siyoman,СИЁМАН,СИЁМАН,SIYOMAN,True,"Қарори Ҳукумати Ҷумҳурии Тоҷикистон аз 26 феврали соли 2026, №98",False,,,Тоҷикӣ / Форсӣ,,
tj_m_sinbod_1357,1357,male,Мужской,Писарона,С,Синбод,Синбод,Sinbod,СИНБОД,СИНБОД,SINBOD,True,"Қарори Ҳукумати Ҷумҳурии Тоҷикистон аз 26 феврали соли 2026, №98",False,,,Тоҷикӣ / Форсӣ,,
tj_m_sinbuya_1358,1358,male,Мужской,Писарона,С,Синбуя,Синбуя,Sinbuya,СИНБУЯ,СИНБУЯ,SINBUYA,True,"Қарори Ҳукумати Ҷумҳурии Тоҷикистон аз 26 феврали соли 2026, №98",False,,,Тоҷикӣ / Форсӣ,,
tj_m_sindbod_1359,1359,male,Мужской,Писарона,С,Синдбод,Синдбод,Sindbod,СИНДБОД,СИНДБОД,SINDBOD,True,"Қарори Ҳукумати Ҷумҳурии Тоҷикистон аз 26 феврали соли 2026, №98",False,,,Тоҷикӣ / Форсӣ,,
tj_m_sindod_1360,1360,male,Мужской,Писарона,С,Синдод,Синдод,Sindod,СИНДОД,СИНДОД,SINDOD,True,"Қарори Ҳукумати Ҷумҳурии Тоҷикистон аз 26 феврали соли 2026, №98",False,,,Тоҷикӣ / Форсӣ,,
tj_m_sino_1361,1361,male,Мужской,Писарона,С,Сино,Сино,Sino,СИНО,СИНО,SINO,True,"Қарори Ҳукумати Ҷумҳурии Тоҷикистон аз 26 феврали соли 2026, №98",False,,,Тоҷикӣ / Форсӣ,,
tj_m_sinomehr_1362,1362,male,Мужской,Писарона,С,Синомеҳр,Синомехр,Sinomehr,СИНОМЕҲР,СИНОМЕХР,SINOMEHR,True,"Қарори Ҳукумати Ҷумҳурии Тоҷикистон аз 26 феврали соли 2026, №98",False,,,Тоҷикӣ / Форсӣ,,
tj_m_sinon_1363,1363,male,Мужской,Писарона,С,Синон,Синон,Sinon,СИНОН,СИНОН,SINON,True,"Қарори Ҳукумати Ҷумҳурии Тоҷикистон аз 26 феврали соли 2026, №98",True,sinan,"Наконечник копья, остриё",Арабское,острый; точный; решительный; смелый; проницательный,"Арабское سِنَان (синан) — «наконечник копья, остриё». Мимар Синан (1490–1588) — главный архитектор Османской империи при Сулеймане Великолепном, Селиме II и Мураде III; спроектировал более 370 строений, включая мечеть Сулеймание и мечеть Селимие (Эдирне). Мечеть Селимие считается вершиной исламской архитектуры и внесена в список ЮНЕСКО. Синан сам называл её своим лучшим произведением."
tj_m_sinuya_1364,1364,male,Мужской,Писарона,С,Синуя,Синуя,Sinuya,СИНУЯ,СИНУЯ,SINUYA,True,"Қарори Ҳукумати Ҷумҳурии Тоҷикистон аз 26 феврали соли 2026, №98",False,,,Тоҷикӣ / Форсӣ,,
tj_m_sipan_1365,1365,male,Мужской,Писарона,С,Сипан,Сипан,Sipan,СИПАН,СИПАН,SIPAN,True,"Қарори Ҳукумати Ҷумҳурии Тоҷикистон аз 26 феврали соли 2026, №98",False,,,Тоҷикӣ / Форсӣ,,
tj_m_sipnd_1366,1366,male,Мужской,Писарона,С,Сипанд,Сипанд,Sipаnd,СИПАНД,СИПАНД,SIPАND,True,"Қарори Ҳукумати Ҷумҳурии Тоҷикистон аз 26 феврали соли 2026, №98",False,,,Тоҷикӣ / Форсӣ,,
tj_m_sipandyor_1367,1367,male,Мужской,Писарона,С,Сипандёр,Сипандёр,Sipandyor,СИПАНДЁР,СИПАНДЁР,SIPANDYOR,True,"Қарори Ҳукумати Ҷумҳурии Тоҷикистон аз 26 феврали соли 2026, №98",False,,,Тоҷикӣ / Форсӣ,,
tj_m_sipandman_1368,1368,male,Мужской,Писарона,С,Сипандман,Сипандман,Sipandman,СИПАНДМАН,СИПАНДМАН,SIPANDMAN,True,"Қарори Ҳукумати Ҷумҳурии Тоҷикистон аз 26 феврали соли 2026, №98",False,,,Тоҷикӣ / Форсӣ,,
tj_m_sipandmehr_1369,1369,male,Мужской,Писарона,С,Сипандмеҳр,Сипандмехр,Sipandmehr,СИПАНДМЕҲР,СИПАНДМЕХР,SIPANDMEHR,True,"Қарори Ҳукумати Ҷумҳурии Тоҷикистон аз 26 феврали соли 2026, №98",False,,,Тоҷикӣ / Форсӣ,,
tj_m_sipando_1370,1370,male,Мужской,Писарона,С,Сипандо,Сипандо,Sipando,СИПАНДО,СИПАНДО,SIPANDO,True,"Қарори Ҳукумати Ҷумҳурии Тоҷикистон аз 26 феврали соли 2026, №98",False,,,Тоҷикӣ / Форсӣ,,
tj_m_sipandod_1371,1371,male,Мужской,Писарона,С,Сипандод,Сипандод,Sipandod,СИПАНДОД,СИПАНДОД,SIPANDOD,True,"Қарори Ҳукумати Ҷумҳурии Тоҷикистон аз 26 феврали соли 2026, №98",False,,,Тоҷикӣ / Форсӣ,,
tj_m_sipar_1372,1372,male,Мужской,Писарона,С,Сипар,Сипар,Sipar,СИПАР,СИПАР,SIPAR,True,"Қарори Ҳукумати Ҷумҳурии Тоҷикистон аз 26 феврали соли 2026, №98",False,,,Тоҷикӣ / Форсӣ,,
tj_m_siparvar_1373,1373,male,Мужской,Писарона,С,Сипарвар,Сипарвар,Siparvar,СИПАРВАР,СИПАРВАР,SIPARVAR,True,"Қарори Ҳукумати Ҷумҳурии Тоҷикистон аз 26 феврали соли 2026, №98",False,,,Тоҷикӣ / Форсӣ,,
tj_m_sipardor_1374,1374,male,Мужской,Писарона,С,Сипардор,Сипардор,Sipardor,СИПАРДОР,СИПАРДОР,SIPARDOR,True,"Қарори Ҳукумати Ҷумҳурии Тоҷикистон аз 26 феврали соли 2026, №98",False,,,Тоҷикӣ / Форсӣ,,
tj_m_sipartan_1375,1375,male,Мужской,Писарона,С,Сипартан,Сипартан,Sipartan,СИПАРТАН,СИПАРТАН,SIPARTAN,True,"Қарори Ҳукумати Ҷумҳурии Тоҷикистон аз 26 феврали соли 2026, №98",False,,,Тоҷикӣ / Форсӣ,,
tj_m_sipahdor_1376,1376,male,Мужской,Писарона,С,Сипаҳдор,Сипахдор,Sipahdor,СИПАҲДОР,СИПАХДОР,SIPAHDOR,True,"Қарори Ҳукумати Ҷумҳурии Тоҷикистон аз 26 феврали соли 2026, №98",False,,,Тоҷикӣ / Форсӣ,,
tj_m_sipahron_1377,1377,male,Мужской,Писарона,С,Сипаҳрон,Сипахрон,Sipahron,СИПАҲРОН,СИПАХРОН,SIPAHRON,True,"Қарори Ҳукумати Ҷумҳурии Тоҷикистон аз 26 феврали соли 2026, №98",False,,,Тоҷикӣ / Форсӣ,,
tj_m_sipehrdod_1378,1378,male,Мужской,Писарона,С,Сипеҳрдод,Сипехрдод,Sipehrdod,СИПЕҲРДОД,СИПЕХРДОД,SIPEHRDOD,True,"Қарори Ҳукумати Ҷумҳурии Тоҷикистон аз 26 феврали соли 2026, №98",False,,,Тоҷикӣ / Форсӣ,,
tj_m_sipehr_1379,1379,male,Мужской,Писарона,С,Сипеҳр,Сипехр,Sipehr,СИПЕҲР,СИПЕХР,SIPEHR,True,"Қарори Ҳукумати Ҷумҳурии Тоҷикистон аз 26 феврали соли 2026, №98",False,,,Тоҷикӣ / Форсӣ,,
tj_m_sipovan_1380,1380,male,Мужской,Писарона,С,Сипован,Сипован,Sipovan,СИПОВАН,СИПОВАН,SIPOVAN,True,"Қарори Ҳукумати Ҷумҳурии Тоҷикистон аз 26 феврали соли 2026, №98",False,,,Тоҷикӣ / Форсӣ,,
tj_m_sipod_1381,1381,male,Мужской,Писарона,С,Сипод,Сипод,Sipod,СИПОД,СИПОД,SIPOD,True,"Қарори Ҳукумати Ҷумҳурии Тоҷикистон аз 26 феврали соли 2026, №98",False,,,Тоҷикӣ / Форсӣ,,
tj_m_sipon_1382,1382,male,Мужской,Писарона,С,Сипон,Сипон,Sipon,СИПОН,СИПОН,SIPON,True,"Қарори Ҳукумати Ҷумҳурии Тоҷикистон аз 26 феврали соли 2026, №98",False,,,Тоҷикӣ / Форсӣ,,
tj_m_sipoh_1383,1383,male,Мужской,Писарона,С,Сипоҳ,Сипох,Sipoh,СИПОҲ,СИПОХ,SIPOH,True,"Қарори Ҳукумати Ҷумҳурии Тоҷикистон аз 26 феврали соли 2026, №98",False,,,Тоҷикӣ / Форсӣ,,
tj_m_siroj_1384,1384,male,Мужской,Писарона,С,Сироҷ,Сиродж,Siroj,СИРОҶ,СИРОДЖ,SIROJ,True,"Қарори Ҳукумати Ҷумҳурии Тоҷикистон аз 26 феврали соли 2026, №98",True,siraj,"Светильник, лампа, факел",Арабское,просвещённый; путеводный; яркий; горячий; освещающий,"Арабское سِرَاج (сирадж) — «светильник, лампа». В Коране (33:46) Пророк Мухаммад описан как «сирадж мунир» — «ярко горящий светильник» (وَسِرَاجًا مُنِيرًا). В суре Ан-Нур (24:35) Аллах уподобляется «свету, в котором светильник» — сложнейший коранический образ. Имя символизирует просвещение — духовное и интеллектуальное. Книга «Сирадж аль-мулюк» Аль-Тортоши (XII в.) — знаменитое исламское «зерцало государей»."
tj_m_sirojiddin_1385,1385,male,Мужской,Писарона,С,Сироҷиддин,Сироджиддин,Sirojiddin,СИРОҶИДДИН,СИРОДЖИДДИН,SIROJIDDIN,True,"Қарори Ҳукумати Ҷумҳурии Тоҷикистон аз 26 феврали соли 2026, №98",False,,,Тоҷикӣ / Форсӣ,,
tj_m_sirus_1386,1386,male,Мужской,Писарона,С,Сирус,Сирус,Sirus,СИРУС,СИРУС,SIRUS,True,"Қарори Ҳукумати Ҷумҳурии Тоҷикистон аз 26 феврали соли 2026, №98",False,,,Тоҷикӣ / Форсӣ,,
tj_m_sitabr_1387,1387,male,Мужской,Писарона,С,Ситабр,Ситабр,Sitabr,СИТАБР,СИТАБР,SITABR,True,"Қарори Ҳукумати Ҷумҳурии Тоҷикистон аз 26 феврали соли 2026, №98",False,,,Тоҷикӣ / Форсӣ,,
tj_m_sobir_1388,1388,male,Мужской,Писарона,С,Собир,Собир,Sobir,СОБИР,СОБИР,SOBIR,True,"Қарори Ҳукумати Ҷумҳурии Тоҷикистон аз 26 феврали соли 2026, №98",True,sabir,"Терпеливый, стойкий",Арабское,терпеливый; стойкий; выносливый; упорный; богобоязненный,"Арабское صَابِر (сабир) — «терпеливый, стойкий». В Коране «сабр» (терпение) упоминается более 90 раз. (2:153): «Аллах — с терпеливыми» (إِنَّ اللَّهَ مَعَ الصَّابِرِينَ). «Ас-Сабур» — одно из прекрасных имён Аллаха. Хадис: «Воистину, велика награда за трудности: когда Аллах любит народ, Он испытывает его». Три вида сабра: сабр в поклонении, сабр в запретах, сабр в испытаниях."
tj_m_sobit_1389,1389,male,Мужской,Писарона,С,Собит,Собит,Sobit,СОБИТ,СОБИТ,SOBIT,True,"Қарори Ҳукумати Ҷумҳурии Тоҷикистон аз 26 феврали соли 2026, №98",True,thabit,"Стойкий, непоколебимый, твёрдо стоящий на своём. Корень ثَبَتَ (сабата) — быть твёрдым, устойчивым. ثَابِت — «тот, кого невозможно сдвинуть с места»",Арабское,стойкий; непоколебимый; твёрдый; верный; надёжный,"Арабское ثَابِت (сабит) — «непоколебимый». В Коране (14:27): «يُثَبِّتُ اللَّهُ الَّذِينَ آمَنُوا بِالْقَوْلِ الثَّابِتِ» — «Аллах укрепляет верующих непоколебимым словом». Сабит ибн Кайс аль-Ансари (ر) — «хатиб» (оратор) ансаров и сподвижник Пророка ﷺ, погибший при Ямаме. Сабит аль-Бунани (ум. 127 г.х.) — великий табиин Басры, ученик Анаса ибн Малика ﷓, известный своей молитвой: «О Аллах, если Ты даровал кому-либо молитву в могиле — даруй её мне». Имя широко распространено во всём исламском мире."
tj_m_sodiq_1390,1390,male,Мужской,Писарона,С,Содиқ,Содик,Sodiq,СОДИҚ,СОДИК,SODIQ,True,"Қарори Ҳукумати Ҷумҳурии Тоҷикистон аз 26 феврали соли 2026, №98",True,sadiq,"Правдивый, искренний, верный",Арабское,правдивый; искренний; верный; честный; принципиальный,"От арабского صَدَقَ (садака) — «быть правдивым»: صَادِق (садик) — «правдивый». Ас-Сиддик (Абу Бакр) — абсолютный в правдивости; ас-Садик — правдивый. В Коране (9:119): «Будьте с правдивыми». Джафар ас-Садик (702–765) — шестой шиитский имам, великий богослов и учёный; у него учился Абу Ханифа (основатель ханафитского мазхаба). Ас-Садик ал-Мухадджар (Подтверждённый Правдивый) — качество Пророка Мухаммада."
tj_m_sodir_1391,1391,male,Мужской,Писарона,С,Содир,Содир,Sodir,СОДИР,СОДИР,SODIR,True,"Қарори Ҳукумати Ҷумҳурии Тоҷикистон аз 26 феврали соли 2026, №98",False,,,Тоҷикӣ / Форсӣ,,
tj_m_soib_1392,1392,male,Мужской,Писарона,С,Соиб,Соиб,Soib,СОИБ,СОИБ,SOIB,True,"Қарори Ҳукумати Ҷумҳурии Тоҷикистон аз 26 феврали соли 2026, №98",False,,,Тоҷикӣ / Форсӣ,,
tj_m_sokin_1393,1393,male,Мужской,Писарона,С,Сокин,Сокин,Sokin,СОКИН,СОКИН,SOKIN,True,"Қарори Ҳукумати Ҷумҳурии Тоҷикистон аз 26 феврали соли 2026, №98",False,,,Тоҷикӣ / Форсӣ,,
tj_m_soleh_1394,1394,male,Мужской,Писарона,С,Солеҳ,Солех,Soleh,СОЛЕҲ,СОЛЕХ,SOLEH,True,"Қарори Ҳукумати Ҷумҳурии Тоҷикистон аз 26 феврали соли 2026, №98",True,salih,"Праведный, добродетельный, достойный",Арабское,праведный; добродетельный; честный; богобоязненный; исправный,"От арабского صَلَحَ (салаха) — «быть праведным, подходящим». صَالِح (салих) — «праведный». Коранический пророк Салих упоминается в сурах Аль-Аараф (7:73) и Аш-Шуара (26:141–159): он был послан к народу Самуд с верблюдицей как знамением. Понятие «амаль салих» (праведное деяние) — центральное в Коране: верующие, совершающие праведные дела, получают рай. Салих аль-Мунаджид — основатель популярного исламского ресурса «Islam Q&A»."
tj_m_solor_1395,1395,male,Мужской,Писарона,С,Солор,Солор,Solor,СОЛОР,СОЛОР,SOLOR,True,"Қарори Ҳукумати Ҷумҳурии Тоҷикистон аз 26 феврали соли 2026, №98",False,,,Тоҷикӣ / Форсӣ,,
tj_m_solorvand_1396,1396,male,Мужской,Писарона,С,Солорванд,Солорванд,Solorvand,СОЛОРВАНД,СОЛОРВАНД,SOLORVAND,True,"Қарори Ҳукумати Ҷумҳурии Тоҷикистон аз 26 феврали соли 2026, №98",False,,,Тоҷикӣ / Форсӣ,,
tj_m_soloryor_1397,1397,male,Мужской,Писарона,С,Солорёр,Солорёр,Soloryor,СОЛОРЁР,СОЛОРЁР,SOLORYOR,True,"Қарори Ҳукумати Ҷумҳурии Тоҷикистон аз 26 феврали соли 2026, №98",False,,,Тоҷикӣ / Форсӣ,,
tj_m_solormand_1398,1398,male,Мужской,Писарона,С,Солорманд,Солорманд,Solormand,СОЛОРМАНД,СОЛОРМАНД,SOLORMAND,True,"Қарори Ҳукумати Ҷумҳурии Тоҷикистон аз 26 феврали соли 2026, №98",False,,,Тоҷикӣ / Форсӣ,,
tj_m_solormanish_1399,1399,male,Мужской,Писарона,С,Солорманиш,Солорманиш,Solormanish,СОЛОРМАНИШ,СОЛОРМАНИШ,SOLORMANISH,True,"Қарори Ҳукумати Ҷумҳурии Тоҷикистон аз 26 феврали соли 2026, №98",False,,,Тоҷикӣ / Форсӣ,,
tj_m_solormard_1400,1400,male,Мужской,Писарона,С,Солормард,Солормард,Solormard,СОЛОРМАРД,СОЛОРМАРД,SOLORMARD,True,"Қарори Ҳукумати Ҷумҳурии Тоҷикистон аз 26 феврали соли 2026, №98",False,,,Тоҷикӣ / Форсӣ,,
tj_m_solorshoh_1401,1401,male,Мужской,Писарона,С,Солоршоҳ,Солоршох,Solorshoh,СОЛОРШОҲ,СОЛОРШОХ,SOLORSHOH,True,"Қарори Ҳукумати Ҷумҳурии Тоҷикистон аз 26 феврали соли 2026, №98",False,,,Тоҷикӣ / Форсӣ,,
tj_m_som_1402,1402,male,Мужской,Писарона,С,Сом,Сом,Som,СОМ,СОМ,SOM,True,"Қарори Ҳукумати Ҷумҳурии Тоҷикистон аз 26 феврали соли 2026, №98",False,,,Тоҷикӣ / Форсӣ,,
tj_m_soman_1403,1403,male,Мужской,Писарона,С,Соман,Соман,Soman,СОМАН,СОМАН,SOMAN,True,"Қарори Ҳукумати Ҷумҳурии Тоҷикистон аз 26 феврали соли 2026, №98",False,,,Тоҷикӣ / Форсӣ,,
tj_m_somyor_1404,1404,male,Мужской,Писарона,С,Сомёр,Сомёр,Somyor,СОМЁР,СОМЁР,SOMYOR,True,"Қарори Ҳукумати Ҷумҳурии Тоҷикистон аз 26 феврали соли 2026, №98",False,,,Тоҷикӣ / Форсӣ,,
tj_m_somzod_1405,1405,male,Мужской,Писарона,С,Сомзод,Сомзод,Somzod,СОМЗОД,СОМЗОД,SOMZOD,True,"Қарори Ҳукумати Ҷумҳурии Тоҷикистон аз 26 феврали соли 2026, №98",False,,,Тоҷикӣ / Форсӣ,,
tj_m_sommehr_1406,1406,male,Мужской,Писарона,С,Соммеҳр,Соммехр,Sommehr,СОММЕҲР,СОММЕХР,SOMMEHR,True,"Қарори Ҳукумати Ҷумҳурии Тоҷикистон аз 26 феврали соли 2026, №98",False,,,Тоҷикӣ / Форсӣ,,
tj_m_sommirzo_1407,1407,male,Мужской,Писарона,С,Соммирзо,Соммирзо,Sommirzo,СОММИРЗО,СОММИРЗО,SOMMIRZO,True,"Қарори Ҳукумати Ҷумҳурии Тоҷикистон аз 26 феврали соли 2026, №98",False,,,Тоҷикӣ / Форсӣ,,
tj_m_somon_1408,1408,male,Мужской,Писарона,С,Сомон,Сомон,Somon,СОМОН,СОМОН,SOMON,True,"Қарори Ҳукумати Ҷумҳурии Тоҷикистон аз 26 феврали соли 2026, №98",False,,,Тоҷикӣ / Форсӣ,,
tj_m_somongurd_1409,1409,male,Мужской,Писарона,С,Сомонгурд,Сомонгурд,Somongurd,СОМОНГУРД,СОМОНГУРД,SOMONGURD,True,"Қарори Ҳукумати Ҷумҳурии Тоҷикистон аз 26 феврали соли 2026, №98",False,,,Тоҷикӣ / Форсӣ,,
tj_m_somondust_1410,1410,male,Мужской,Писарона,С,Сомондӯст,Сомондуст,Somondust,СОМОНДӮСТ,СОМОНДУСТ,SOMONDUST,True,"Қарори Ҳукумати Ҷумҳурии Тоҷикистон аз 26 феврали соли 2026, №98",False,,,Тоҷикӣ / Форсӣ,,
tj_m_somonyor_1411,1411,male,Мужской,Писарона,С,Сомонёр,Сомонёр,Somonyor,СОМОНЁР,СОМОНЁР,SOMONYOR,True,"Қарори Ҳукумати Ҷумҳурии Тоҷикистон аз 26 феврали соли 2026, №98",False,,,Тоҷикӣ / Форсӣ,,
tj_m_somoni_1412,1412,male,Мужской,Писарона,С,Сомонӣ,Сомони,Somoni,СОМОНӢ,СОМОНИ,SOMONI,True,"Қарори Ҳукумати Ҷумҳурии Тоҷикистон аз 26 феврали соли 2026, №98",False,,,Тоҷикӣ / Форсӣ,,
tj_m_somonmard_1413,1413,male,Мужской,Писарона,С,Сомонмард,Сомонмард,Somonmard,СОМОНМАРД,СОМОНМАРД,SOMONMARD,True,"Қарори Ҳукумати Ҷумҳурии Тоҷикистон аз 26 феврали соли 2026, №98",False,,,Тоҷикӣ / Форсӣ,,
tj_m_somonmehr_1414,1414,male,Мужской,Писарона,С,Сомонмеҳр,Сомонмехр,Somonmehr,СОМОНМЕҲР,СОМОНМЕХР,SOMONMEHR,True,"Қарори Ҳукумати Ҷумҳурии Тоҷикистон аз 26 феврали соли 2026, №98",False,,,Тоҷикӣ / Форсӣ,,
tj_m_somonnazhod_1415,1415,male,Мужской,Писарона,С,Сомоннажод,Сомоннажод,Somonnazhod,СОМОННАЖОД,СОМОННАЖОД,SOMONNAZHOD,True,"Қарори Ҳукумати Ҷумҳурии Тоҷикистон аз 26 феврали соли 2026, №98",False,,,Тоҷикӣ / Форсӣ,,
tj_m_somontoj_1416,1416,male,Мужской,Писарона,С,Сомонтоҷ,Сомонтоҷ,Somontoj,СОМОНТОҶ,СОМОНТОҶ,SOMONTOJ,True,"Қарори Ҳукумати Ҷумҳурии Тоҷикистон аз 26 феврали соли 2026, №98",False,,,Тоҷикӣ / Форсӣ,,
tj_m_somonfar_1417,1417,male,Мужской,Писарона,С,Сомонфар,Сомонфар,Somonfar,СОМОНФАР,СОМОНФАР,SOMONFAR,True,"Қарори Ҳукумати Ҷумҳурии Тоҷикистон аз 26 феврали соли 2026, №98",False,,,Тоҷикӣ / Форсӣ,,
tj_m_somonkhudot_1418,1418,male,Мужской,Писарона,С,Сомонхудот,Сомонхудот,Somonkhudot,СОМОНХУДОТ,СОМОНХУДОТ,SOMONKHUDOT,True,"Қарори Ҳукумати Ҷумҳурии Тоҷикистон аз 26 феврали соли 2026, №98",False,,,Тоҷикӣ / Форсӣ,,
tj_m_somonchehr_1419,1419,male,Мужской,Писарона,С,Сомончеҳр,Сомончехр,Somonchehr,СОМОНЧЕҲР,СОМОНЧЕХР,SOMONCHEHR,True,"Қарори Ҳукумати Ҷумҳурии Тоҷикистон аз 26 феврали соли 2026, №98",False,,,Тоҷикӣ / Форсӣ,,
tj_m_somonshed_1420,1420,male,Мужской,Писарона,С,Сомоншед,Сомоншед,Somonshed,СОМОНШЕД,СОМОНШЕД,SOMONSHED,True,"Қарори Ҳукумати Ҷумҳурии Тоҷикистон аз 26 феврали соли 2026, №98",False,,,Тоҷикӣ / Форсӣ,,
tj_m_somonsher_1421,1421,male,Мужской,Писарона,С,Сомоншер,Сомоншер,Somonsher,СОМОНШЕР,СОМОНШЕР,SOMONSHER,True,"Қарори Ҳукумати Ҷумҳурии Тоҷикистон аз 26 феврали соли 2026, №98",False,,,Тоҷикӣ / Форсӣ,,
tj_m_somonshoh_1422,1422,male,Мужской,Писарона,С,Сомоншоҳ,Сомоншох,Somonshoh,СОМОНШОҲ,СОМОНШОХ,SOMONSHOH,True,"Қарори Ҳукумати Ҷумҳурии Тоҷикистон аз 26 феврали соли 2026, №98",False,,,Тоҷикӣ / Форсӣ,,
tj_m_somonyal_1423,1423,male,Мужской,Писарона,С,Сомонял,Сомонял,Somonyal,СОМОНЯЛ,СОМОНЯЛ,SOMONYAL,True,"Қарори Ҳукумати Ҷумҳурии Тоҷикистон аз 26 феврали соли 2026, №98",False,,,Тоҷикӣ / Форсӣ,,
tj_m_sorbon_1424,1424,male,Мужской,Писарона,С,Сорбон,Сорбон,Sorbon,СОРБОН,СОРБОН,SORBON,True,"Қарори Ҳукумати Ҷумҳурии Тоҷикистон аз 26 феврали соли 2026, №98",False,,,Тоҷикӣ / Форсӣ,,
tj_m_soson_1425,1425,male,Мужской,Писарона,С,Сосон,Сосон,Soson,СОСОН,СОСОН,SOSON,True,"Қарори Ҳукумати Ҷумҳурии Тоҷикистон аз 26 феврали соли 2026, №98",False,,,Тоҷикӣ / Форсӣ,,
tj_m_sohib_1426,1426,male,Мужской,Писарона,С,Соҳиб,Сохиб,Sohib,СОҲИБ,СОХИБ,SOHIB,True,"Қарори Ҳукумати Ҷумҳурии Тоҷикистон аз 26 феврали соли 2026, №98",True,sahib,"Товарищ, спутник, хозяин",Арабское,верный; надёжный; дружелюбный; заботливый; преданный,
tj_m_sohibadab_1427,1427,male,Мужской,Писарона,С,Соҳибадаб,Сохибадаб,Sohibadab,СОҲИБАДАБ,СОХИБАДАБ,SOHIBADAB,True,"Қарори Ҳукумати Ҷумҳурии Тоҷикистон аз 26 феврали соли 2026, №98",False,,,Тоҷикӣ / Форсӣ,,
tj_m_sohibvatan_1428,1428,male,Мужской,Писарона,С,Соҳибватан,Сохибватан,Sohibvatan,СОҲИБВАТАН,СОХИБВАТАН,SOHIBVATAN,True,"Қарори Ҳукумати Ҷумҳурии Тоҷикистон аз 26 феврали соли 2026, №98",False,,,Тоҷикӣ / Форсӣ,,
tj_m_sohibvafo_1429,1429,male,Мужской,Писарона,С,Соҳибвафо,Сохибвафо,Sohibvafo,СОҲИБВАФО,СОХИБВАФО,SOHIBVAFO,True,"Қарори Ҳукумати Ҷумҳурии Тоҷикистон аз 26 феврали соли 2026, №98",False,,,Тоҷикӣ / Форсӣ,,
tj_m_sohibviqor_1430,1430,male,Мужской,Писарона,С,Соҳибвиқор,Сохибвикор,Sohibviqor,СОҲИБВИҚОР,СОХИБВИКОР,SOHIBVIQOR,True,"Қарори Ҳукумати Ҷумҳурии Тоҷикистон аз 26 феврали соли 2026, №98",False,,,Тоҷикӣ / Форсӣ,,
tj_m_sohibganj_1431,1431,male,Мужской,Писарона,С,Соҳибганҷ,Сохибганҷ,Sohibganj,СОҲИБГАНҶ,СОХИБГАНҶ,SOHIBGANJ,True,"Қарори Ҳукумати Ҷумҳурии Тоҷикистон аз 26 феврали соли 2026, №98",False,,,Тоҷикӣ / Форсӣ,,
tj_m_sohibdavlat_1432,1432,male,Мужской,Писарона,С,Соҳибдавлат,Сохибдавлат,Sohibdavlat,СОҲИБДАВЛАТ,СОХИБДАВЛАТ,SOHIBDAVLAT,True,"Қарори Ҳукумати Ҷумҳурии Тоҷикистон аз 26 феврали соли 2026, №98",False,,,Тоҷикӣ / Форсӣ,,
tj_m_sohibdiyor_1433,1433,male,Мужской,Писарона,С,Соҳибдиёр,Сохибдиёр,Sohibdiyor,СОҲИБДИЁР,СОХИБДИЁР,SOHIBDIYOR,True,"Қарори Ҳукумати Ҷумҳурии Тоҷикистон аз 26 феврали соли 2026, №98",False,,,Тоҷикӣ / Форсӣ,,
tj_m_sohibdil_1434,1434,male,Мужской,Писарона,С,Соҳибдил,Сохибдил,Sohibdil,СОҲИБДИЛ,СОХИБДИЛ,SOHIBDIL,True,"Қарори Ҳукумати Ҷумҳурии Тоҷикистон аз 26 феврали соли 2026, №98",False,,,Тоҷикӣ / Форсӣ,,
tj_m_sohibyor_1435,1435,male,Мужской,Писарона,С,Соҳибёр,Сохибёр,Sohibyor,СОҲИБЁР,СОХИБЁР,SOHIBYOR,True,"Қарори Ҳукумати Ҷумҳурии Тоҷикистон аз 26 феврали соли 2026, №98",False,,,Тоҷикӣ / Форсӣ,,
tj_m_sohibiqbol_1436,1436,male,Мужской,Писарона,С,Соҳибиқбол,Сохибикбол,Sohibiqbol,СОҲИБИҚБОЛ,СОХИБИКБОЛ,SOHIBIQBOL,True,"Қарори Ҳукумати Ҷумҳурии Тоҷикистон аз 26 феврали соли 2026, №98",False,,,Тоҷикӣ / Форсӣ,,
tj_m_sohibqiron_1437,1437,male,Мужской,Писарона,С,Соҳибқирон,Сохибкирон,Sohibqiron,СОҲИБҚИРОН,СОХИБКИРОН,SOHIBQIRON,True,"Қарори Ҳукумати Ҷумҳурии Тоҷикистон аз 26 феврали соли 2026, №98",False,,,Тоҷикӣ / Форсӣ,,
tj_m_sohibmanish_1438,1438,male,Мужской,Писарона,С,Соҳибманиш,Сохибманиш,Sohibmanish,СОҲИБМАНИШ,СОХИБМАНИШ,SOHIBMANISH,True,"Қарори Ҳукумати Ҷумҳурии Тоҷикистон аз 26 феврали соли 2026, №98",False,,,Тоҷикӣ / Форсӣ,,
tj_m_sohibmehr_1439,1439,male,Мужской,Писарона,С,Соҳибмеҳр,Сохибмехр,Sohibmehr,СОҲИБМЕҲР,СОХИБМЕХР,SOHIBMEHR,True,"Қарори Ҳукумати Ҷумҳурии Тоҷикистон аз 26 феврали соли 2026, №98",False,,,Тоҷикӣ / Форсӣ,,
tj_m_sohibmulk_1440,1440,male,Мужской,Писарона,С,Соҳибмулк,Сохибмулк,Sohibmulk,СОҲИБМУЛК,СОХИБМУЛК,SOHIBMULK,True,"Қарори Ҳукумати Ҷумҳурии Тоҷикистон аз 26 феврали соли 2026, №98",False,,,Тоҷикӣ / Форсӣ,,
tj_m_sohibnazar_1441,1441,male,Мужской,Писарона,С,Соҳибназар,Сохибназар,Sohibnazar,СОҲИБНАЗАР,СОХИБНАЗАР,SOHIBNAZAR,True,"Қарори Ҳукумати Ҷумҳурии Тоҷикистон аз 26 феврали соли 2026, №98",False,,,Тоҷикӣ / Форсӣ,,
tj_m_sohibnom_1442,1442,male,Мужской,Писарона,С,Соҳибном,Сохибном,Sohibnom,СОҲИБНОМ,СОХИБНОМ,SOHIBNOM,True,"Қарори Ҳукумати Ҷумҳурии Тоҷикистон аз 26 феврали соли 2026, №98",False,,,Тоҷикӣ / Форсӣ,,
tj_m_sohibroy_1443,1443,male,Мужской,Писарона,С,Соҳиброй,Сохиброй,Sohibroy,СОҲИБРОЙ,СОХИБРОЙ,SOHIBROY,True,"Қарори Ҳукумати Ҷумҳурии Тоҷикистон аз 26 феврали соли 2026, №98",False,,,Тоҷикӣ / Форсӣ,,
tj_m_sohibsakho_1444,1444,male,Мужской,Писарона,С,Соҳибсахо,Сохибсахо,Sohibsakho,СОҲИБСАХО,СОХИБСАХО,SOHIBSAKHO,True,"Қарори Ҳукумати Ҷумҳурии Тоҷикистон аз 26 феврали соли 2026, №98",False,,,Тоҷикӣ / Форсӣ,,
tj_m_sohibtoj_1445,1445,male,Мужской,Писарона,С,Соҳибтоҷ,Сохибтоҷ,Sohibtoj,СОҲИБТОҶ,СОХИБТОҶ,SOHIBTOJ,True,"Қарори Ҳукумати Ҷумҳурии Тоҷикистон аз 26 феврали соли 2026, №98",False,,,Тоҷикӣ / Форсӣ,,
tj_m_sohibfar_1446,1446,male,Мужской,Писарона,С,Соҳибфар,Сохибфар,Sohibfar,СОҲИБФАР,СОХИБФАР,SOHIBFAR,True,"Қарори Ҳукумати Ҷумҳурии Тоҷикистон аз 26 феврали соли 2026, №98",False,,,Тоҷикӣ / Форсӣ,,
tj_m_sohibfurug_1447,1447,male,Мужской,Писарона,С,Соҳибфуруғ,Сохибфуруг,Sohibfurug,СОҲИБФУРУҒ,СОХИБФУРУГ,SOHIBFURUG,True,"Қарори Ҳукумати Ҷумҳурии Тоҷикистон аз 26 феврали соли 2026, №98",False,,,Тоҷикӣ / Форсӣ,,
tj_m_sohibkhirad_1448,1448,male,Мужской,Писарона,С,Соҳибхирад,Сохибхирад,Sohibkhirad,СОҲИБХИРАД,СОХИБХИРАД,SOHIBKHIRAD,True,"Қарори Ҳукумати Ҷумҳурии Тоҷикистон аз 26 феврали соли 2026, №98",False,,,Тоҷикӣ / Форсӣ,,
tj_m_sohibhush_1449,1449,male,Мужской,Писарона,С,Соҳибҳуш,Сохибхуш,Sohibhush,СОҲИБҲУШ,СОХИБХУШ,SOHIBHUSH,True,"Қарори Ҳукумати Ҷумҳурии Тоҷикистон аз 26 феврали соли 2026, №98",False,,,Тоҷикӣ / Форсӣ,,
tj_m_sohibjalol_1450,1450,male,Мужской,Писарона,С,Соҳибҷалол,Сохибджалол,Sohibjalol,СОҲИБҶАЛОЛ,СОХИБДЖАЛОЛ,SOHIBJALOL,True,"Қарори Ҳукумати Ҷумҳурии Тоҷикистон аз 26 феврали соли 2026, №98",False,,,Тоҷикӣ / Форсӣ,,
tj_m_sohibjon_1451,1451,male,Мужской,Писарона,С,Соҳибҷон,Сохибджон,Sohibjon,СОҲИБҶОН,СОХИБДЖОН,SOHIBJON,True,"Қарори Ҳукумати Ҷумҳурии Тоҷикистон аз 26 феврали соли 2026, №98",False,,,Тоҷикӣ / Форсӣ,,
tj_m_sohibshed_1452,1452,male,Мужской,Писарона,С,Соҳибшед,Сохибшед,Sohibshed,СОҲИБШЕД,СОХИБШЕД,SOHIBSHED,True,"Қарори Ҳукумати Ҷумҳурии Тоҷикистон аз 26 феврали соли 2026, №98",False,,,Тоҷикӣ / Форсӣ,,
tj_m_spitamen_1453,1453,male,Мужской,Писарона,С,Спитамен,Спитамен,Spitamen,СПИТАМЕН,СПИТАМЕН,SPITAMEN,True,"Қарори Ҳукумати Ҷумҳурии Тоҷикистон аз 26 феврали соли 2026, №98",False,,,Тоҷикӣ / Форсӣ,,
tj_m_subhiddin_1454,1454,male,Мужской,Писарона,С,Субҳиддин,Субхиддин,Subhiddin,СУБҲИДДИН,СУБХИДДИН,SUBHIDDIN,True,"Қарори Ҳукумати Ҷумҳурии Тоҷикистон аз 26 феврали соли 2026, №98",False,,,Тоҷикӣ / Форсӣ,,
tj_m_subhon_1455,1455,male,Мужской,Писарона,С,Субҳон,Субхон,Subhon,СУБҲОН,СУБХОН,SUBHON,True,"Қарори Ҳукумати Ҷумҳурии Тоҷикистон аз 26 феврали соли 2026, №98",False,,,Тоҷикӣ / Форсӣ,,
tj_m_sudmand_1456,1456,male,Мужской,Писарона,С,Судманд,Судманд,Sudmand,СУДМАНД,СУДМАНД,SUDMAND,True,"Қарори Ҳукумати Ҷумҳурии Тоҷикистон аз 26 феврали соли 2026, №98",False,,,Тоҷикӣ / Форсӣ,,
tj_m_sulaymon_1457,1457,male,Мужской,Писарона,С,Сулаймон,Сулаймон,Sulaymon,СУЛАЙМОН,СУЛАЙМОН,SULAYMON,True,"Қарори Ҳукумати Ҷумҳурии Тоҷикистон аз 26 феврали соли 2026, №98",False,,,Тоҷикӣ / Форсӣ,,
tj_m_sulton_1458,1458,male,Мужской,Писарона,С,Султон,Султон,Sulton,СУЛТОН,СУЛТОН,SULTON,True,"Қарори Ҳукумати Ҷумҳурии Тоҷикистон аз 26 феврали соли 2026, №98",True,sultan,"Власть, правитель, владыка",Арабское,величественный; лидер; сильный; справедливый,"От арабского سلطان — «власть, владыка». Титул правителей мусульманских государств. Ас-Султан — одно из имён Аллаха."
tj_m_sumbod_1459,1459,male,Мужской,Писарона,С,Сумбод,Сумбод,Sumbod,СУМБОД,СУМБОД,SUMBOD,True,"Қарори Ҳукумати Ҷумҳурии Тоҷикистон аз 26 феврали соли 2026, №98",False,,,Тоҷикӣ / Форсӣ,,
tj_m_sunnat_1460,1460,male,Мужской,Писарона,С,Суннат,Суннат,Sunnat,СУННАТ,СУННАТ,SUNNAT,True,"Қарори Ҳукумати Ҷумҳурии Тоҷикистон аз 26 феврали соли 2026, №98",False,,,Тоҷикӣ / Форсӣ,,
tj_m_suren_1461,1461,male,Мужской,Писарона,С,Сурен,Сурен,Suren,СУРЕН,СУРЕН,SUREN,True,"Қарори Ҳукумати Ҷумҳурии Тоҷикистон аз 26 феврали соли 2026, №98",False,,,Тоҷикӣ / Форсӣ,,
tj_m_surush_1462,1462,male,Мужской,Писарона,С,Суруш,Суруш,Surush,СУРУШ,СУРУШ,SURUSH,True,"Қарори Ҳукумати Ҷумҳурии Тоҷикистон аз 26 феврали соли 2026, №98",False,,,Тоҷикӣ / Форсӣ,,
tj_m_suhayl_1463,1463,male,Мужской,Писарона,С,Суҳайл,Сухайл,Suhayl,СУҲАЙЛ,СУХАЙЛ,SUHAYL,True,"Қарори Ҳукумати Ҷумҳурии Тоҷикистон аз 26 феврали соли 2026, №98",True,suhayl,"Канопус (звезда), лёгкий, мягкий",Арабское,яркий; лёгкий; дипломатичный; мягкий; умный,"Арабское سُهَيْل (сухайл) — «звезда Канопус (α Киля)» и «мягкий, лёгкий». Сухайл ибн Амр — курайшитский вождь, один из красноречивейших ораторов Мекки; представлял курайшитов при заключении Худайбийского перемирия (628 г.). Принял ислам в день Фатх аль-Мекки (630 г.). Канопус — вторая по яркости звезда неба, ориентир для аравийских моряков."
tj_m_suhayli_1464,1464,male,Мужской,Писарона,С,Суҳайлӣ,Сухайли,Suhayli,СУҲАЙЛӢ,СУХАЙЛИ,SUHAYLI,True,"Қарори Ҳукумати Ҷумҳурии Тоҷикистон аз 26 феврали соли 2026, №98",False,,,Тоҷикӣ / Форсӣ,,
tj_m_suhrob_1465,1465,male,Мужской,Писарона,С,Суҳроб,Сухроб,Suhrob,СУҲРОБ,СУХРОБ,SUHROB,True,"Қарори Ҳукумати Ҷумҳурии Тоҷикистон аз 26 феврали соли 2026, №98",False,,,Тоҷикӣ / Форсӣ,,
tj_m_suhrobshoh_1466,1466,male,Мужской,Писарона,С,Суҳробшоҳ,Сухробшох,Suhrobshoh,СУҲРОБШОҲ,СУХРОБШОХ,SUHROBSHOH,True,"Қарори Ҳукумати Ҷумҳурии Тоҷикистон аз 26 феврали соли 2026, №98",False,,,Тоҷикӣ / Форсӣ,,
tj_m_tabrez_1467,1467,male,Мужской,Писарона,Т,Табрез,Табрез,Tabrez,ТАБРЕЗ,ТАБРЕЗ,TABREZ,True,"Қарори Ҳукумати Ҷумҳурии Тоҷикистон аз 26 феврали соли 2026, №98",False,,,Тоҷикӣ / Форсӣ,,
tj_m_tavakkal_1468,1468,male,Мужской,Писарона,Т,Таваккал,Таваккал,Tavakkal,ТАВАККАЛ,ТАВАККАЛ,TAVAKKAL,True,"Қарори Ҳукумати Ҷумҳурии Тоҷикистон аз 26 феврали соли 2026, №98",False,,,Тоҷикӣ / Форсӣ,,
tj_m_tavallo_1469,1469,male,Мужской,Писарона,Т,Тавалло,Тавалло,Tavallo,ТАВАЛЛО,ТАВАЛЛО,TAVALLO,True,"Қарори Ҳукумати Ҷумҳурии Тоҷикистон аз 26 феврали соли 2026, №98",False,,,Тоҷикӣ / Форсӣ,,
tj_m_tavonafzo_1470,1470,male,Мужской,Писарона,Т,Тавонафзо,Тавонафзо,Tavonafzo,ТАВОНАФЗО,ТАВОНАФЗО,TAVONAFZO,True,"Қарори Ҳукумати Ҷумҳурии Тоҷикистон аз 26 феврали соли 2026, №98",False,,,Тоҷикӣ / Форсӣ,,
tj_m_tavonbakhsh_1471,1471,male,Мужской,Писарона,Т,Тавонбахш,Тавонбахш,Tavonbakhsh,ТАВОНБАХШ,ТАВОНБАХШ,TAVONBAKHSH,True,"Қарори Ҳукумати Ҷумҳурии Тоҷикистон аз 26 феврали соли 2026, №98",False,,,Тоҷикӣ / Форсӣ,,
tj_m_tavongar_1472,1472,male,Мужской,Писарона,Т,Тавонгар,Тавонгар,Tavongar,ТАВОНГАР,ТАВОНГАР,TAVONGAR,True,"Қарори Ҳукумати Ҷумҳурии Тоҷикистон аз 26 феврали соли 2026, №98",False,,,Тоҷикӣ / Форсӣ,,
tj_m_tavonyor_1473,1473,male,Мужской,Писарона,Т,Тавонёр,Тавонёр,Tavonyor,ТАВОНЁР,ТАВОНЁР,TAVONYOR,True,"Қарори Ҳукумати Ҷумҳурии Тоҷикистон аз 26 феврали соли 2026, №98",False,,,Тоҷикӣ / Форсӣ,,
tj_m_tavonmand_1474,1474,male,Мужской,Писарона,Т,Тавонманд,Тавонманд,Tavonmand,ТАВОНМАНД,ТАВОНМАНД,TAVONMAND,True,"Қарори Ҳукумати Ҷумҳурии Тоҷикистон аз 26 феврали соли 2026, №98",False,,,Тоҷикӣ / Форсӣ,,
tj_m_tavonmanish_1475,1475,male,Мужской,Писарона,Т,Тавонманиш,Тавонманиш,Tavonmanish,ТАВОНМАНИШ,ТАВОНМАНИШ,TAVONMANISH,True,"Қарори Ҳукумати Ҷумҳурии Тоҷикистон аз 26 феврали соли 2026, №98",False,,,Тоҷикӣ / Форсӣ,,
tj_m_tavonmard_1476,1476,male,Мужской,Писарона,Т,Тавонмард,Тавонмард,Tavonmard,ТАВОНМАРД,ТАВОНМАРД,TAVONMARD,True,"Қарори Ҳукумати Ҷумҳурии Тоҷикистон аз 26 феврали соли 2026, №98",False,,,Тоҷикӣ / Форсӣ,,
tj_m_tavono_1477,1477,male,Мужской,Писарона,Т,Тавоно,Тавоно,Tavono,ТАВОНО,ТАВОНО,TAVONO,True,"Қарори Ҳукумати Ҷумҳурии Тоҷикистон аз 26 феврали соли 2026, №98",False,,,Тоҷикӣ / Форсӣ,,
tj_m_tavonozmo_1478,1478,male,Мужской,Писарона,Т,Тавонозмо,Тавонозмо,Tavonozmo,ТАВОНОЗМО,ТАВОНОЗМО,TAVONOZMO,True,"Қарори Ҳукумати Ҷумҳурии Тоҷикистон аз 26 феврали соли 2026, №98",False,,,Тоҷикӣ / Форсӣ,,
tj_m_tavonroy_1479,1479,male,Мужской,Писарона,Т,Тавонрой,Тавонрой,Tavonroy,ТАВОНРОЙ,ТАВОНРОЙ,TAVONROY,True,"Қарори Ҳукумати Ҷумҳурии Тоҷикистон аз 26 феврали соли 2026, №98",False,,,Тоҷикӣ / Форсӣ,,
tj_m_tavonfar_1480,1480,male,Мужской,Писарона,Т,Тавонфар,Тавонфар,Tavonfar,ТАВОНФАР,ТАВОНФАР,TAVONFAR,True,"Қарори Ҳукумати Ҷумҳурии Тоҷикистон аз 26 феврали соли 2026, №98",False,,,Тоҷикӣ / Форсӣ,,
tj_m_tavonshoh_1481,1481,male,Мужской,Писарона,Т,Тавоншоҳ,Тавоншох,Tavonshoh,ТАВОНШОҲ,ТАВОНШОХ,TAVONSHOH,True,"Қарори Ҳукумати Ҷумҳурии Тоҷикистон аз 26 феврали соли 2026, №98",False,,,Тоҷикӣ / Форсӣ,,
tj_m_tavonyal_1482,1482,male,Мужской,Писарона,Т,Тавонял,Тавонял,Tavonyal,ТАВОНЯЛ,ТАВОНЯЛ,TAVONYAL,True,"Қарори Ҳукумати Ҷумҳурии Тоҷикистон аз 26 феврали соли 2026, №98",False,,,Тоҷикӣ / Форсӣ,,
tj_m_talabshoh_1483,1483,male,Мужской,Писарона,Т,Талабшоҳ,Талабшох,Talabshoh,ТАЛАБШОҲ,ТАЛАБШОХ,TALABSHOH,True,"Қарори Ҳукумати Ҷумҳурии Тоҷикистон аз 26 феврали соли 2026, №98",False,,,Тоҷикӣ / Форсӣ,,
tj_m_talimon_1484,1484,male,Мужской,Писарона,Т,Талимон,Талимон,Talimon,ТАЛИМОН,ТАЛИМОН,TALIMON,True,"Қарори Ҳукумати Ҷумҳурии Тоҷикистон аз 26 феврали соли 2026, №98",False,,,Тоҷикӣ / Форсӣ,,
tj_m_tamkin_1485,1485,male,Мужской,Писарона,Т,Тамкин,Тамкин,Tamkin,ТАМКИН,ТАМКИН,TAMKIN,True,"Қарори Ҳукумати Ҷумҳурии Тоҷикистон аз 26 феврали соли 2026, №98",False,,,Тоҷикӣ / Форсӣ,,
tj_m_tansar_1486,1486,male,Мужской,Писарона,Т,Тансар,Тансар,Tansar,ТАНСАР,ТАНСАР,TANSAR,True,"Қарори Ҳукумати Ҷумҳурии Тоҷикистон аз 26 феврали соли 2026, №98",False,,,Тоҷикӣ / Форсӣ,,
tj_m_takhsho_1487,1487,male,Мужской,Писарона,Т,Тахшо,Тахшо,Takhsho,ТАХШО,ТАХШО,TAKHSHO,True,"Қарори Ҳукумати Ҷумҳурии Тоҷикистон аз 26 феврали соли 2026, №98",False,,,Тоҷикӣ / Форсӣ,,
tj_m_tahmtan_1488,1488,male,Мужской,Писарона,Т,Таҳамтан,Тахамтан,Tahаmtan,ТАҲАМТАН,ТАХАМТАН,TAHАMTAN,True,"Қарори Ҳукумати Ҷумҳурии Тоҷикистон аз 26 феврали соли 2026, №98",False,,,Тоҷикӣ / Форсӣ,,
tj_m_tahmbozu_1489,1489,male,Мужской,Писарона,Т,Таҳмбозу,Тахмбозу,Tahmbozu,ТАҲМБОЗУ,ТАХМБОЗУ,TAHMBOZU,True,"Қарори Ҳукумати Ҷумҳурии Тоҷикистон аз 26 феврали соли 2026, №98",False,,,Тоҷикӣ / Форсӣ,,
tj_m_tahmgir_1490,1490,male,Мужской,Писарона,Т,Таҳмгир,Тахмгир,Tahmgir,ТАҲМГИР,ТАХМГИР,TAHMGIR,True,"Қарори Ҳукумати Ҷумҳурии Тоҷикистон аз 26 феврали соли 2026, №98",False,,,Тоҷикӣ / Форсӣ,,
tj_m_tahmgurd_1491,1491,male,Мужской,Писарона,Т,Таҳмгурд,Тахмгурд,Tahmgurd,ТАҲМГУРД,ТАХМГУРД,TAHMGURD,True,"Қарори Ҳукумати Ҷумҳурии Тоҷикистон аз 26 феврали соли 2026, №98",False,,,Тоҷикӣ / Форсӣ,,
tj_m_tahmdil_1492,1492,male,Мужской,Писарона,Т,Таҳмдил,Тахмдил,Tahmdil,ТАҲМДИЛ,ТАХМДИЛ,TAHMDIL,True,"Қарори Ҳукумати Ҷумҳурии Тоҷикистон аз 26 феврали соли 2026, №98",False,,,Тоҷикӣ / Форсӣ,,
tj_m_tahmyor_1493,1493,male,Мужской,Писарона,Т,Таҳмёр,Тахмёр,Tahmyor,ТАҲМЁР,ТАХМЁР,TAHMYOR,True,"Қарори Ҳукумати Ҷумҳурии Тоҷикистон аз 26 феврали соли 2026, №98",False,,,Тоҷикӣ / Форсӣ,,
tj_m_tahmmanish_1494,1494,male,Мужской,Писарона,Т,Таҳмманиш,Тахмманиш,Tahmmanish,ТАҲММАНИШ,ТАХММАНИШ,TAHMMANISH,True,"Қарори Ҳукумати Ҷумҳурии Тоҷикистон аз 26 феврали соли 2026, №98",False,,,Тоҷикӣ / Форсӣ,,
tj_m_tahmnazhod_1495,1495,male,Мужской,Писарона,Т,Таҳмнажод,Тахмнажод,Tahmnazhod,ТАҲМНАЖОД,ТАХМНАЖОД,TAHMNAZHOD,True,"Қарори Ҳукумати Ҷумҳурии Тоҷикистон аз 26 феврали соли 2026, №98",False,,,Тоҷикӣ / Форсӣ,,
tj_m_tahmneru_1496,1496,male,Мужской,Писарона,Т,Таҳмнеру,Тахмнеру,Tahmneru,ТАҲМНЕРУ,ТАХМНЕРУ,TAHMNERU,True,"Қарори Ҳукумати Ҷумҳурии Тоҷикистон аз 26 феврали соли 2026, №98",False,,,Тоҷикӣ / Форсӣ,,
tj_m_tahmniyo_1497,1497,male,Мужской,Писарона,Т,Таҳмниё,Тахмниё,Tahmniyo,ТАҲМНИЁ,ТАХМНИЁ,TAHMNIYO,True,"Қарори Ҳукумати Ҷумҳурии Тоҷикистон аз 26 феврали соли 2026, №98",False,,,Тоҷикӣ / Форсӣ,,
tj_m_tahmovar_1498,1498,male,Мужской,Писарона,Т,Таҳмовар,Тахмовар,Tahmovar,ТАҲМОВАР,ТАХМОВАР,TAHMOVAR,True,"Қарори Ҳукумати Ҷумҳурии Тоҷикистон аз 26 феврали соли 2026, №98",False,,,Тоҷикӣ / Форсӣ,,
tj_m_tahmosp_1499,1499,male,Мужской,Писарона,Т,Таҳмосп,Тахмосп,Tahmosp,ТАҲМОСП,ТАХМОСП,TAHMOSP,True,"Қарори Ҳукумати Ҷумҳурии Тоҷикистон аз 26 феврали соли 2026, №98",False,,,Тоҷикӣ / Форсӣ,,
tj_m_tahmpaikar_1500,1500,male,Мужской,Писарона,Т,Таҳмпайкар,Тахмпайкар,Tahmpaikar,ТАҲМПАЙКАР,ТАХМПАЙКАР,TAHMPAIKAR,True,"Қарори Ҳукумати Ҷумҳурии Тоҷикистон аз 26 феврали соли 2026, №98",False,,,Тоҷикӣ / Форсӣ,,
tj_m_tahmuras_1501,1501,male,Мужской,Писарона,Т,Таҳмурас,Тахмурас,Tahmuras,ТАҲМУРАС,ТАХМУРАС,TAHMURAS,True,"Қарори Ҳукумати Ҷумҳурии Тоҷикистон аз 26 феврали соли 2026, №98",False,,,Тоҷикӣ / Форсӣ,,
tj_m_tahmuras_1502,1502,male,Мужской,Писарона,Т,Таҳмурасп,Тахмурасп,Tahmurasр,ТАҲМУРАСП,ТАХМУРАСП,TAHMURASР,True,"Қарори Ҳукумати Ҷумҳурии Тоҷикистон аз 26 феврали соли 2026, №98",False,,,Тоҷикӣ / Форсӣ,,
tj_m_tahmkhusrav_1503,1503,male,Мужской,Писарона,Т,Таҳмхусрав,Тахмхусрав,Tahmkhusrav,ТАҲМХУСРАВ,ТАХМХУСРАВ,TAHMKHUSRAV,True,"Қарори Ҳукумати Ҷумҳурии Тоҷикистон аз 26 феврали соли 2026, №98",False,,,Тоҷикӣ / Форсӣ,,
tj_m_tahsin_1504,1504,male,Мужской,Писарона,Т,Таҳсин,Тахсин,Tahsin,ТАҲСИН,ТАХСИН,TAHSIN,True,"Қарори Ҳукумати Ҷумҳурии Тоҷикистон аз 26 феврали соли 2026, №98",False,,,Тоҷикӣ / Форсӣ,,
tj_m_tashrif_1505,1505,male,Мужской,Писарона,Т,Ташриф,Ташриф,Tashrif,ТАШРИФ,ТАШРИФ,TASHRIF,True,"Қарори Ҳукумати Ҷумҳурии Тоҷикистон аз 26 феврали соли 2026, №98",False,,,Тоҷикӣ / Форсӣ,,
tj_m_tezvir_1506,1506,male,Мужской,Писарона,Т,Тезвир,Тезвир,Tezvir,ТЕЗВИР,ТЕЗВИР,TEZVIR,True,"Қарори Ҳукумати Ҷумҳурии Тоҷикистон аз 26 феврали соли 2026, №98",False,,,Тоҷикӣ / Форсӣ,,
tj_m_tezviro_1507,1507,male,Мужской,Писарона,Т,Тезвиро,Тезвиро,Tezviro,ТЕЗВИРО,ТЕЗВИРО,TEZVIRO,True,"Қарори Ҳукумати Ҷумҳурии Тоҷикистон аз 26 феврали соли 2026, №98",False,,,Тоҷикӣ / Форсӣ,,
tj_m_tezhush_1508,1508,male,Мужской,Писарона,Т,Тезҳуш,Тезхуш,Tezhush,ТЕЗҲУШ,ТЕЗХУШ,TEZHUSH,True,"Қарори Ҳукумати Ҷумҳурии Тоҷикистон аз 26 феврали соли 2026, №98",False,,,Тоҷикӣ / Форсӣ,,
tj_m_tivon_1509,1509,male,Мужской,Писарона,Т,Тивон,Тивон,Tivon,ТИВОН,ТИВОН,TIVON,True,"Қарори Ҳукумати Ҷумҳурии Тоҷикистон аз 26 феврали соли 2026, №98",False,,,Тоҷикӣ / Форсӣ,,
tj_m_tigron_1510,1510,male,Мужской,Писарона,Т,Тигрон,Тигрон,Tigron,ТИГРОН,ТИГРОН,TIGRON,True,"Қарори Ҳукумати Ҷумҳурии Тоҷикистон аз 26 феврали соли 2026, №98",False,,,Тоҷикӣ / Форсӣ,,
tj_m_tizhan_1511,1511,male,Мужской,Писарона,Т,Тижан,Тижан,Tizhan,ТИЖАН,ТИЖАН,TIZHAN,True,"Қарори Ҳукумати Ҷумҳурии Тоҷикистон аз 26 феврали соли 2026, №98",False,,,Тоҷикӣ / Форсӣ,,
tj_m_tirdod_1512,1512,male,Мужской,Писарона,Т,Тирдод,Тирдод,Tirdod,ТИРДОД,ТИРДОД,TIRDOD,True,"Қарори Ҳукумати Ҷумҳурии Тоҷикистон аз 26 феврали соли 2026, №98",False,,,Тоҷикӣ / Форсӣ,,
tj_m_tobish_1513,1513,male,Мужской,Писарона,Т,Тобиш,Тобиш,Tobish,ТОБИШ,ТОБИШ,TOBISH,True,"Қарори Ҳукумати Ҷумҳурии Тоҷикистон аз 26 феврали соли 2026, №98",False,,,Тоҷикӣ / Форсӣ,,
tj_m_tovan_1514,1514,male,Мужской,Писарона,Т,Тован,Тован,Tovan,ТОВАН,ТОВАН,TOVAN,True,"Қарори Ҳукумати Ҷумҳурии Тоҷикистон аз 26 феврали соли 2026, №98",False,,,Тоҷикӣ / Форсӣ,,
tj_m_tozadil_1515,1515,male,Мужской,Писарона,Т,Тозадил,Тозадил,Tozadil,ТОЗАДИЛ,ТОЗАДИЛ,TOZADIL,True,"Қарори Ҳукумати Ҷумҳурии Тоҷикистон аз 26 феврали соли 2026, №98",False,,,Тоҷикӣ / Форсӣ,,
tj_m_toir_1516,1516,male,Мужской,Писарона,Т,Тоир,Тоир,Toir,ТОИР,ТОИР,TOIR,True,"Қарори Ҳукумати Ҷумҳурии Тоҷикистон аз 26 феврали соли 2026, №98",False,,,Тоҷикӣ / Форсӣ,,
tj_m_tolib_1517,1517,male,Мужской,Писарона,Т,Толиб,Толиб,Tolib,ТОЛИБ,ТОЛИБ,TOLIB,True,"Қарори Ҳукумати Ҷумҳурии Тоҷикистон аз 26 феврали соли 2026, №98",True,talib,"Ищущий, искатель (знания или Бога)",Арабское,любознательный; ищущий; студент; стремящийся; мотивированный,"От арабского طَلَبَ (талаба) — «искать, добиваться». طَالِب (талиб) — «ищущий, студент». В исламской традиции «талиб аль-ильм» (искатель знания) занимает особое место: «Кто выходит в путь ради знания, Аллах облегчает ему путь в рай» (Сахих Муслим). Абу Талиб — дядя и покровитель Пророка Мухаммада, отец халифа Али; защищал Пророка от курайшитов, несмотря на своё неприятие ислама. «Толиб» в форме «талиб» также означает «студент медресе» в Центральной Азии."
tj_m_tohir_1518,1518,male,Мужской,Писарона,Т,Тоҳир,Тохир,Tohir,ТОҲИР,ТОХИР,TOHIR,True,"Қарори Ҳукумати Ҷумҳурии Тоҷикистон аз 26 феврали соли 2026, №98",False,,,Тоҷикӣ / Форсӣ,,
tj_m_tojbakht_1519,1519,male,Мужской,Писарона,Т,Тоҷбахт,Тоджбахт,Tojbakht,ТОҶБАХТ,ТОДЖБАХТ,TOJBAKHT,True,"Қарори Ҳукумати Ҷумҳурии Тоҷикистон аз 26 феврали соли 2026, №98",False,,,Тоҷикӣ / Форсӣ,,
tj_m_tojbakhsh_1520,1520,male,Мужской,Писарона,Т,Тоҷбахш,Тоджбахш,Tojbakhsh,ТОҶБАХШ,ТОДЖБАХШ,TOJBAKHSH,True,"Қарори Ҳукумати Ҷумҳурии Тоҷикистон аз 26 феврали соли 2026, №98",False,,,Тоҷикӣ / Форсӣ,,
tj_m_tojvar_1521,1521,male,Мужской,Писарона,Т,Тоҷвар,Тоджвар,Tojvar,ТОҶВАР,ТОДЖВАР,TOJVAR,True,"Қарори Ҳукумати Ҷумҳурии Тоҷикистон аз 26 феврали соли 2026, №98",False,,,Тоҷикӣ / Форсӣ,,
tj_m_tojgurd_1522,1522,male,Мужской,Писарона,Т,Тоҷгурд,Тоджгурд,Tojgurd,ТОҶГУРД,ТОДЖГУРД,TOJGURD,True,"Қарори Ҳукумати Ҷумҳурии Тоҷикистон аз 26 феврали соли 2026, №98",False,,,Тоҷикӣ / Форсӣ,,
tj_m_tojdor_1523,1523,male,Мужской,Писарона,Т,Тоҷдор,Тодждор,Tojdor,ТОҶДОР,ТОДЖДОР,TOJDOR,True,"Қарори Ҳукумати Ҷумҳурии Тоҷикистон аз 26 феврали соли 2026, №98",False,,,Тоҷикӣ / Форсӣ,,
tj_m_tojyor_1524,1524,male,Мужской,Писарона,Т,Тоҷёр,Тоджёр,Tojyor,ТОҶЁР,ТОДЖЁР,TOJYOR,True,"Қарори Ҳукумати Ҷумҳурии Тоҷикистон аз 26 феврали соли 2026, №98",False,,,Тоҷикӣ / Форсӣ,,
tj_m_tojzar_1525,1525,male,Мужской,Писарона,Т,Тоҷзар,Тоджзар,Tojzar,ТОҶЗАР,ТОДЖЗАР,TOJZAR,True,"Қарори Ҳукумати Ҷумҳурии Тоҷикистон аз 26 феврали соли 2026, №98",False,,,Тоҷикӣ / Форсӣ,,
tj_m_tojiddin_1526,1526,male,Мужской,Писарона,Т,Тоҷиддин,Тоджиддин,Tojiddin,ТОҶИДДИН,ТОДЖИДДИН,TOJIDDIN,True,"Қарори Ҳукумати Ҷумҳурии Тоҷикистон аз 26 феврали соли 2026, №98",False,,,Тоҷикӣ / Форсӣ,,
tj_m_tojmehr_1527,1527,male,Мужской,Писарона,Т,Тоҷмеҳр,Тоджмехр,Tojmehr,ТОҶМЕҲР,ТОДЖМЕХР,TOJMEHR,True,"Қарори Ҳукумати Ҷумҳурии Тоҷикистон аз 26 феврали соли 2026, №98",False,,,Тоҷикӣ / Форсӣ,,
tj_m_tojniyo_1528,1528,male,Мужской,Писарона,Т,Тоҷниё,Тоджниё,Tojniyo,ТОҶНИЁ,ТОДЖНИЁ,TOJNIYO,True,"Қарори Ҳукумати Ҷумҳурии Тоҷикистон аз 26 феврали соли 2026, №98",False,,,Тоҷикӣ / Форсӣ,,
tj_m_tojfar_1529,1529,male,Мужской,Писарона,Т,Тоҷфар,Тоджфар,Tojfar,ТОҶФАР,ТОДЖФАР,TOJFAR,True,"Қарори Ҳукумати Ҷумҳурии Тоҷикистон аз 26 феврали соли 2026, №98",False,,,Тоҷикӣ / Форсӣ,,
tj_m_tojshed_1530,1530,male,Мужской,Писарона,Т,Тоҷшед,Тоджшед,Tojshed,ТОҶШЕД,ТОДЖШЕД,TOJSHED,True,"Қарори Ҳукумати Ҷумҳурии Тоҷикистон аз 26 феврали соли 2026, №98",False,,,Тоҷикӣ / Форсӣ,,
tj_m_tojsher_1531,1531,male,Мужской,Писарона,Т,Тоҷшер,Тоджшер,Tojsher,ТОҶШЕР,ТОДЖШЕР,TOJSHER,True,"Қарори Ҳукумати Ҷумҳурии Тоҷикистон аз 26 феврали соли 2026, №98",False,,,Тоҷикӣ / Форсӣ,,
tj_m_tur_1532,1532,male,Мужской,Писарона,Т,Тур,Тур,Tur,ТУР,ТУР,TUR,True,"Қарори Ҳукумати Ҷумҳурии Тоҷикистон аз 26 феврали соли 2026, №98",False,,,Тоҷикӣ / Форсӣ,,
tj_m_turaj_1533,1533,male,Мужской,Писарона,Т,Тураҷ,Турадж,Turaj,ТУРАҶ,ТУРАДЖ,TURAJ,True,"Қарори Ҳукумати Ҷумҳурии Тоҷикистон аз 26 феврали соли 2026, №98",False,,,Тоҷикӣ / Форсӣ,,
tj_m_turo_1534,1534,male,Мужской,Писарона,Т,Туро,Туро,Turo,ТУРО,ТУРО,TURO,True,"Қарори Ҳукумати Ҷумҳурии Тоҷикистон аз 26 феврали соли 2026, №98",True,durra,"Жемчужина, крупная перла",Арабское,драгоценная; чистая; блестящая; редкая; великолепная,"Арабское دُرَّة (дурра) — «крупная жемчужина». Жемчуг — один из символов красоты и ценности в Коране: «В них — девы с потупленными взорами, которых до них не касались ни человек, ни джинн. Они подобны рубинам и жемчугу» (сура Ар-Рахман, 55:58). Коранический образ рая включает жемчужные чертоги. Дурра бинт Аби Ляхаб — племянница Пророка, сподвижница (сахабийа). Жемчуг из Персидского залива на протяжении тысячелетий был главным богатством региона."
tj_m_turon_1535,1535,male,Мужской,Писарона,Т,Турон,Турон,Turon,ТУРОН,ТУРОН,TURON,True,"Қарори Ҳукумати Ҷумҳурии Тоҷикистон аз 26 феврали соли 2026, №98",False,,,Тоҷикӣ / Форсӣ,,
tj_m_turongurd_1536,1536,male,Мужской,Писарона,Т,Туронгурд,Туронгурд,Turongurd,ТУРОНГУРД,ТУРОНГУРД,TURONGURD,True,"Қарори Ҳукумати Ҷумҳурии Тоҷикистон аз 26 феврали соли 2026, №98",False,,,Тоҷикӣ / Форсӣ,,
tj_m_turondust_1537,1537,male,Мужской,Писарона,Т,Турондӯст,Турондуст,Turondust,ТУРОНДӮСТ,ТУРОНДУСТ,TURONDUST,True,"Қарори Ҳукумати Ҷумҳурии Тоҷикистон аз 26 феврали соли 2026, №98",False,,,Тоҷикӣ / Форсӣ,,
tj_m_turonyor_1538,1538,male,Мужской,Писарона,Т,Туронёр,Туронёр,Turonyor,ТУРОНЁР,ТУРОНЁР,TURONYOR,True,"Қарори Ҳукумати Ҷумҳурии Тоҷикистон аз 26 феврали соли 2026, №98",False,,,Тоҷикӣ / Форсӣ,,
tj_m_turoni_1539,1539,male,Мужской,Писарона,Т,Туронӣ,Турони,Turoni,ТУРОНӢ,ТУРОНИ,TURONI,True,"Қарори Ҳукумати Ҷумҳурии Тоҷикистон аз 26 феврали соли 2026, №98",False,,,Тоҷикӣ / Форсӣ,,
tj_m_turonmard_1540,1540,male,Мужской,Писарона,Т,Туронмард,Туронмард,Turonmard,ТУРОНМАРД,ТУРОНМАРД,TURONMARD,True,"Қарори Ҳукумати Ҷумҳурии Тоҷикистон аз 26 феврали соли 2026, №98",False,,,Тоҷикӣ / Форсӣ,,
tj_m_turonmehr_1541,1541,male,Мужской,Писарона,Т,Туронмеҳр,Туронмехр,Turonmehr,ТУРОНМЕҲР,ТУРОНМЕХР,TURONMEHR,True,"Қарори Ҳукумати Ҷумҳурии Тоҷикистон аз 26 феврали соли 2026, №98",False,,,Тоҷикӣ / Форсӣ,,
tj_m_turonnazhod_1542,1542,male,Мужской,Писарона,Т,Туроннажод,Туроннажод,Turonnazhod,ТУРОННАЖОД,ТУРОННАЖОД,TURONNAZHOD,True,"Қарори Ҳукумати Ҷумҳурии Тоҷикистон аз 26 феврали соли 2026, №98",False,,,Тоҷикӣ / Форсӣ,,
tj_m_turonniyo_1543,1543,male,Мужской,Писарона,Т,Туронниё,Туронниё,Turonniyo,ТУРОННИЁ,ТУРОННИЁ,TURONNIYO,True,"Қарори Ҳукумати Ҷумҳурии Тоҷикистон аз 26 феврали соли 2026, №98",False,,,Тоҷикӣ / Форсӣ,,
tj_m_turontoj_1544,1544,male,Мужской,Писарона,Т,Туронтоҷ,Туронтодж,Turontoj,ТУРОНТОҶ,ТУРОНТОДЖ,TURONTOJ,True,"Қарори Ҳукумати Ҷумҳурии Тоҷикистон аз 26 феврали соли 2026, №98",False,,,Тоҷикӣ / Форсӣ,,
tj_m_turonfar_1545,1545,male,Мужской,Писарона,Т,Туронфар,Туронфар,Turonfar,ТУРОНФАР,ТУРОНФАР,TURONFAR,True,"Қарори Ҳукумати Ҷумҳурии Тоҷикистон аз 26 феврали соли 2026, №98",False,,,Тоҷикӣ / Форсӣ,,
tj_m_turonchehr_1546,1546,male,Мужской,Писарона,Т,Турончеҳр,Турончехр,Turonchehr,ТУРОНЧЕҲР,ТУРОНЧЕХР,TURONCHEHR,True,"Қарори Ҳукумати Ҷумҳурии Тоҷикистон аз 26 феврали соли 2026, №98",False,,,Тоҷикӣ / Форсӣ,,
tj_m_turonshed_1547,1547,male,Мужской,Писарона,Т,Туроншед,Туроншед,Turonshed,ТУРОНШЕД,ТУРОНШЕД,TURONSHED,True,"Қарори Ҳукумати Ҷумҳурии Тоҷикистон аз 26 феврали соли 2026, №98",False,,,Тоҷикӣ / Форсӣ,,
tj_m_turonsher_1548,1548,male,Мужской,Писарона,Т,Туроншер,Туроншер,Turonsher,ТУРОНШЕР,ТУРОНШЕР,TURONSHER,True,"Қарори Ҳукумати Ҷумҳурии Тоҷикистон аз 26 феврали соли 2026, №98",False,,,Тоҷикӣ / Форсӣ,,
tj_m_turonshoh_1549,1549,male,Мужской,Писарона,Т,Туроншоҳ,Туроншох,Turonshoh,ТУРОНШОҲ,ТУРОНШОХ,TURONSHOH,True,"Қарори Ҳукумати Ҷумҳурии Тоҷикистон аз 26 феврали соли 2026, №98",False,,,Тоҷикӣ / Форсӣ,,
tj_m_turonyal_1550,1550,male,Мужской,Писарона,Т,Туронял,Туронял,Turonyal,ТУРОНЯЛ,ТУРОНЯЛ,TURONYAL,True,"Қарори Ҳукумати Ҷумҳурии Тоҷикистон аз 26 феврали соли 2026, №98",False,,,Тоҷикӣ / Форсӣ,,
tj_m_tus_1551,1551,male,Мужской,Писарона,Т,Тус,Тус,Tus,ТУС,ТУС,TUS,True,"Қарори Ҳукумати Ҷумҳурии Тоҷикистон аз 26 феврали соли 2026, №98",False,,,Тоҷикӣ / Форсӣ,,
tj_m_ubayd_1552,1552,male,Мужской,Писарона,У,Убайд,Убайд,Ubayd,УБАЙД,УБАЙД,UBAYD,True,"Қарори Ҳукумати Ҷумҳурии Тоҷикистон аз 26 феврали соли 2026, №98",True,ubaid,Маленький раб (Аллаха),Арабское,смиренный; богобоязненный; покорный; скромный; искренний,"Уменьшительное от عَبْد (абд) — «раб (Аллаха)»: عُبَيْد (убайд) — «маленький раб, слуга». В исламском именовании уменьшительная форма выражает нежность и смирение. Убайд ибн Умайр аль-Лайси — один из лучших чтецов Корана в Мекке первого поколения мусульман. Форма «Убайдулла» (убайд + Аллах) — «маленький раб Аллаха» — одно из самых популярных исламских имён. Смирение ("
tj_m_ubaydullo_1553,1553,male,Мужской,Писарона,У,Убайдулло,Убайдулло,Ubaydullo,УБАЙДУЛЛО,УБАЙДУЛЛО,UBAYDULLO,True,"Қарори Ҳукумати Ҷумҳурии Тоҷикистон аз 26 феврали соли 2026, №98",False,,,Тоҷикӣ / Форсӣ,,
tj_m_umar_1554,1554,male,Мужской,Писарона,У,Умар,Умар,Umar,УМАР,УМАР,UMAR,True,"Қарори Ҳукумати Ҷумҳурии Тоҷикистон аз 26 феврали соли 2026, №98",True,umar,"Жизнь, долгая жизнь, процветание",Арабское,справедливый; сильный; мудрый; смелый; принципиальный,"Арабское عُمَر (умар) от корня عَمَرَ — «жить долго, процветать». Умар ибн аль-Хаттаб (584–644) — второй праведный халиф, прославленный справедливостью и административным гением. При нём была создана система дивана (государственного реестра), исламский календарь, судебная система. Пророк Мухаммад сказал: «Если бы после меня был пророк, то это был бы Умар». Умар ибн Абдул-Азиз (682–720) — омейядский халиф, признанный пятым праведным за возврат к исламским принципам."
tj_m_umed_1555,1555,male,Мужской,Писарона,У,Умед,Умед,Umed,УМЕД,УМЕД,UMED,True,"Қарори Ҳукумати Ҷумҳурии Тоҷикистон аз 26 феврали соли 2026, №98",False,,,Тоҷикӣ / Форсӣ,,
tj_m_umedbakhsh_1556,1556,male,Мужской,Писарона,У,Умедбахш,Умедбахш,Umedbakhsh,УМЕДБАХШ,УМЕДБАХШ,UMEDBAKHSH,True,"Қарори Ҳукумати Ҷумҳурии Тоҷикистон аз 26 феврали соли 2026, №98",False,,,Тоҷикӣ / Форсӣ,,
tj_m_umedyor_1557,1557,male,Мужской,Писарона,У,Умедёр,Умедёр,Umedyor,УМЕДЁР,УМЕДЁР,UMEDYOR,True,"Қарори Ҳукумати Ҷумҳурии Тоҷикистон аз 26 феврали соли 2026, №98",False,,,Тоҷикӣ / Форсӣ,,
tj_m_umedjon_1558,1558,male,Мужской,Писарона,У,Умедҷон,Умеджон,Umedjon,УМЕДҶОН,УМЕДЖОН,UMEDJON,True,"Қарори Ҳукумати Ҷумҳурии Тоҷикистон аз 26 феврали соли 2026, №98",False,,,Тоҷикӣ / Форсӣ,,
tj_m_umedshoh_1559,1559,male,Мужской,Писарона,У,Умедшоҳ,Умедшох,Umedshoh,УМЕДШОҲ,УМЕДШОХ,UMEDSHOH,True,"Қарори Ҳукумати Ҷумҳурии Тоҷикистон аз 26 феврали соли 2026, №98",False,,,Тоҷикӣ / Форсӣ,,
tj_m_usmon_1560,1560,male,Мужской,Писарона,У,Усмон,Усмон,Usmon,УСМОН,УСМОН,USMON,True,"Қарори Ҳукумати Ҷумҳурии Тоҷикистон аз 26 феврали соли 2026, №98",True,usman,Молодой дрофы (птицы),Арабское,щедрый; скромный; верующий; мудрый,"Третий праведный халиф, «обладатель двух светочей». При нём был собран Коран в единую книгу."
tj_m_usto_1561,1561,male,Мужской,Писарона,У,Усто,Усто,Usto,УСТО,УСТО,USTO,True,"Қарори Ҳукумати Ҷумҳурии Тоҷикистон аз 26 феврали соли 2026, №98",False,,,Тоҷикӣ / Форсӣ,,
tj_m_fazl_1562,1562,male,Мужской,Писарона,Ф,Фазл,Фазл,Fazl,ФАЗЛ,ФАЗЛ,FAZL,True,"Қарори Ҳукумати Ҷумҳурии Тоҷикистон аз 26 феврали соли 2026, №98",False,,,Тоҷикӣ / Форсӣ,,
tj_m_fazliddin_1563,1563,male,Мужской,Писарона,Ф,Фазлиддин,Фазлиддин,Fazliddin,ФАЗЛИДДИН,ФАЗЛИДДИН,FAZLIDDIN,True,"Қарори Ҳукумати Ҷумҳурии Тоҷикистон аз 26 феврали соли 2026, №98",False,,,Тоҷикӣ / Форсӣ,,
tj_m_fayyoz_1564,1564,male,Мужской,Писарона,Ф,Файёз,Файёз,Fayyoz,ФАЙЁЗ,ФАЙЁЗ,FAYYOZ,True,"Қарори Ҳукумати Ҷумҳурии Тоҷикистон аз 26 феврали соли 2026, №98",False,,,Тоҷикӣ / Форсӣ,,
tj_m_fyz_1565,1565,male,Мужской,Писарона,Ф,Файз,Файз,Fаyz,ФАЙЗ,ФАЙЗ,FАYZ,True,"Қарори Ҳукумати Ҷумҳурии Тоҷикистон аз 26 феврали соли 2026, №98",False,,,Тоҷикӣ / Форсӣ,,
tj_m_fayzali_1566,1566,male,Мужской,Писарона,Ф,Файзалӣ,Файзали,Fayzali,ФАЙЗАЛӢ,ФАЙЗАЛИ,FAYZALI,True,"Қарори Ҳукумати Ҷумҳурии Тоҷикистон аз 26 феврали соли 2026, №98",False,,,Тоҷикӣ / Форсӣ,,
tj_m_fyzafzo_1567,1567,male,Мужской,Писарона,Ф,Файзафзо,Файзафзо,Fаyzafzo,ФАЙЗАФЗО,ФАЙЗАФЗО,FАYZAFZO,True,"Қарори Ҳукумати Ҷумҳурии Тоҷикистон аз 26 феврали соли 2026, №98",False,,,Тоҷикӣ / Форсӣ,,
tj_m_fyzbakhsh_1568,1568,male,Мужской,Писарона,Ф,Файзбахш,Файзбахш,Fаyzbakhsh,ФАЙЗБАХШ,ФАЙЗБАХШ,FАYZBAKHSH,True,"Қарори Ҳукумати Ҷумҳурии Тоҷикистон аз 26 феврали соли 2026, №98",False,,,Тоҷикӣ / Форсӣ,,
tj_m_fayziddin_1569,1569,male,Мужской,Писарона,Ф,Файзиддин,Файзиддин,Fayziddin,ФАЙЗИДДИН,ФАЙЗИДДИН,FAYZIDDIN,True,"Қарори Ҳукумати Ҷумҳурии Тоҷикистон аз 26 феврали соли 2026, №98",False,,,Тоҷикӣ / Форсӣ,,
tj_m_fyzovar_1570,1570,male,Мужской,Писарона,Ф,Файзовар,Файзовар,Fаyzovar,ФАЙЗОВАР,ФАЙЗОВАР,FАYZOVAR,True,"Қарори Ҳукумати Ҷумҳурии Тоҷикистон аз 26 феврали соли 2026, №98",False,,,Тоҷикӣ / Форсӣ,,
tj_m_fyzovard_1571,1571,male,Мужской,Писарона,Ф,Файзовард,Файзовард,Fаyzovard,ФАЙЗОВАРД,ФАЙЗОВАРД,FАYZOVARD,True,"Қарори Ҳукумати Ҷумҳурии Тоҷикистон аз 26 феврали соли 2026, №98",False,,,Тоҷикӣ / Форсӣ,,
tj_m_fayzullo_1572,1572,male,Мужской,Писарона,Ф,Файзулло,Файзулло,Fayzullo,ФАЙЗУЛЛО,ФАЙЗУЛЛО,FAYZULLO,True,"Қарори Ҳукумати Ҷумҳурии Тоҷикистон аз 26 феврали соли 2026, №98",False,,,Тоҷикӣ / Форсӣ,,
tj_m_faranboz_1573,1573,male,Мужской,Писарона,Ф,Фаранбоз,Фаранбоз,Faranboz,ФАРАНБОЗ,ФАРАНБОЗ,FARANBOZ,True,"Қарори Ҳукумати Ҷумҳурии Тоҷикистон аз 26 феврали соли 2026, №98",False,,,Тоҷикӣ / Форсӣ,,
tj_m_farandod_1574,1574,male,Мужской,Писарона,Ф,Фарандод,Фарандод,Farandod,ФАРАНДОД,ФАРАНДОД,FARANDOD,True,"Қарори Ҳукумати Ҷумҳурии Тоҷикистон аз 26 феврали соли 2026, №98",False,,,Тоҷикӣ / Форсӣ,,
tj_m_farahvar_1575,1575,male,Мужской,Писарона,Ф,Фараҳвар,Фарахвар,Farahvar,ФАРАҲВАР,ФАРАХВАР,FARAHVAR,True,"Қарори Ҳукумати Ҷумҳурии Тоҷикистон аз 26 феврали соли 2026, №98",False,,,Тоҷикӣ / Форсӣ,,
tj_m_farhdid_1576,1576,male,Мужской,Писарона,Ф,Фараҳдид,Фарахдид,Farаhdid,ФАРАҲДИД,ФАРАХДИД,FARАHDID,True,"Қарори Ҳукумати Ҷумҳурии Тоҷикистон аз 26 феврали соли 2026, №98",False,,,Тоҷикӣ / Форсӣ,,
tj_m_farahdod_1577,1577,male,Мужской,Писарона,Ф,Фараҳдод,Фарахдод,Farahdod,ФАРАҲДОД,ФАРАХДОД,FARAHDOD,True,"Қарори Ҳукумати Ҷумҳурии Тоҷикистон аз 26 феврали соли 2026, №98",False,,,Тоҷикӣ / Форсӣ,,
tj_m_farahzod_1578,1578,male,Мужской,Писарона,Ф,Фараҳзод,Фарахзод,Farahzod,ФАРАҲЗОД,ФАРАХЗОД,FARAHZOD,True,"Қарори Ҳукумати Ҷумҳурии Тоҷикистон аз 26 феврали соли 2026, №98",False,,,Тоҷикӣ / Форсӣ,,
tj_m_farahmand_1579,1579,male,Мужской,Писарона,Ф,Фараҳманд,Фарахманд,Farahmand,ФАРАҲМАНД,ФАРАХМАНД,FARAHMAND,True,"Қарори Ҳукумати Ҷумҳурии Тоҷикистон аз 26 феврали соли 2026, №98",False,,,Тоҷикӣ / Форсӣ,,
tj_m_farahruz_1580,1580,male,Мужской,Писарона,Ф,Фараҳрӯз,Фарахруз,Farahruz,ФАРАҲРӮЗ,ФАРАХРУЗ,FARAHRUZ,True,"Қарори Ҳукумати Ҷумҳурии Тоҷикистон аз 26 феврали соли 2026, №98",False,,,Тоҷикӣ / Форсӣ,,
tj_m_farvar_1581,1581,male,Мужской,Писарона,Ф,Фарвар,Фарвар,Farvar,ФАРВАР,ФАРВАР,FARVAR,True,"Қарори Ҳукумати Ҷумҳурии Тоҷикистон аз 26 феврали соли 2026, №98",False,,,Тоҷикӣ / Форсӣ,,
tj_m_farvardin_1582,1582,male,Мужской,Писарона,Ф,Фарвардин,Фарвардин,Farvardin,ФАРВАРДИН,ФАРВАРДИН,FARVARDIN,True,"Қарори Ҳукумати Ҷумҳурии Тоҷикистон аз 26 феврали соли 2026, №98",False,,,Тоҷикӣ / Форсӣ,,
tj_m_fard_1583,1583,male,Мужской,Писарона,Ф,Фард,Фард,Fard,ФАРД,ФАРД,FARD,True,"Қарори Ҳукумати Ҷумҳурии Тоҷикистон аз 26 феврали соли 2026, №98",False,,,Тоҷикӣ / Форсӣ,,
tj_m_fardin_1584,1584,male,Мужской,Писарона,Ф,Фардин,Фардин,Fardin,ФАРДИН,ФАРДИН,FARDIN,True,"Қарори Ҳукумати Ҷумҳурии Тоҷикистон аз 26 феврали соли 2026, №98",False,,,Тоҷикӣ / Форсӣ,,
tj_m_fardod_1585,1585,male,Мужской,Писарона,Ф,Фардод,Фардод,Fardod,ФАРДОД,ФАРДОД,FARDOD,True,"Қарори Ҳукумати Ҷумҳурии Тоҷикистон аз 26 феврали соли 2026, №98",False,,,Тоҷикӣ / Форсӣ,,
tj_m_fardon_1586,1586,male,Мужской,Писарона,Ф,Фардон,Фардон,Fardon,ФАРДОН,ФАРДОН,FARDON,True,"Қарори Ҳукумати Ҷумҳурии Тоҷикистон аз 26 феврали соли 2026, №98",False,,,Тоҷикӣ / Форсӣ,,
tj_m_faryod_1587,1587,male,Мужской,Писарона,Ф,Фарёд,Фарёд,Faryod,ФАРЁД,ФАРЁД,FARYOD,True,"Қарори Ҳукумати Ҷумҳурии Тоҷикистон аз 26 феврали соли 2026, №98",False,,,Тоҷикӣ / Форсӣ,,
tj_m_faryodbakhsh_1588,1588,male,Мужской,Писарона,Ф,Фарёдбахш,Фарёдбахш,Faryodbakhsh,ФАРЁДБАХШ,ФАРЁДБАХШ,FARYODBAKHSH,True,"Қарори Ҳукумати Ҷумҳурии Тоҷикистон аз 26 феврали соли 2026, №98",False,,,Тоҷикӣ / Форсӣ,,
tj_m_faryon_1589,1589,male,Мужской,Писарона,Ф,Фарён,Фарён,Faryon,ФАРЁН,ФАРЁН,FARYON,True,"Қарори Ҳукумати Ҷумҳурии Тоҷикистон аз 26 феврали соли 2026, №98",False,,,Тоҷикӣ / Форсӣ,,
tj_m_faryor_1590,1590,male,Мужской,Писарона,Ф,Фарёр,Фарёр,Faryor,ФАРЁР,ФАРЁР,FARYOR,True,"Қарори Ҳукумати Ҷумҳурии Тоҷикистон аз 26 феврали соли 2026, №98",False,,,Тоҷикӣ / Форсӣ,,
tj_m_fareh_1591,1591,male,Мужской,Писарона,Ф,Фареҳ,Фарех,Fareh,ФАРЕҲ,ФАРЕХ,FAREH,True,"Қарори Ҳукумати Ҷумҳурии Тоҷикистон аз 26 феврали соли 2026, №98",False,,,Тоҷикӣ / Форсӣ,,
tj_m_farzin_1592,1592,male,Мужской,Писарона,Ф,Фарзин,Фарзин,Farzin,ФАРЗИН,ФАРЗИН,FARZIN,True,"Қарори Ҳукумати Ҷумҳурии Тоҷикистон аз 26 феврали соли 2026, №98",False,,,Тоҷикӣ / Форсӣ,,
tj_m_farzod_1593,1593,male,Мужской,Писарона,Ф,Фарзод,Фарзод,Farzod,ФАРЗОД,ФАРЗОД,FARZOD,True,"Қарори Ҳукумати Ҷумҳурии Тоҷикистон аз 26 феврали соли 2026, №98",False,,,Тоҷикӣ / Форсӣ,,
tj_m_farzom_1594,1594,male,Мужской,Писарона,Ф,Фарзом,Фарзом,Farzom,ФАРЗОМ,ФАРЗОМ,FARZOM,True,"Қарори Ҳукумати Ҷумҳурии Тоҷикистон аз 26 феврали соли 2026, №98",False,,,Тоҷикӣ / Форсӣ,,
tj_m_fariburz_1595,1595,male,Мужской,Писарона,Ф,Фарибурз,Фарибурз,Fariburz,ФАРИБУРЗ,ФАРИБУРЗ,FARIBURZ,True,"Қарори Ҳукумати Ҷумҳурии Тоҷикистон аз 26 феврали соли 2026, №98",False,,,Тоҷикӣ / Форсӣ,,
tj_m_farivar_1596,1596,male,Мужской,Писарона,Ф,Фаривар,Фаривар,Farivar,ФАРИВАР,ФАРИВАР,FARIVAR,True,"Қарори Ҳукумати Ҷумҳурии Тоҷикистон аз 26 феврали соли 2026, №98",False,,,Тоҷикӣ / Форсӣ,,
tj_m_farid_1597,1597,male,Мужской,Писарона,Ф,Фарид,Фарид,Farid,ФАРИД,ФАРИД,FARID,True,"Қарори Ҳукумати Ҷумҳурии Тоҷикистон аз 26 феврали соли 2026, №98",True,fareed,"Единственный, уникальный, несравненный",Арабское,уникальный; особенный; несравненный; редкий; исключительный,"Арабское فَرِيد (фарид) — «единственный, несравненный». В суфийской терминологии «фарид» — тот, кто достиг высшей ступени уединения с Богом. «Аль-Фаридат аль-Фаридийя» — одно из описаний сердца влюблённого в Бога. Фарид ад-Дин Аттар (ок. 1145–1220) — «Шейх аш-Шуара» (Господин Поэтов), автор «Мантик ат-Тайр» (Беседа птиц). Фарид аль-Атраш — великий сирийско-египетский певец."
tj_m_faridddin_1598,1598,male,Мужской,Писарона,Ф,Фаридаддин,Фаридаддин,Faridаddin,ФАРИДАДДИН,ФАРИДАДДИН,FARIDАDDIN,True,"Қарори Ҳукумати Ҷумҳурии Тоҷикистон аз 26 феврали соли 2026, №98",False,,,Тоҷикӣ / Форсӣ,,
tj_m_faridun_1599,1599,male,Мужской,Писарона,Ф,Фаридун,Фаридун,Faridun,ФАРИДУН,ФАРИДУН,FARIDUN,True,"Қарори Ҳукумати Ҷумҳурии Тоҷикистон аз 26 феврали соли 2026, №98",False,,,Тоҷикӣ / Форсӣ,,
tj_m_fariz_1600,1600,male,Мужской,Писарона,Ф,Фариз,Фариз,Fariz,ФАРИЗ,ФАРИЗ,FARIZ,True,"Қарори Ҳукумати Ҷумҳурии Тоҷикистон аз 26 феврали соли 2026, №98",True,faris,"Всадник, рыцарь, искусный наездник",Арабское,храбрый; сильный; благородный; справедливый; стойкий,"От арабского فارس — «всадник, рыцарь». В классической арабской поэзии образ фариса — воплощение мужества и чести. Это же слово в арабском языке означает «перс» (Фарис — персиянин), что отражает давние культурные связи арабо-персидской цивилизации ислама."
tj_m_farin_1601,1601,male,Мужской,Писарона,Ф,Фарин,Фарин,Farin,ФАРИН,ФАРИН,FARIN,True,"Қарори Ҳукумати Ҷумҳурии Тоҷикистон аз 26 феврали соли 2026, №98",False,,,Тоҷикӣ / Форсӣ,,
tj_m_farinur_1602,1602,male,Мужской,Писарона,Ф,Фаринур,Фаринур,Farinur,ФАРИНУР,ФАРИНУР,FARINUR,True,"Қарори Ҳукумати Ҷумҳурии Тоҷикистон аз 26 феврали соли 2026, №98",False,,,Тоҷикӣ / Форсӣ,,
tj_m_farinush_1603,1603,male,Мужской,Писарона,Ф,Фаринуш,Фаринуш,Farinush,ФАРИНУШ,ФАРИНУШ,FARINUSH,True,"Қарори Ҳукумати Ҷумҳурии Тоҷикистон аз 26 феврали соли 2026, №98",False,,,Тоҷикӣ / Форсӣ,,
tj_m_faris_1604,1604,male,Мужской,Писарона,Ф,Фарис,Фарис,Faris,ФАРИС,ФАРИС,FARIS,True,"Қарори Ҳукумати Ҷумҳурии Тоҷикистон аз 26 феврали соли 2026, №98",True,faris,"Всадник, рыцарь, искусный наездник",Арабское,храбрый; сильный; благородный; справедливый; стойкий,"От арабского فارس — «всадник, рыцарь». В классической арабской поэзии образ фариса — воплощение мужества и чести. Это же слово в арабском языке означает «перс» (Фарис — персиянин), что отражает давние культурные связи арабо-персидской цивилизации ислама."
tj_m_farmand_1605,1605,male,Мужской,Писарона,Ф,Фарманд,Фарманд,Farmand,ФАРМАНД,ФАРМАНД,FARMAND,True,"Қарори Ҳукумати Ҷумҳурии Тоҷикистон аз 26 феврали соли 2026, №98",False,,,Тоҷикӣ / Форсӣ,,
tj_m_farnom_1606,1606,male,Мужской,Писарона,Ф,Фарном,Фарном,Farnom,ФАРНОМ,ФАРНОМ,FARNOM,True,"Қарори Ҳукумати Ҷумҳурии Тоҷикистон аз 26 феврали соли 2026, №98",False,,,Тоҷикӣ / Форсӣ,,
tj_m_farnush_1607,1607,male,Мужской,Писарона,Ф,Фарнуш,Фарнуш,Farnush,ФАРНУШ,ФАРНУШ,FARNUSH,True,"Қарори Ҳукумати Ҷумҳурии Тоҷикистон аз 26 феврали соли 2026, №98",False,,,Тоҷикӣ / Форсӣ,,
tj_m_farhiyo_1608,1608,male,Мужской,Писарона,Ф,Фарҳиё,Фархиё,Farhiyo,ФАРҲИЁ,ФАРХИЁ,FARHIYO,True,"Қарори Ҳукумати Ҷумҳурии Тоҷикистон аз 26 феврали соли 2026, №98",False,,,Тоҷикӣ / Форсӣ,,
tj_m_farhom_1609,1609,male,Мужской,Писарона,Ф,Фарҳом,Фархом,Farhom,ФАРҲОМ,ФАРХОМ,FARHOM,True,"Қарори Ҳукумати Ҷумҳурии Тоҷикистон аз 26 феврали соли 2026, №98",False,,,Тоҷикӣ / Форсӣ,,
tj_m_farhon_1610,1610,male,Мужской,Писарона,Ф,Фарҳон,Фархон,Farhon,ФАРҲОН,ФАРХОН,FARHON,True,"Қарори Ҳукумати Ҷумҳурии Тоҷикистон аз 26 феврали соли 2026, №98",True,farhan,"Счастливый, радостный",Арабское,радостный; счастливый; позитивный; лёгкий; жизнерадостный,"Арабское فَرْحَان (фархан) — «счастливый, радостный». В Коране (3:170): «Не считай погибшими убитых на пути Аллаха... Они радуются (فَرِحِينَ) тому, что Аллах даровал им». Хадис: «Для постящегося — два радостных момента: когда он разговляется и когда встречается с Господом» (Сахих Бухари). Имя широко используется в Пакистане, Бангладеш, Индии и арабских странах. Несёт пожелание жизнерадостности."
tj_m_farhush_1611,1611,male,Мужской,Писарона,Ф,Фарҳуш,Фархуш,Farhush,ФАРҲУШ,ФАРХУШ,FARHUSH,True,"Қарори Ҳукумати Ҷумҳурии Тоҷикистон аз 26 феврали соли 2026, №98",False,,,Тоҷикӣ / Форсӣ,,
tj_m_farod_1612,1612,male,Мужской,Писарона,Ф,Фарод,Фарод,Farod,ФАРОД,ФАРОД,FAROD,True,"Қарори Ҳукумати Ҷумҳурии Тоҷикистон аз 26 феврали соли 2026, №98",False,,,Тоҷикӣ / Форсӣ,,
tj_m_faroz_1613,1613,male,Мужской,Писарона,Ф,Фароз,Фароз,Faroz,ФАРОЗ,ФАРОЗ,FAROZ,True,"Қарори Ҳукумати Ҷумҳурии Тоҷикистон аз 26 феврали соли 2026, №98",False,,,Тоҷикӣ / Форсӣ,,
tj_m_farozin_1614,1614,male,Мужской,Писарона,Ф,Фарозин,Фарозин,Farozin,ФАРОЗИН,ФАРОЗИН,FAROZIN,True,"Қарори Ҳукумати Ҷумҳурии Тоҷикистон аз 26 феврали соли 2026, №98",False,,,Тоҷикӣ / Форсӣ,,
tj_m_farozon_1615,1615,male,Мужской,Писарона,Ф,Фарозон,Фарозон,Farozon,ФАРОЗОН,ФАРОЗОН,FAROZON,True,"Қарори Ҳукумати Ҷумҳурии Тоҷикистон аз 26 феврали соли 2026, №98",False,,,Тоҷикӣ / Форсӣ,,
tj_m_faroyin_1616,1616,male,Мужской,Писарона,Ф,Фаройин,Фаройин,Faroyin,ФАРОЙИН,ФАРОЙИН,FAROYIN,True,"Қарори Ҳукумати Ҷумҳурии Тоҷикистон аз 26 феврали соли 2026, №98",False,,,Тоҷикӣ / Форсӣ,,
tj_m_faroyish_1617,1617,male,Мужской,Писарона,Ф,Фаройиш,Фаройиш,Faroyish,ФАРОЙИШ,ФАРОЙИШ,FAROYISH,True,"Қарори Ҳукумати Ҷумҳурии Тоҷикистон аз 26 феврали соли 2026, №98",False,,,Тоҷикӣ / Форсӣ,,
tj_m_faromarz_1618,1618,male,Мужской,Писарона,Ф,Фаромарз,Фаромарз,Faromarz,ФАРОМАРЗ,ФАРОМАРЗ,FAROMARZ,True,"Қарори Ҳукумати Ҷумҳурии Тоҷикистон аз 26 феврали соли 2026, №98",False,,,Тоҷикӣ / Форсӣ,,
tj_m_faromehr_1619,1619,male,Мужской,Писарона,Ф,Фаромеҳр,Фаромехр,Faromehr,ФАРОМЕҲР,ФАРОМЕХР,FAROMEHR,True,"Қарори Ҳукумати Ҷумҳурии Тоҷикистон аз 26 феврали соли 2026, №98",False,,,Тоҷикӣ / Форсӣ,,
tj_m_faromuz_1620,1620,male,Мужской,Писарона,Ф,Фаромуз,Фаромуз,Faromuz,ФАРОМУЗ,ФАРОМУЗ,FAROMUZ,True,"Қарори Ҳукумати Ҷумҳурии Тоҷикистон аз 26 феврали соли 2026, №98",False,,,Тоҷикӣ / Форсӣ,,
tj_m_farohan_1621,1621,male,Мужской,Писарона,Ф,Фароҳан,Фарохан,Farohan,ФАРОҲАН,ФАРОХАН,FAROHAN,True,"Қарори Ҳукумати Ҷумҳурии Тоҷикистон аз 26 феврали соли 2026, №98",False,,,Тоҷикӣ / Форсӣ,,
tj_m_farorun_1622,1622,male,Мужской,Писарона,Ф,Фарорун,Фарорун,Farorun,ФАРОРУН,ФАРОРУН,FARORUN,True,"Қарори Ҳукумати Ҷумҳурии Тоҷикистон аз 26 феврали соли 2026, №98",False,,,Тоҷикӣ / Форсӣ,,
tj_m_farokhru_1623,1623,male,Мужской,Писарона,Ф,Фарохрӯ,Фарохру,Farokhru,ФАРОХРӮ,ФАРОХРУ,FAROKHRU,True,"Қарори Ҳукумати Ҷумҳурии Тоҷикистон аз 26 феврали соли 2026, №98",False,,,Тоҷикӣ / Форсӣ,,
tj_m_farohin_1624,1624,male,Мужской,Писарона,Ф,Фароҳин,Фарохин,Farohin,ФАРОҲИН,ФАРОХИН,FAROHIN,True,"Қарори Ҳукумати Ҷумҳурии Тоҷикистон аз 26 феврали соли 2026, №98",False,,,Тоҷикӣ / Форсӣ,,
tj_m_farochehr_1625,1625,male,Мужской,Писарона,Ф,Фарочеҳр,Фарочехр,Farochehr,ФАРОЧЕҲР,ФАРОЧЕХР,FAROCHEHR,True,"Қарори Ҳукумати Ҷумҳурии Тоҷикистон аз 26 феврали соли 2026, №98",False,,,Тоҷикӣ / Форсӣ,,
tj_m_farrukh_1626,1626,male,Мужской,Писарона,Ф,Фаррух,Фаррух,Farrukh,ФАРРУХ,ФАРРУХ,FARRUKH,True,"Қарори Ҳукумати Ҷумҳурии Тоҷикистон аз 26 феврали соли 2026, №98",False,,,Тоҷикӣ / Форсӣ,,
tj_m_farrukhbeh_1627,1627,male,Мужской,Писарона,Ф,Фаррухбеҳ,Фаррухбех,Farrukhbeh,ФАРРУХБЕҲ,ФАРРУХБЕХ,FARRUKHBEH,True,"Қарори Ҳукумати Ҷумҳурии Тоҷикистон аз 26 феврали соли 2026, №98",False,,,Тоҷикӣ / Форсӣ,,
tj_m_farrukhdod_1628,1628,male,Мужской,Писарона,Ф,Фаррухдод,Фаррухдод,Farrukhdod,ФАРРУХДОД,ФАРРУХДОД,FARRUKHDOD,True,"Қарори Ҳукумати Ҷумҳурии Тоҷикистон аз 26 феврали соли 2026, №98",False,,,Тоҷикӣ / Форсӣ,,
tj_m_farrukhzod_1629,1629,male,Мужской,Писарона,Ф,Фаррухзод,Фаррухзод,Farrukhzod,ФАРРУХЗОД,ФАРРУХЗОД,FARRUKHZOD,True,"Қарори Ҳукумати Ҷумҳурии Тоҷикистон аз 26 феврали соли 2026, №98",False,,,Тоҷикӣ / Форсӣ,,
tj_m_farrukhmand_1630,1630,male,Мужской,Писарона,Ф,Фаррухманд,Фаррухманд,Farrukhmand,ФАРРУХМАНД,ФАРРУХМАНД,FARRUKHMAND,True,"Қарори Ҳукумати Ҷумҳурии Тоҷикистон аз 26 феврали соли 2026, №98",False,,,Тоҷикӣ / Форсӣ,,
tj_m_farrukhmard_1631,1631,male,Мужской,Писарона,Ф,Фаррухмард,Фаррухмард,Farrukhmard,ФАРРУХМАРД,ФАРРУХМАРД,FARRUKHMARD,True,"Қарори Ҳукумати Ҷумҳурии Тоҷикистон аз 26 феврали соли 2026, №98",False,,,Тоҷикӣ / Форсӣ,,
tj_m_farrukhnazhod_1632,1632,male,Мужской,Писарона,Ф,Фаррухнажод,Фаррухнажод,Farrukhnazhod,ФАРРУХНАЖОД,ФАРРУХНАЖОД,FARRUKHNAZHOD,True,"Қарори Ҳукумати Ҷумҳурии Тоҷикистон аз 26 феврали соли 2026, №98",False,,,Тоҷикӣ / Форсӣ,,
tj_m_farrukhnihod_1633,1633,male,Мужской,Писарона,Ф,Фаррухниҳод,Фаррухниход,Farrukhnihod,ФАРРУХНИҲОД,ФАРРУХНИХОД,FARRUKHNIHOD,True,"Қарори Ҳукумати Ҷумҳурии Тоҷикистон аз 26 феврали соли 2026, №98",False,,,Тоҷикӣ / Форсӣ,,
tj_m_farrukhpay_1634,1634,male,Мужской,Писарона,Ф,Фаррухпай,Фаррухпай,Farrukhpay,ФАРРУХПАЙ,ФАРРУХПАЙ,FARRUKHPAY,True,"Қарори Ҳукумати Ҷумҳурии Тоҷикистон аз 26 феврали соли 2026, №98",False,,,Тоҷикӣ / Форсӣ,,
tj_m_farrukhruz_1635,1635,male,Мужской,Писарона,Ф,Фаррухрӯз,Фаррухруз,Farrukhruz,ФАРРУХРӮЗ,ФАРРУХРУЗ,FARRUKHRUZ,True,"Қарори Ҳукумати Ҷумҳурии Тоҷикистон аз 26 феврали соли 2026, №98",False,,,Тоҷикӣ / Форсӣ,,
tj_m_farrukhchehr_1636,1636,male,Мужской,Писарона,Ф,Фаррухчеҳр,Фаррухчехр,Farrukhchehr,ФАРРУХЧЕҲР,ФАРРУХЧЕХР,FARRUKHCHEHR,True,"Қарори Ҳукумати Ҷумҳурии Тоҷикистон аз 26 феврали соли 2026, №98",False,,,Тоҷикӣ / Форсӣ,,
tj_m_farso_1637,1637,male,Мужской,Писарона,Ф,Фарсо,Фарсо,Farso,ФАРСО,ФАРСО,FARSO,True,"Қарори Ҳукумати Ҷумҳурии Тоҷикистон аз 26 феврали соли 2026, №98",False,,,Тоҷикӣ / Форсӣ,,
tj_m_farhat_1638,1638,male,Мужской,Писарона,Ф,Фарҳат,Фархат,Farhat,ФАРҲАТ,ФАРХАТ,FARHAT,True,"Қарори Ҳукумати Ҷумҳурии Тоҷикистон аз 26 феврали соли 2026, №98",False,,,Тоҷикӣ / Форсӣ,,
tj_m_farhod_1639,1639,male,Мужской,Писарона,Ф,Фарҳод,Фарход,Farhod,ФАРҲОД,ФАРХОД,FARHOD,True,"Қарори Ҳукумати Ҷумҳурии Тоҷикистон аз 26 феврали соли 2026, №98",False,,,Тоҷикӣ / Форсӣ,,
tj_m_farshed_1640,1640,male,Мужской,Писарона,Ф,Фаршед,Фаршед,Farshed,ФАРШЕД,ФАРШЕД,FARSHED,True,"Қарори Ҳукумати Ҷумҳурии Тоҷикистон аз 26 феврали соли 2026, №98",False,,,Тоҷикӣ / Форсӣ,,
tj_m_farshedvard_1641,1641,male,Мужской,Писарона,Ф,Фаршедвард,Фаршедвард,Farshedvard,ФАРШЕДВАРД,ФАРШЕДВАРД,FARSHEDVARD,True,"Қарори Ҳукумати Ҷумҳурии Тоҷикистон аз 26 феврали соли 2026, №98",False,,,Тоҷикӣ / Форсӣ,,
tj_m_farshod_1642,1642,male,Мужской,Писарона,Ф,Фаршод,Фаршод,Farshod,ФАРШОД,ФАРШОД,FARSHOD,True,"Қарори Ҳукумати Ҷумҳурии Тоҷикистон аз 26 феврали соли 2026, №98",False,,,Тоҷикӣ / Форсӣ,,
tj_m_fattoh_1643,1643,male,Мужской,Писарона,Ф,Фаттоҳ,Фаттох,Fattoh,ФАТТОҲ,ФАТТОХ,FATTOH,True,"Қарори Ҳукумати Ҷумҳурии Тоҷикистон аз 26 феврали соли 2026, №98",False,,,Тоҷикӣ / Форсӣ,,
tj_m_fathiddin_1644,1644,male,Мужской,Писарона,Ф,Фатҳиддин,Фатхиддин,Fathiddin,ФАТҲИДДИН,ФАТХИДДИН,FATHIDDIN,True,"Қарори Ҳукумати Ҷумҳурии Тоҷикистон аз 26 феврали соли 2026, №98",False,,,Тоҷикӣ / Форсӣ,,
tj_m_fathullo_1645,1645,male,Мужской,Писарона,Ф,Фатҳулло,Фатхулло,Fathullo,ФАТҲУЛЛО,ФАТХУЛЛО,FATHULLO,True,"Қарори Ҳукумати Ҷумҳурии Тоҷикистон аз 26 феврали соли 2026, №98",False,,,Тоҷикӣ / Форсӣ,,
tj_m_fakhriddin_1646,1646,male,Мужской,Писарона,Ф,Фахриддин,Фахриддин,Fakhriddin,ФАХРИДДИН,ФАХРИДДИН,FAKHRIDDIN,True,"Қарори Ҳукумати Ҷумҳурии Тоҷикистон аз 26 феврали соли 2026, №98",False,,,Тоҷикӣ / Форсӣ,,
tj_m_fahim_1647,1647,male,Мужской,Писарона,Ф,Фаҳим,Фахим,Fahim,ФАҲИМ,ФАХИМ,FAHIM,True,"Қарори Ҳукумати Ҷумҳурии Тоҷикистон аз 26 феврали соли 2026, №98",True,fahim,"Понимающий, умный, сообразительный",Арабское,умный; понимающий; рассудительный; внимательный; проницательный,"Арабское فَهِيم (фахим) — «понимающий, умный». «Фикх» (понимание религии) и «фахм» (понимание) — однокоренные слова. Пророк молился за своего молодого сподвижника Ибн Аббаса: «О Аллах, дай ему глубокое понимание (فَهَّمَه الدِّين) в религии и научи его толкованию». Впоследствии Ибн Аббас стал «Тарджуман аль-Куран» (Переводчиком смыслов Корана). Имя Фахим — призыв к культуре глубокого понимания, а не поверхностного знания."
tj_m_firdavs_1648,1648,male,Мужской,Писарона,Ф,Фирдавс,Фирдавс,Firdavs,ФИРДАВС,ФИРДАВС,FIRDAVS,True,"Қарори Ҳукумати Ҷумҳурии Тоҷикистон аз 26 феврали соли 2026, №98",False,,,Тоҷикӣ / Форсӣ,,
tj_m_firdavsi_1649,1649,male,Мужской,Писарона,Ф,Фирдавсӣ,Фирдавси,Firdavsi,ФИРДАВСӢ,ФИРДАВСИ,FIRDAVSI,True,"Қарори Ҳукумати Ҷумҳурии Тоҷикистон аз 26 феврали соли 2026, №98",False,,,Тоҷикӣ / Форсӣ,,
tj_m_firud_1650,1650,male,Мужской,Писарона,Ф,Фируд,Фируд,Firud,ФИРУД,ФИРУД,FIRUD,True,"Қарори Ҳукумати Ҷумҳурии Тоҷикистон аз 26 феврали соли 2026, №98",False,,,Тоҷикӣ / Форсӣ,,
tj_m_firutan_1651,1651,male,Мужской,Писарона,Ф,Фирутан,Фирутан,Firutan,ФИРУТАН,ФИРУТАН,FIRUTAN,True,"Қарори Ҳукумати Ҷумҳурии Тоҷикистон аз 26 феврали соли 2026, №98",False,,,Тоҷикӣ / Форсӣ,,
tj_m_firuz_1652,1652,male,Мужской,Писарона,Ф,Фирӯз,Фируз,Firuz,ФИРӮЗ,ФИРУЗ,FIRUZ,True,"Қарори Ҳукумати Ҷумҳурии Тоҷикистон аз 26 феврали соли 2026, №98",False,,,Тоҷикӣ / Форсӣ,,
tj_m_firuzbakht_1653,1653,male,Мужской,Писарона,Ф,Фирӯзбахт,Фирузбахт,Firuzbakht,ФИРӮЗБАХТ,ФИРУЗБАХТ,FIRUZBAKHT,True,"Қарори Ҳукумати Ҷумҳурии Тоҷикистон аз 26 феврали соли 2026, №98",False,,,Тоҷикӣ / Форсӣ,,
tj_m_firuzbakhsh_1654,1654,male,Мужской,Писарона,Ф,Фирӯзбахш,Фирузбахш,Firuzbakhsh,ФИРӮЗБАХШ,ФИРУЗБАХШ,FIRUZBAKHSH,True,"Қарори Ҳукумати Ҷумҳурии Тоҷикистон аз 26 феврали соли 2026, №98",False,,,Тоҷикӣ / Форсӣ,,
tj_m_fitrat_1655,1655,male,Мужской,Писарона,Ф,Фитрат,Фитрат,Fitrat,ФИТРАТ,ФИТРАТ,FITRAT,True,"Қарори Ҳукумати Ҷумҳурии Тоҷикистон аз 26 феврали соли 2026, №98",False,,,Тоҷикӣ / Форсӣ,,
tj_m_fozil_1656,1656,male,Мужской,Писарона,Ф,Фозил,Фозил,Fozil,ФОЗИЛ,ФОЗИЛ,FOZIL,True,"Қарори Ҳукумати Ҷумҳурии Тоҷикистон аз 26 феврали соли 2026, №98",False,,,Тоҷикӣ / Форсӣ,,
tj_m_foteh_1657,1657,male,Мужской,Писарона,Ф,Фотеҳ,Фотех,Foteh,ФОТЕҲ,ФОТЕХ,FOTEH,True,"Қарори Ҳукумати Ҷумҳурии Тоҷикистон аз 26 феврали соли 2026, №98",False,,,Тоҷикӣ / Форсӣ,,
tj_m_fuzayl_1658,1658,male,Мужской,Писарона,Ф,Фузайл,Фузайл,Fuzayl,ФУЗАЙЛ,ФУЗАЙЛ,FUZAYL,True,"Қарори Ҳукумати Ҷумҳурии Тоҷикистон аз 26 феврали соли 2026, №98",False,,,Тоҷикӣ / Форсӣ,,
tj_m_furqat_1659,1659,male,Мужской,Писарона,Ф,Фурқат,Фуркат,Furqat,ФУРҚАТ,ФУРКАТ,FURQAT,True,"Қарори Ҳукумати Ҷумҳурии Тоҷикистон аз 26 феврали соли 2026, №98",False,,,Тоҷикӣ / Форсӣ,,
tj_m_furud_1660,1660,male,Мужской,Писарона,Ф,Фуруд,Фуруд,Furud,ФУРУД,ФУРУД,FURUD,True,"Қарори Ҳукумати Ҷумҳурии Тоҷикистон аз 26 феврали соли 2026, №98",False,,,Тоҷикӣ / Форсӣ,,
tj_m_furuhar_1661,1661,male,Мужской,Писарона,Ф,Фуруҳар,Фурухар,Furuhar,ФУРУҲАР,ФУРУХАР,FURUHAR,True,"Қарори Ҳукумати Ҷумҳурии Тоҷикистон аз 26 феврали соли 2026, №98",False,,,Тоҷикӣ / Форсӣ,,
tj_m_furutan_1662,1662,male,Мужской,Писарона,Ф,Фурутан,Фурутан,Furutan,ФУРУТАН,ФУРУТАН,FURUTAN,True,"Қарори Ҳукумати Ҷумҳурии Тоҷикистон аз 26 феврали соли 2026, №98",False,,,Тоҷикӣ / Форсӣ,,
tj_m_khadiv_1663,1663,male,Мужской,Писарона,Х,Хадив,Хадив,Khadiv,ХАДИВ,ХАДИВ,KHADIV,True,"Қарори Ҳукумати Ҷумҳурии Тоҷикистон аз 26 феврали соли 2026, №98",False,,,Тоҷикӣ / Форсӣ,,
tj_m_khzarvon_1664,1664,male,Мужской,Писарона,Х,Хазарвон,Хазарвон,Khаzarvon,ХАЗАРВОН,ХАЗАРВОН,KHАZARVON,True,"Қарори Ҳукумати Ҷумҳурии Тоҷикистон аз 26 феврали соли 2026, №98",False,,,Тоҷикӣ / Форсӣ,,
tj_m_khayyom_1665,1665,male,Мужской,Писарона,Х,Хайём,Хайём,Khayyom,ХАЙЁМ,ХАЙЁМ,KHAYYOM,True,"Қарори Ҳукумати Ҷумҳурии Тоҷикистон аз 26 феврали соли 2026, №98",False,,,Тоҷикӣ / Форсӣ,,
tj_m_khayrandesh_1666,1666,male,Мужской,Писарона,Х,Хайрандеш,Хайрандеш,Khayrandesh,ХАЙРАНДЕШ,ХАЙРАНДЕШ,KHAYRANDESH,True,"Қарори Ҳукумати Ҷумҳурии Тоҷикистон аз 26 феврали соли 2026, №98",False,,,Тоҷикӣ / Форсӣ,,
tj_m_khayrafzo_1667,1667,male,Мужской,Писарона,Х,Хайрафзо,Хайрафзо,Khayrafzo,ХАЙРАФЗО,ХАЙРАФЗО,KHAYRAFZO,True,"Қарори Ҳукумати Ҷумҳурии Тоҷикистон аз 26 феврали соли 2026, №98",False,,,Тоҷикӣ / Форсӣ,,
tj_m_khayriddin_1668,1668,male,Мужской,Писарона,Х,Хайриддин,Хайриддин,Khayriddin,ХАЙРИДДИН,ХАЙРИДДИН,KHAYRIDDIN,True,"Қарори Ҳукумати Ҷумҳурии Тоҷикистон аз 26 феврали соли 2026, №98",False,,,Тоҷикӣ / Форсӣ,,
tj_m_khayrmanish_1669,1669,male,Мужской,Писарона,Х,Хайрманиш,Хайрманиш,Khayrmanish,ХАЙРМАНИШ,ХАЙРМАНИШ,KHAYRMANISH,True,"Қарори Ҳукумати Ҷумҳурии Тоҷикистон аз 26 феврали соли 2026, №98",False,,,Тоҷикӣ / Форсӣ,,
tj_m_khayrofar_1670,1670,male,Мужской,Писарона,Х,Хайрофар,Хайрофар,Khayrofar,ХАЙРОФАР,ХАЙРОФАР,KHAYROFAR,True,"Қарори Ҳукумати Ҷумҳурии Тоҷикистон аз 26 феврали соли 2026, №98",False,,,Тоҷикӣ / Форсӣ,,
tj_m_khayrullo_1671,1671,male,Мужской,Писарона,Х,Хайрулло,Хайрулло,Khayrullo,ХАЙРУЛЛО,ХАЙРУЛЛО,KHAYRULLO,True,"Қарори Ҳукумати Ҷумҳурии Тоҷикистон аз 26 феврали соли 2026, №98",False,,,Тоҷикӣ / Форсӣ,,
tj_m_khayrkhoh_1672,1672,male,Мужской,Писарона,Х,Хайрхоҳ,Хайрхох,Khayrkhoh,ХАЙРХОҲ,ХАЙРХОХ,KHAYRKHOH,True,"Қарори Ҳукумати Ҷумҳурии Тоҷикистон аз 26 феврали соли 2026, №98",False,,,Тоҷикӣ / Форсӣ,,
tj_m_khalil_1673,1673,male,Мужской,Писарона,Х,Халил,Халил,Khalil,ХАЛИЛ,ХАЛИЛ,KHALIL,True,"Қарори Ҳукумати Ҷумҳурии Тоҷикистон аз 26 феврали соли 2026, №98",True,khalil,"Искренний друг, близкий товарищ",Арабское,верный; дружелюбный; искренний; добросердечный; надёжный,"Арабское خَلِيل (халиль) — «искренний, близкий друг». Аллах назвал Ибрахима (Авраама) «Халилюллах» (Другом Аллаха) — Коран (4:125): «Аллах избрал Ибрахима другом» (وَاتَّخَذَ اللَّهُ إِبْرَاهِيمَ خَلِيلًا). Это высший духовный ранг. Халиль Джубран (1883–1931) — ливанско-американский поэт и философ, автор «Пророка» — одной из самых продаваемых книг XX века. Хеврон по-арабски называется «аль-Халиль» — в честь Ибрахима."
tj_m_khashoyor_1674,1674,male,Мужской,Писарона,Х,Хашоёр,Хашоёр,Khashoyor,ХАШОЁР,ХАШОЁР,KHASHOYOR,True,"Қарори Ҳукумати Ҷумҳурии Тоҷикистон аз 26 феврали соли 2026, №98",False,,,Тоҷикӣ / Форсӣ,,
tj_m_khirad_1675,1675,male,Мужской,Писарона,Х,Хирад,Хирад,Khirad,ХИРАД,ХИРАД,KHIRAD,True,"Қарори Ҳукумати Ҷумҳурии Тоҷикистон аз 26 феврали соли 2026, №98",False,,,Тоҷикӣ / Форсӣ,,
tj_m_khiradvarz_1676,1676,male,Мужской,Писарона,Х,Хирадварз,Хирадварз,Khiradvarz,ХИРАДВАРЗ,ХИРАДВАРЗ,KHIRADVARZ,True,"Қарори Ҳукумати Ҷумҳурии Тоҷикистон аз 26 феврали соли 2026, №98",False,,,Тоҷикӣ / Форсӣ,,
tj_m_khiradyor_1677,1677,male,Мужской,Писарона,Х,Хирадёр,Хирадёр,Khiradyor,ХИРАДЁР,ХИРАДЁР,KHIRADYOR,True,"Қарори Ҳукумати Ҷумҳурии Тоҷикистон аз 26 феврали соли 2026, №98",False,,,Тоҷикӣ / Форсӣ,,
tj_m_khiradmand_1678,1678,male,Мужской,Писарона,Х,Хирадманд,Хирадманд,Khiradmand,ХИРАДМАНД,ХИРАДМАНД,KHIRADMAND,True,"Қарори Ҳукумати Ҷумҳурии Тоҷикистон аз 26 феврали соли 2026, №98",False,,,Тоҷикӣ / Форсӣ,,
tj_m_khiradmanish_1679,1679,male,Мужской,Писарона,Х,Хирадманиш,Хирадманиш,Khiradmanish,ХИРАДМАНИШ,ХИРАДМАНИШ,KHIRADMANISH,True,"Қарори Ҳукумати Ҷумҳурии Тоҷикистон аз 26 феврали соли 2026, №98",False,,,Тоҷикӣ / Форсӣ,,
tj_m_khiradmard_1680,1680,male,Мужской,Писарона,Х,Хирадмард,Хирадмард,Khiradmard,ХИРАДМАРД,ХИРАДМАРД,KHIRADMARD,True,"Қарори Ҳукумати Ҷумҳурии Тоҷикистон аз 26 феврали соли 2026, №98",False,,,Тоҷикӣ / Форсӣ,,
tj_m_khiradnush_1681,1681,male,Мужской,Писарона,Х,Хираднуш,Хираднуш,Khiradnush,ХИРАДНУШ,ХИРАДНУШ,KHIRADNUSH,True,"Қарори Ҳукумати Ҷумҳурии Тоҷикистон аз 26 феврали соли 2026, №98",False,,,Тоҷикӣ / Форсӣ,,
tj_m_khiradpesha_1682,1682,male,Мужской,Писарона,Х,Хирадпеша,Хирадпеша,Khiradpesha,ХИРАДПЕША,ХИРАДПЕША,KHIRADPESHA,True,"Қарори Ҳукумати Ҷумҳурии Тоҷикистон аз 26 феврали соли 2026, №98",False,,,Тоҷикӣ / Форсӣ,,
tj_m_khovar_1683,1683,male,Мужской,Писарона,Х,Ховар,Ховар,Khovar,ХОВАР,ХОВАР,KHOVAR,True,"Қарори Ҳукумати Ҷумҳурии Тоҷикистон аз 26 феврали соли 2026, №98",False,,,Тоҷикӣ / Форсӣ,,
tj_m_khovarmehr_1684,1684,male,Мужской,Писарона,Х,Ховармеҳр,Ховармехр,Khovarmehr,ХОВАРМЕҲР,ХОВАРМЕХР,KHOVARMEHR,True,"Қарори Ҳукумати Ҷумҳурии Тоҷикистон аз 26 феврали соли 2026, №98",False,,,Тоҷикӣ / Форсӣ,,
tj_m_khovarshed_1685,1685,male,Мужской,Писарона,Х,Ховаршед,Ховаршед,Khovarshed,ХОВАРШЕД,ХОВАРШЕД,KHOVARSHED,True,"Қарори Ҳукумати Ҷумҳурии Тоҷикистон аз 26 феврали соли 2026, №98",False,,,Тоҷикӣ / Форсӣ,,
tj_m_khovarsher_1686,1686,male,Мужской,Писарона,Х,Ховаршер,Ховаршер,Khovarsher,ХОВАРШЕР,ХОВАРШЕР,KHOVARSHER,True,"Қарори Ҳукумати Ҷумҳурии Тоҷикистон аз 26 феврали соли 2026, №98",False,,,Тоҷикӣ / Форсӣ,,
tj_m_khovarshoh_1687,1687,male,Мужской,Писарона,Х,Ховаршоҳ,Ховаршох,Khovarshoh,ХОВАРШОҲ,ХОВАРШОХ,KHOVARSHOH,True,"Қарори Ҳукумати Ҷумҳурии Тоҷикистон аз 26 феврали соли 2026, №98",False,,,Тоҷикӣ / Форсӣ,,
tj_m_kholiqnazar_1688,1688,male,Мужской,Писарона,Х,Холиқназар,Холикназар,Kholiqnazar,ХОЛИҚНАЗАР,ХОЛИКНАЗАР,KHOLIQNAZAR,True,"Қарори Ҳукумати Ҷумҳурии Тоҷикистон аз 26 феврали соли 2026, №98",False,,,Тоҷикӣ / Форсӣ,,
tj_m_khorazmyor_1689,1689,male,Мужской,Писарона,Х,Хоразмёр,Хоразмёр,Khorazmyor,ХОРАЗМЁР,ХОРАЗМЁР,KHORAZMYOR,True,"Қарори Ҳукумати Ҷумҳурии Тоҷикистон аз 26 феврали соли 2026, №98",False,,,Тоҷикӣ / Форсӣ,,
tj_m_khorazmshoh_1690,1690,male,Мужской,Писарона,Х,Хоразмшоҳ,Хоразмшох,Khorazmshoh,ХОРАЗМШОҲ,ХОРАЗМШОХ,KHORAZMSHOH,True,"Қарори Ҳукумати Ҷумҳурии Тоҷикистон аз 26 феврали соли 2026, №98",False,,,Тоҷикӣ / Форсӣ,,
tj_m_khotam_1691,1691,male,Мужской,Писарона,Х,Хотам,Хотам,Khotam,ХОТАМ,ХОТАМ,KHOTAM,True,"Қарори Ҳукумати Ҷумҳурии Тоҷикистон аз 26 феврали соли 2026, №98",False,,,Тоҷикӣ / Форсӣ,,
tj_m_khudobakhsh_1692,1692,male,Мужской,Писарона,Х,Худобахш,Худобахш,Khudobakhsh,ХУДОБАХШ,ХУДОБАХШ,KHUDOBAKHSH,True,"Қарори Ҳукумати Ҷумҳурии Тоҷикистон аз 26 феврали соли 2026, №98",False,,,Тоҷикӣ / Форсӣ,,
tj_m_khudodod_1693,1693,male,Мужской,Писарона,Х,Худодод,Худодод,Khudodod,ХУДОДОД,ХУДОДОД,KHUDODOD,True,"Қарори Ҳукумати Ҷумҳурии Тоҷикистон аз 26 феврали соли 2026, №98",False,,,Тоҷикӣ / Форсӣ,,
tj_m_khudoyor_1694,1694,male,Мужской,Писарона,Х,Худоёр,Худоёр,Khudoyor,ХУДОЁР,ХУДОЁР,KHUDOYOR,True,"Қарори Ҳукумати Ҷумҳурии Тоҷикистон аз 26 феврали соли 2026, №98",False,,,Тоҷикӣ / Форсӣ,,
tj_m_khudoydod_1695,1695,male,Мужской,Писарона,Х,Худойдод,Худойдод,Khudoydod,ХУДОЙДОД,ХУДОЙДОД,KHUDOYDOD,True,"Қарори Ҳукумати Ҷумҳурии Тоҷикистон аз 26 феврали соли 2026, №98",False,,,Тоҷикӣ / Форсӣ,,
tj_m_khudomehr_1696,1696,male,Мужской,Писарона,Х,Худомеҳр,Худомехр,Khudomehr,ХУДОМЕҲР,ХУДОМЕХР,KHUDOMEHR,True,"Қарори Ҳукумати Ҷумҳурии Тоҷикистон аз 26 феврали соли 2026, №98",False,,,Тоҷикӣ / Форсӣ,,
tj_m_khudonazar_1697,1697,male,Мужской,Писарона,Х,Худоназар,Худоназар,Khudonazar,ХУДОНАЗАР,ХУДОНАЗАР,KHUDONAZAR,True,"Қарори Ҳукумати Ҷумҳурии Тоҷикистон аз 26 феврали соли 2026, №98",False,,,Тоҷикӣ / Форсӣ,,
tj_m_khunyogar_1698,1698,male,Мужской,Писарона,Х,Хунёгар,Хунёгар,Khunyogar,ХУНЁГАР,ХУНЁГАР,KHUNYOGAR,True,"Қарори Ҳукумати Ҷумҳурии Тоҷикистон аз 26 феврали соли 2026, №98",False,,,Тоҷикӣ / Форсӣ,,
tj_m_khurramdil_1699,1699,male,Мужской,Писарона,Х,Хуррамдил,Хуррамдил,Khurramdil,ХУРРАМДИЛ,ХУРРАМДИЛ,KHURRAMDIL,True,"Қарори Ҳукумати Ҷумҳурии Тоҷикистон аз 26 феврали соли 2026, №98",False,,,Тоҷикӣ / Форсӣ,,
tj_m_khurramnihod_1700,1700,male,Мужской,Писарона,Х,Хуррамниҳод,Хуррамниход,Khurramnihod,ХУРРАМНИҲОД,ХУРРАМНИХОД,KHURRAMNIHOD,True,"Қарори Ҳукумати Ҷумҳурии Тоҷикистон аз 26 феврали соли 2026, №98",False,,,Тоҷикӣ / Форсӣ,,
tj_m_khursand_1701,1701,male,Мужской,Писарона,Х,Хурсанд,Хурсанд,Khursand,ХУРСАНД,ХУРСАНД,KHURSAND,True,"Қарори Ҳукумати Ҷумҳурии Тоҷикистон аз 26 феврали соли 2026, №98",False,,,Тоҷикӣ / Форсӣ,,
tj_m_khursandmurod_1702,1702,male,Мужской,Писарона,Х,Хурсандмурод,Хурсандмурод,Khursandmurod,ХУРСАНДМУРОД,ХУРСАНДМУРОД,KHURSANDMUROD,True,"Қарори Ҳукумати Ҷумҳурии Тоҷикистон аз 26 феврали соли 2026, №98",False,,,Тоҷикӣ / Форсӣ,,
tj_m_khurshed_1703,1703,male,Мужской,Писарона,Х,Хуршед,Хуршед,Khurshed,ХУРШЕД,ХУРШЕД,KHURSHED,True,"Қарори Ҳукумати Ҷумҳурии Тоҷикистон аз 26 феврали соли 2026, №98",False,,,Тоҷикӣ / Форсӣ,,
tj_m_khusrav_1704,1704,male,Мужской,Писарона,Х,Хусрав,Хусрав,Khusrav,ХУСРАВ,ХУСРАВ,KHUSRAV,True,"Қарори Ҳукумати Ҷумҳурии Тоҷикистон аз 26 феврали соли 2026, №98",False,,,Тоҷикӣ / Форсӣ,,
tj_m_khushandesh_1705,1705,male,Мужской,Писарона,Х,Хушандеш,Хушандеш,Khushandesh,ХУШАНДЕШ,ХУШАНДЕШ,KHUSHANDESH,True,"Қарори Ҳукумати Ҷумҳурии Тоҷикистон аз 26 феврали соли 2026, №98",False,,,Тоҷикӣ / Форсӣ,,
tj_m_khushbakht_1706,1706,male,Мужской,Писарона,Х,Хушбахт,Хушбахт,Khushbakht,ХУШБАХТ,ХУШБАХТ,KHUSHBAKHT,True,"Қарори Ҳукумати Ҷумҳурии Тоҷикистон аз 26 феврали соли 2026, №98",False,,,Тоҷикӣ / Форсӣ,,
tj_m_khushdil_1707,1707,male,Мужской,Писарона,Х,Хушдил,Хушдил,Khushdil,ХУШДИЛ,ХУШДИЛ,KHUSHDIL,True,"Қарори Ҳукумати Ҷумҳурии Тоҷикистон аз 26 феврали соли 2026, №98",False,,,Тоҷикӣ / Форсӣ,,
tj_m_khushkom_1708,1708,male,Мужской,Писарона,Х,Хушком,Хушком,Khushkom,ХУШКОМ,ХУШКОМ,KHUSHKOM,True,"Қарори Ҳукумати Ҷумҳурии Тоҷикистон аз 26 феврали соли 2026, №98",False,,,Тоҷикӣ / Форсӣ,,
tj_m_khushqadam_1709,1709,male,Мужской,Писарона,Х,Хушқадам,Хушкадам,Khushqadam,ХУШҚАДАМ,ХУШКАДАМ,KHUSHQADAM,True,"Қарори Ҳукумати Ҷумҳурии Тоҷикистон аз 26 феврали соли 2026, №98",False,,,Тоҷикӣ / Форсӣ,,
tj_m_khushmanish_1710,1710,male,Мужской,Писарона,Х,Хушманиш,Хушманиш,Khushmanish,ХУШМАНИШ,ХУШМАНИШ,KHUSHMANISH,True,"Қарори Ҳукумати Ҷумҳурии Тоҷикистон аз 26 феврали соли 2026, №98",False,,,Тоҷикӣ / Форсӣ,,
tj_m_khushmehr_1711,1711,male,Мужской,Писарона,Х,Хушмеҳр,Хушмехр,Khushmehr,ХУШМЕҲР,ХУШМЕХР,KHUSHMEHR,True,"Қарори Ҳукумати Ҷумҳурии Тоҷикистон аз 26 феврали соли 2026, №98",False,,,Тоҷикӣ / Форсӣ,,
tj_m_khushnavid_1712,1712,male,Мужской,Писарона,Х,Хушнавид,Хушнавид,Khushnavid,ХУШНАВИД,ХУШНАВИД,KHUSHNAVID,True,"Қарори Ҳукумати Ҷумҳурии Тоҷикистон аз 26 феврали соли 2026, №98",False,,,Тоҷикӣ / Форсӣ,,
tj_m_khushnavoz_1713,1713,male,Мужской,Писарона,Х,Хушнавоз,Хушнавоз,Khushnavoz,ХУШНАВОЗ,ХУШНАВОЗ,KHUSHNAVOZ,True,"Қарори Ҳукумати Ҷумҳурии Тоҷикистон аз 26 феврали соли 2026, №98",False,,,Тоҷикӣ / Форсӣ,,
tj_m_khushnazhod_1714,1714,male,Мужской,Писарона,Х,Хушнажод,Хушнажод,Khushnazhod,ХУШНАЖОД,ХУШНАЖОД,KHUSHNAZHOD,True,"Қарори Ҳукумати Ҷумҳурии Тоҷикистон аз 26 феврали соли 2026, №98",False,,,Тоҷикӣ / Форсӣ,,
tj_m_khushnazar_1715,1715,male,Мужской,Писарона,Х,Хушназар,Хушназар,Khushnazar,ХУШНАЗАР,ХУШНАЗАР,KHUSHNAZAR,True,"Қарори Ҳукумати Ҷумҳурии Тоҷикистон аз 26 феврали соли 2026, №98",False,,,Тоҷикӣ / Форсӣ,,
tj_m_khushniyo_1716,1716,male,Мужской,Писарона,Х,Хушниё,Хушниё,Khushniyo,ХУШНИЁ,ХУШНИЁ,KHUSHNIYO,True,"Қарори Ҳукумати Ҷумҳурии Тоҷикистон аз 26 феврали соли 2026, №98",False,,,Тоҷикӣ / Форсӣ,,
tj_m_khushnom_1717,1717,male,Мужской,Писарона,Х,Хушном,Хушном,Khushnom,ХУШНОМ,ХУШНОМ,KHUSHNOM,True,"Қарори Ҳукумати Ҷумҳурии Тоҷикистон аз 26 феврали соли 2026, №98",False,,,Тоҷикӣ / Форсӣ,,
tj_m_khushnud_1718,1718,male,Мужской,Писарона,Х,Хушнуд,Хушнуд,Khushnud,ХУШНУД,ХУШНУД,KHUSHNUD,True,"Қарори Ҳукумати Ҷумҳурии Тоҷикистон аз 26 феврали соли 2026, №98",False,,,Тоҷикӣ / Форсӣ,,
tj_m_khushnur_1719,1719,male,Мужской,Писарона,Х,Хушнур,Хушнур,Khushnur,ХУШНУР,ХУШНУР,KHUSHNUR,True,"Қарори Ҳукумати Ҷумҳурии Тоҷикистон аз 26 феврали соли 2026, №98",False,,,Тоҷикӣ / Форсӣ,,
tj_m_khushofar_1720,1720,male,Мужской,Писарона,Х,Хушофар,Хушофар,Khushofar,ХУШОФАР,ХУШОФАР,KHUSHOFAR,True,"Қарори Ҳукумати Ҷумҳурии Тоҷикистон аз 26 феврали соли 2026, №98",False,,,Тоҷикӣ / Форсӣ,,
tj_m_khushruz_1721,1721,male,Мужской,Писарона,Х,Хушрӯз,Хушруз,Khushruz,ХУШРӮЗ,ХУШРУЗ,KHUSHRUZ,True,"Қарори Ҳукумати Ҷумҳурии Тоҷикистон аз 26 феврали соли 2026, №98",False,,,Тоҷикӣ / Форсӣ,,
tj_m_khushsigol_1722,1722,male,Мужской,Писарона,Х,Хушсигол,Хушсигол,Khushsigol,ХУШСИГОЛ,ХУШСИГОЛ,KHUSHSIGOL,True,"Қарори Ҳукумати Ҷумҳурии Тоҷикистон аз 26 феврали соли 2026, №98",False,,,Тоҷикӣ / Форсӣ,,
tj_m_habib_1723,1723,male,Мужской,Писарона,Ҳ,Ҳабиб,Хабиб,Habib,ҲАБИБ,ХАБИБ,HABIB,True,"Қарори Ҳукумати Ҷумҳурии Тоҷикистон аз 26 феврали соли 2026, №98",True,habib,"Любимый, дорогой, возлюбленный",Арабское,добрый; любящий; верующий; нежный; преданный,"От арабского حبيب — «возлюбленный, дорогой». Одно из прекраснейших эпитетов Пророка Мухаммада — «Хабибуллах» (Возлюбленный Аллаха). В суфийской поэзии «хабиб» — центральный образ божественной любви: Аллах — Хабиб, и верующий стремится к Нему. Хабиб Нурмагомедов — непобеждённый чемпион UFC, известный глубокой набожностью."
tj_m_habibullo_1724,1724,male,Мужской,Писарона,Ҳ,Ҳабибулло,Хабибулло,Habibullo,ҲАБИБУЛЛО,ХАБИБУЛЛО,HABIBULLO,True,"Қарори Ҳукумати Ҷумҳурии Тоҷикистон аз 26 феврали соли 2026, №98",True,habibullah,Возлюбленный Аллаха,Арабское,любимый; избранный; праведный; добрый; духовный,"Составное имя: حَبِيب (хабиб — возлюбленный) + الله (Аллах): «Возлюбленный Аллаха». Аль-Хабибулла («Возлюбленный Аллаха») — один из почётных титулов Пророка Мухаммада; в хадисах упоминается: «Ибрахим — «Халилюллах» (друг Аллаха), а я — «Хабибуллах» (возлюбленный Аллаха)». Хабибулла-хан (1872–1919) — второй эмир Афганистана из династии Баракзаев; при нём открылся первый университет в Афганистане (Хабибия, 1904)."
tj_m_havonis_1725,1725,male,Мужской,Писарона,Ҳ,Ҳавонис,Хавонис,Havonis,ҲАВОНИС,ХАВОНИС,HAVONIS,True,"Қарори Ҳукумати Ҷумҳурии Тоҷикистон аз 26 феврали соли 2026, №98",False,,,Тоҷикӣ / Форсӣ,,
tj_m_hadish_1726,1726,male,Мужской,Писарона,Ҳ,Ҳадиш,Хадиш,Hadish,ҲАДИШ,ХАДИШ,HADISH,True,"Қарори Ҳукумати Ҷумҳурии Тоҷикистон аз 26 феврали соли 2026, №98",False,,,Тоҷикӣ / Форсӣ,,
tj_m_hadyatullo_1727,1727,male,Мужской,Писарона,Ҳ,Ҳадятулло,Хадятулло,Hadyatullo,ҲАДЯТУЛЛО,ХАДЯТУЛЛО,HADYATULLO,True,"Қарори Ҳукумати Ҷумҳурии Тоҷикистон аз 26 феврали соли 2026, №98",False,,,Тоҷикӣ / Форсӣ,,
tj_m_haydar_1728,1728,male,Мужской,Писарона,Ҳ,Ҳайдар,Хайдар,Haydar,ҲАЙДАР,ХАЙДАР,HAYDAR,True,"Қарори Ҳукумати Ҷумҳурии Тоҷикистон аз 26 феврали соли 2026, №98",False,,,Тоҷикӣ / Форсӣ,,
tj_m_hayrat_1729,1729,male,Мужской,Писарона,Ҳ,Ҳайрат,Хайрат,Hayrat,ҲАЙРАТ,ХАЙРАТ,HAYRAT,True,"Қарори Ҳукумати Ҷумҳурии Тоҷикистон аз 26 феврали соли 2026, №98",False,,,Тоҷикӣ / Форсӣ,,
tj_m_hakim_1730,1730,male,Мужской,Писарона,Ҳ,Ҳаким,Хаким,Hakim,ҲАКИМ,ХАКИМ,HAKIM,True,"Қарори Ҳукумати Ҷумҳурии Тоҷикистон аз 26 феврали соли 2026, №98",False,,,Тоҷикӣ / Форсӣ,,
tj_m_haqdod_1731,1731,male,Мужской,Писарона,Ҳ,Ҳақдод,Хакдод,Haqdod,ҲАҚДОД,ХАКДОД,HAQDOD,True,"Қарори Ҳукумати Ҷумҳурии Тоҷикистон аз 26 феврали соли 2026, №98",False,,,Тоҷикӣ / Форсӣ,,
tj_m_haqdust_1732,1732,male,Мужской,Писарона,Ҳ,Ҳақдӯст,Хакдуст,Haqdust,ҲАҚДӮСТ,ХАКДУСТ,HAQDUST,True,"Қарори Ҳукумати Ҷумҳурии Тоҷикистон аз 26 феврали соли 2026, №98",False,,,Тоҷикӣ / Форсӣ,,
tj_m_haqnazar_1733,1733,male,Мужской,Писарона,Ҳ,Ҳақназар,Хакназар,Haqnazar,ҲАҚНАЗАР,ХАКНАЗАР,HAQNAZAR,True,"Қарори Ҳукумати Ҷумҳурии Тоҷикистон аз 26 феврали соли 2026, №98",False,,,Тоҷикӣ / Форсӣ,,
tj_m_haqrizo_1734,1734,male,Мужской,Писарона,Ҳ,Ҳақризо,Хакризо,Haqrizo,ҲАҚРИЗО,ХАКРИЗО,HAQRIZO,True,"Қарори Ҳукумати Ҷумҳурии Тоҷикистон аз 26 феврали соли 2026, №98",False,,,Тоҷикӣ / Форсӣ,,
tj_m_haqshinos_1735,1735,male,Мужской,Писарона,Ҳ,Ҳақшинос,Хакшинос,Haqshinos,ҲАҚШИНОС,ХАКШИНОС,HAQSHINOS,True,"Қарори Ҳукумати Ҷумҳурии Тоҷикистон аз 26 феврали соли 2026, №98",False,,,Тоҷикӣ / Форсӣ,,
tj_m_halim_1736,1736,male,Мужской,Писарона,Ҳ,Ҳалим,Халим,Halim,ҲАЛИМ,ХАЛИМ,HALIM,True,"Қарори Ҳукумати Ҷумҳурии Тоҷикистон аз 26 феврали соли 2026, №98",False,,,Тоҷикӣ / Форсӣ,,
tj_m_hamandesh_1737,1737,male,Мужской,Писарона,Ҳ,Ҳамандеш,Хамандеш,Hamandesh,ҲАМАНДЕШ,ХАМАНДЕШ,HAMANDESH,True,"Қарори Ҳукумати Ҷумҳурии Тоҷикистон аз 26 феврали соли 2026, №98",False,,,Тоҷикӣ / Форсӣ,,
tj_m_hamdam_1738,1738,male,Мужской,Писарона,Ҳ,Ҳамдам,Хамдам,Hamdam,ҲАМДАМ,ХАМДАМ,HAMDAM,True,"Қарори Ҳукумати Ҷумҳурии Тоҷикистон аз 26 феврали соли 2026, №98",False,,,Тоҷикӣ / Форсӣ,,
tj_m_hamdil_1739,1739,male,Мужской,Писарона,Ҳ,Ҳамдил,Хамдил,Hamdil,ҲАМДИЛ,ХАМДИЛ,HAMDIL,True,"Қарори Ҳукумати Ҷумҳурии Тоҷикистон аз 26 феврали соли 2026, №98",False,,,Тоҷикӣ / Форсӣ,,
tj_m_hamza_1740,1740,male,Мужской,Писарона,Ҳ,Ҳамза,Хамза,Hamza,ҲАМЗА,ХАМЗА,HAMZA,True,"Қарори Ҳукумати Ҷумҳурии Тоҷикистон аз 26 феврали соли 2026, №98",True,hamza,"Лев, стойкий, сильный",Арабское,сильный; храбрый; защитник; верующий,"Дядя Пророка Мухаммада, «лев Аллаха и лев Его Посланника». Один из величайших шахидов ислама."
tj_m_hamid_1741,1741,male,Мужской,Писарона,Ҳ,Ҳамид,Хамид,Hamid,ҲАМИД,ХАМИД,HAMID,True,"Қарори Ҳукумати Ҷумҳурии Тоҷикистон аз 26 феврали соли 2026, №98",True,haamid,"Восхваляющий Аллаха, воздающий Ему хвалу. Корень حَمِدَ (хамида) — хвалить, восхвалять. حَامِد — «тот, кто неустанно воздаёт хвалу Господу»",Арабское,благодарный; восхваляющий; набожный; признательный; богобоязненный,Арабское حَامِد (хамид) — «восхваляющий». «Аль-Хамд» (Хвала) — открывает Коран: «الْحَمْدُ لِلَّهِ رَبِّ الْعَالَمِينَ» (1:2). Аль-Хамид — одно из 99 прекрасных имён Аллаха: «إِنَّهُ حَمِيدٌ مَّجِيدٌ» (11:73). Имя Мухаммад происходит от того же корня — «хвалимый». В хадисе: «Алхамдулиллях — она заполняет весы (мизан)» (Муслим). Хамид ад-Дин аль-Кирмани — великий исмаилитский философ X–XI вв. Имя носил Хамид ибн Абд ар-Рахман — внук Омара ибн аль-Хаттаба ﷓.
tj_m_hamovar_1742,1742,male,Мужской,Писарона,Ҳ,Ҳамовар,Хамовар,Hamovar,ҲАМОВАР,ХАМОВАР,HAMOVAR,True,"Қарори Ҳукумати Ҷумҳурии Тоҷикистон аз 26 феврали соли 2026, №98",False,,,Тоҷикӣ / Форсӣ,,
tj_m_hamroz_1743,1743,male,Мужской,Писарона,Ҳ,Ҳамроз,Хамроз,Hamroz,ҲАМРОЗ,ХАМРОЗ,HAMROZ,True,"Қарори Ҳукумати Ҷумҳурии Тоҷикистон аз 26 феврали соли 2026, №98",False,,,Тоҷикӣ / Форсӣ,,
tj_m_hamroh_1744,1744,male,Мужской,Писарона,Ҳ,Ҳамроҳ,Хамрох,Hamroh,ҲАМРОҲ,ХАМРОХ,HAMROH,True,"Қарори Ҳукумати Ҷумҳурии Тоҷикистон аз 26 феврали соли 2026, №98",False,,,Тоҷикӣ / Форсӣ,,
tj_m_hasan_1745,1745,male,Мужской,Писарона,Ҳ,Ҳасан,Хасан,Hasan,ҲАСАН,ХАСАН,HASAN,True,"Қарори Ҳукумати Ҷумҳурии Тоҷикистон аз 26 феврали соли 2026, №98",True,hassan,"Красивый, хороший, благой",Арабское,красивый; добрый; щедрый; мудрый,"Внук Пророка Мухаммада, сын Али и Фатимы. Пророк сам дал ему это имя. Известен щедростью и миролюбием."
tj_m_hafiz_1746,1746,male,Мужской,Писарона,Ҳ,Ҳафиз,Хафиз,Hafiz,ҲАФИЗ,ХАФИЗ,HAFIZ,True,"Қарори Ҳукумати Ҷумҳурии Тоҷикистон аз 26 феврали соли 2026, №98",True,hafiz,"Хранитель, хафиз Корана (выучивший Коран наизусть)",Арабское,надёжный; хранящий; образованный; богобоязненный; усердный,"Аль-Хафиз (الحَافِظ) — одно из прекрасных имён Аллаха («Хранитель»), а также почётное звание мусульманина, выучившего весь Коран наизусть. В Коране (11:57): «Мой Господь — Хранитель всякой вещи». Хафиз из Шираза (1315–1390) — величайший персидский лирический поэт; его «Диван» до сих пор используется для гадания в иранской культуре. Звание «хафиз аль-хадис» в средневековой исламской науке означало знание более 100 000 хадисов с цепочками передатчиков."
tj_m_hakhomanish_1747,1747,male,Мужской,Писарона,Ҳ,Ҳахоманиш,Хахоманиш,Hakhomanish,ҲАХОМАНИШ,ХАХОМАНИШ,HAKHOMANISH,True,"Қарори Ҳукумати Ҷумҳурии Тоҷикистон аз 26 феврали соли 2026, №98",False,,,Тоҷикӣ / Форсӣ,,
tj_m_hikmat_1748,1748,male,Мужской,Писарона,Ҳ,Ҳикмат,Хикмат,Hikmat,ҲИКМАТ,ХИКМАТ,HIKMAT,True,"Қарори Ҳукумати Ҷумҳурии Тоҷикистон аз 26 феврали соли 2026, №98",False,,,Тоҷикӣ / Форсӣ,,
tj_m_hikmatullo_1749,1749,male,Мужской,Писарона,Ҳ,Ҳикматулло,Хикматулло,Hikmatullo,ҲИКМАТУЛЛО,ХИКМАТУЛЛО,HIKMATULLO,True,"Қарори Ҳукумати Ҷумҳурии Тоҷикистон аз 26 феврали соли 2026, №98",False,,,Тоҷикӣ / Форсӣ,,
tj_m_himmat_1750,1750,male,Мужской,Писарона,Ҳ,Ҳиммат,Химмат,Himmat,ҲИММАТ,ХИММАТ,HIMMAT,True,"Қарори Ҳукумати Ҷумҳурии Тоҷикистон аз 26 феврали соли 2026, №98",False,,,Тоҷикӣ / Форсӣ,,
tj_m_hodi_1751,1751,male,Мужской,Писарона,Ҳ,Ҳодӣ,Ходи,Hodi,ҲОДӢ,ХОДИ,HODI,True,"Қарори Ҳукумати Ҷумҳурии Тоҷикистон аз 26 феврали соли 2026, №98",True,hadi,"Направляющий, путеводитель, ведущий по верному пути",Арабское,наставляющий; духовный; добрый; лидер; мудрый,"От арабского هَدَى (хада) — «направлять на верный путь». الهَادِي (аль-хади) — «Ведущий по прямому пути» — одно из прекрасных имён Аллаха. Понятие «хидая» (наставление на прямой путь) является одним из центральных в исламе: сура Аль-Фатиха, читаемая в каждой молитве, содержит просьбу «Веди нас прямым путём» (اهْدِنَا الصِّرَاطَ الْمُسْتَقِيمَ). В шиитской традиции Хади — почётный титул десятого имама Али аль-Хади."
tj_m_hoziq_1752,1752,male,Мужской,Писарона,Ҳ,Ҳозиқ,Хозик,Hoziq,ҲОЗИҚ,ХОЗИК,HOZIQ,True,"Қарори Ҳукумати Ҷумҳурии Тоҷикистон аз 26 феврали соли 2026, №98",False,,,Тоҷикӣ / Форсӣ,,
tj_m_hokim_1753,1753,male,Мужской,Писарона,Ҳ,Ҳоким,Хоким,Hokim,ҲОКИМ,ХОКИМ,HOKIM,True,"Қарори Ҳукумати Ҷумҳурии Тоҷикистон аз 26 феврали соли 2026, №98",False,,,Тоҷикӣ / Форсӣ,,
tj_m_homid_1754,1754,male,Мужской,Писарона,Ҳ,Ҳомид,Хомид,Homid,ҲОМИД,ХОМИД,HOMID,True,"Қарори Ҳукумати Ҷумҳурии Тоҷикистон аз 26 феврали соли 2026, №98",True,haamid,"Восхваляющий Аллаха, воздающий Ему хвалу. Корень حَمِدَ (хамида) — хвалить, восхвалять. حَامِد — «тот, кто неустанно воздаёт хвалу Господу»",Арабское,благодарный; восхваляющий; набожный; признательный; богобоязненный,Арабское حَامِد (хамид) — «восхваляющий». «Аль-Хамд» (Хвала) — открывает Коран: «الْحَمْدُ لِلَّهِ رَبِّ الْعَالَمِينَ» (1:2). Аль-Хамид — одно из 99 прекрасных имён Аллаха: «إِنَّهُ حَمِيدٌ مَّجِيدٌ» (11:73). Имя Мухаммад происходит от того же корня — «хвалимый». В хадисе: «Алхамдулиллях — она заполняет весы (мизан)» (Муслим). Хамид ад-Дин аль-Кирмани — великий исмаилитский философ X–XI вв. Имя носил Хамид ибн Абд ар-Рахман — внук Омара ибн аль-Хаттаба ﷓.
tj_m_homi_1755,1755,male,Мужской,Писарона,Ҳ,Ҳомӣ,Хоми,Homi,ҲОМӢ,ХОМИ,HOMI,True,"Қарори Ҳукумати Ҷумҳурии Тоҷикистон аз 26 феврали соли 2026, №98",False,,,Тоҷикӣ / Форсӣ,,
tj_m_hotam_1756,1756,male,Мужской,Писарона,Ҳ,Ҳотам,Хотам,Hotam,ҲОТАМ,ХОТАМ,HOTAM,True,"Қарори Ҳукумати Ҷумҳурии Тоҷикистон аз 26 феврали соли 2026, №98",False,,,Тоҷикӣ / Форсӣ,,
tj_m_hofiz_1757,1757,male,Мужской,Писарона,Ҳ,Ҳофиз,Хофиз,Hofiz,ҲОФИЗ,ХОФИЗ,HOFIZ,True,"Қарори Ҳукумати Ҷумҳурии Тоҷикистон аз 26 феврали соли 2026, №98",True,hafiz,"Хранитель, хафиз Корана (выучивший Коран наизусть)",Арабское,надёжный; хранящий; образованный; богобоязненный; усердный,"Аль-Хафиз (الحَافِظ) — одно из прекрасных имён Аллаха («Хранитель»), а также почётное звание мусульманина, выучившего весь Коран наизусть. В Коране (11:57): «Мой Господь — Хранитель всякой вещи». Хафиз из Шираза (1315–1390) — величайший персидский лирический поэт; его «Диван» до сих пор используется для гадания в иранской культуре. Звание «хафиз аль-хадис» в средневековой исламской науке означало знание более 100 000 хадисов с цепочками передатчиков."
tj_m_hoshim_1758,1758,male,Мужской,Писарона,Ҳ,Ҳошим,Хошим,Hoshim,ҲОШИМ,ХОШИМ,HOSHIM,True,"Қарори Ҳукумати Ҷумҳурии Тоҷикистон аз 26 феврали соли 2026, №98",True,hashim,"Дробящий хлеб (для бедных), щедрый кормилец",Арабское,щедрый; благородный; заботливый; уважаемый; почётный,"От арабского هَشَمَ (хашама) — «дробить, крошить хлеб». Хашим ибн Абд Манаф (ок. 464–497) — прадед Пророка Мухаммада, прославленный своей щедростью: он дробил хлеб в суп (хариса) и кормил паломников в Мекке во время засухи. От него происходит клан Бану Хашим — самый почётный в арабской традиции. Хашимиты — правящая династия современной Иордании — возводят своё происхождение к этому предку."
tj_m_huvaydo_1759,1759,male,Мужской,Писарона,Ҳ,Ҳувайдо,Хувайдо,Huvaydo,ҲУВАЙДО,ХУВАЙДО,HUVAYDO,True,"Қарори Ҳукумати Ҷумҳурии Тоҷикистон аз 26 феврали соли 2026, №98",True,huwayda,"Явная, очевидная, проявляющаяся",Арабское,откровенная; ясная; видимая; честная; прямая,"Арабское هُوَيْدَا (хувайда) — «ясная, очевидная (персидское هویدا)» — из персидского «хавийда» (явный). Хувайда (1942–2018) — ливанская певица, одна из величайших голосов арабской эстрады. В персидской поэзии «хувайда» — образ явной истины: «Прямодушный, как хувайда». Имя несёт образ прозрачной, открытой личности."
tj_m_huvir_1760,1760,male,Мужской,Писарона,Ҳ,Ҳувир,Хувир,Huvir,ҲУВИР,ХУВИР,HUVIR,True,"Қарори Ҳукумати Ҷумҳурии Тоҷикистон аз 26 феврали соли 2026, №98",False,,,Тоҷикӣ / Форсӣ,,
tj_m_huzhir_1761,1761,male,Мужской,Писарона,Ҳ,Ҳужир,Хужир,Huzhir,ҲУЖИР,ХУЖИР,HUZHIR,True,"Қарори Ҳукумати Ҷумҳурии Тоҷикистон аз 26 феврали соли 2026, №98",False,,,Тоҷикӣ / Форсӣ,,
tj_m_hukmiddin_1762,1762,male,Мужской,Писарона,Ҳ,Ҳукмиддин,Хукмиддин,Hukmiddin,ҲУКМИДДИН,ХУКМИДДИН,HUKMIDDIN,True,"Қарори Ҳукумати Ҷумҳурии Тоҷикистон аз 26 феврали соли 2026, №98",False,,,Тоҷикӣ / Форсӣ,,
tj_m_human_1763,1763,male,Мужской,Писарона,Ҳ,Ҳуман,Хуман,Human,ҲУМАН,ХУМАН,HUMAN,True,"Қарори Ҳукумати Ҷумҳурии Тоҷикистон аз 26 феврали соли 2026, №98",False,,,Тоҷикӣ / Форсӣ,,
tj_m_humehr_1764,1764,male,Мужской,Писарона,Ҳ,Ҳумеҳр,Хумехр,Humehr,ҲУМЕҲР,ХУМЕХР,HUMEHR,True,"Қарори Ҳукумати Ҷумҳурии Тоҷикистон аз 26 феврали соли 2026, №98",False,,,Тоҷикӣ / Форсӣ,,
tj_m_huymis_1765,1765,male,Мужской,Писарона,Ҳ,Ҳумис,Хумис,Huymis,ҲУМИС,ХУМИС,HUYMIS,True,"Қарори Ҳукумати Ҷумҳурии Тоҷикистон аз 26 феврали соли 2026, №98",False,,,Тоҷикӣ / Форсӣ,,
tj_m_humoy_1766,1766,male,Мужской,Писарона,Ҳ,Ҳумой,Хумой,Humoy,ҲУМОЙ,ХУМОЙ,HUMOY,True,"Қарори Ҳукумати Ҷумҳурии Тоҷикистон аз 26 феврали соли 2026, №98",False,,,Тоҷикӣ / Форсӣ,,
tj_m_humon_1767,1767,male,Мужской,Писарона,Ҳ,Ҳумон,Хумон,Humon,ҲУМОН,ХУМОН,HUMON,True,"Қарори Ҳукумати Ҷумҳурии Тоҷикистон аз 26 феврали соли 2026, №98",False,,,Тоҷикӣ / Форсӣ,,
tj_m_humoyun_1768,1768,male,Мужской,Писарона,Ҳ,Ҳумоюн,Хумоюн,Humoyun,ҲУМОЮН,ХУМОЮН,HUMOYUN,True,"Қарори Ҳукумати Ҷумҳурии Тоҷикистон аз 26 феврали соли 2026, №98",False,,,Тоҷикӣ / Форсӣ,,
tj_m_humoyuntoj_1769,1769,male,Мужской,Писарона,Ҳ,Ҳумоюнтоҷ,Хумоюнтодж,Humoyuntoj,ҲУМОЮНТОҶ,ХУМОЮНТОДЖ,HUMOYUNTOJ,True,"Қарори Ҳукумати Ҷумҳурии Тоҷикистон аз 26 феврали соли 2026, №98",False,,,Тоҷикӣ / Форсӣ,,
tj_m_humoyunfar_1770,1770,male,Мужской,Писарона,Ҳ,Ҳумоюнфар,Хумоюнфар,Humoyunfar,ҲУМОЮНФАР,ХУМОЮНФАР,HUMOYUNFAR,True,"Қарори Ҳукумати Ҷумҳурии Тоҷикистон аз 26 феврали соли 2026, №98",False,,,Тоҷикӣ / Форсӣ,,
tj_m_humoyunfol_1771,1771,male,Мужской,Писарона,Ҳ,Ҳумоюнфол,Хумоюнфол,Humoyunfol,ҲУМОЮНФОЛ,ХУМОЮНФОЛ,HUMOYUNFOL,True,"Қарори Ҳукумати Ҷумҳурии Тоҷикистон аз 26 феврали соли 2026, №98",False,,,Тоҷикӣ / Форсӣ,,
tj_m_hunarvar_1772,1772,male,Мужской,Писарона,Ҳ,Ҳунарвар,Хунарвар,Hunarvar,ҲУНАРВАР,ХУНАРВАР,HUNARVAR,True,"Қарори Ҳукумати Ҷумҳурии Тоҷикистон аз 26 феврали соли 2026, №98",False,,,Тоҷикӣ / Форсӣ,,
tj_m_hunom_1773,1773,male,Мужской,Писарона,Ҳ,Ҳуном,Хуном,Hunom,ҲУНОМ,ХУНОМ,HUNOM,True,"Қарори Ҳукумати Ҷумҳурии Тоҷикистон аз 26 феврали соли 2026, №98",False,,,Тоҷикӣ / Форсӣ,,
tj_m_hurdod_1774,1774,male,Мужской,Писарона,Ҳ,Ҳурдод,Хурдод,Hurdod,ҲУРДОД,ХУРДОД,HURDOD,True,"Қарори Ҳукумати Ҷумҳурии Тоҷикистон аз 26 феврали соли 2026, №98",False,,,Тоҷикӣ / Форсӣ,,
tj_m_hurmat_1775,1775,male,Мужской,Писарона,Ҳ,Ҳурмат,Хурмат,Hurmat,ҲУРМАТ,ХУРМАТ,HURMAT,True,"Қарори Ҳукумати Ҷумҳурии Тоҷикистон аз 26 феврали соли 2026, №98",False,,,Тоҷикӣ / Форсӣ,,
tj_m_hurmuzd_1776,1776,male,Мужской,Писарона,Ҳ,Ҳурмузд,Хурмузд,Hurmuzd,ҲУРМУЗД,ХУРМУЗД,HURMUZD,True,"Қарори Ҳукумати Ҷумҳурии Тоҷикистон аз 26 феврали соли 2026, №98",False,,,Тоҷикӣ / Форсӣ,,
tj_m_hurmuzyor_1777,1777,male,Мужской,Писарона,Ҳ,Ҳурмузёр,Хурмузёр,Hurmuzyor,ҲУРМУЗЁР,ХУРМУЗЁР,HURMUZYOR,True,"Қарори Ҳукумати Ҷумҳурии Тоҷикистон аз 26 феврали соли 2026, №98",False,,,Тоҷикӣ / Форсӣ,,
tj_m_hurrod_1778,1778,male,Мужской,Писарона,Ҳ,Ҳуррод,Хуррод,Hurrod,ҲУРРОД,ХУРРОД,HURROD,True,"Қарори Ҳукумати Ҷумҳурии Тоҷикистон аз 26 феврали соли 2026, №98",False,,,Тоҷикӣ / Форсӣ,,
tj_m_hurfar_1779,1779,male,Мужской,Писарона,Ҳ,Ҳурфар,Хурфар,Hurfar,ҲУРФАР,ХУРФАР,HURFAR,True,"Қарори Ҳукумати Ҷумҳурии Тоҷикистон аз 26 феврали соли 2026, №98",False,,,Тоҷикӣ / Форсӣ,,
tj_m_hurchehr_1780,1780,male,Мужской,Писарона,Ҳ,Ҳурчеҳр,Хурчехр,Hurchehr,ҲУРЧЕҲР,ХУРЧЕХР,HURCHEHR,True,"Қарори Ҳукумати Ҷумҳурии Тоҷикистон аз 26 феврали соли 2026, №98",False,,,Тоҷикӣ / Форсӣ,,
tj_m_hurshod_1781,1781,male,Мужской,Писарона,Ҳ,Ҳуршод,Хуршод,Hurshod,ҲУРШОД,ХУРШОД,HURSHOD,True,"Қарори Ҳукумати Ҷумҳурии Тоҷикистон аз 26 феврали соли 2026, №98",False,,,Тоҷикӣ / Форсӣ,,
tj_m_husayn_1782,1782,male,Мужской,Писарона,Ҳ,Ҳусайн,Хусайн,Husayn,ҲУСАЙН,ХУСАЙН,HUSAYN,True,"Қарори Ҳукумати Ҷумҳурии Тоҷикистон аз 26 феврали соли 2026, №98",True,husain,Красивый (уменьшительное от «хасан»),Арабское,храбрый; принципиальный; стойкий; мученик; возвышенный,"Уменьшительное от حَسَن (хасан): حُسَيْن (хусайн). Хусайн ибн Али (626–680) — младший внук Пророка; Пророк: «Хусайн — от меня, и я — от Хусайна». Погиб в трагедии Кербелы (10 мухаррама 61 г.х.) — отказался присягнуть Язиду и был убит. День Ашура (10 мухаррам) — траурный день у шиитов; многие сунниты также постятся в этот день по другой причине. Образец стойкости перед тиранией."
tj_m_huseyn_1783,1783,male,Мужской,Писарона,Ҳ,Ҳусейн,Хусейн,Huseyn,ҲУСЕЙН,ХУСЕЙН,HUSEYN,True,"Қарори Ҳукумати Ҷумҳурии Тоҷикистон аз 26 феврали соли 2026, №98",True,husayn,"Красивый, прекрасный (уменьш.)",Арабское,храбрый; справедливый; верующий; стойкий,"Второй внук Пророка, сын Али и Фатимы. Символ сопротивления несправедливости. Погиб в битве при Кербеле."
tj_m_husniddin_1784,1784,male,Мужской,Писарона,Ҳ,Ҳусниддин,Хусниддин,Husniddin,ҲУСНИДДИН,ХУСНИДДИН,HUSNIDDIN,True,"Қарори Ҳукумати Ҷумҳурии Тоҷикистон аз 26 феврали соли 2026, №98",False,,,Тоҷикӣ / Форсӣ,,
tj_m_hushang_1785,1785,male,Мужской,Писарона,Ҳ,Ҳушанг,Хушанг,Hushang,ҲУШАНГ,ХУШАНГ,HUSHANG,True,"Қарори Ҳукумати Ҷумҳурии Тоҷикистон аз 26 феврали соли 2026, №98",False,,,Тоҷикӣ / Форсӣ,,
tj_m_hushvar_1786,1786,male,Мужской,Писарона,Ҳ,Ҳушвар,Хушвар,Hushvar,ҲУШВАР,ХУШВАР,HUSHVAR,True,"Қарори Ҳукумати Ҷумҳурии Тоҷикистон аз 26 феврали соли 2026, №98",False,,,Тоҷикӣ / Форсӣ,,
tj_m_hushdod_1787,1787,male,Мужской,Писарона,Ҳ,Ҳушдод,Хушдод,Hushdod,ҲУШДОД,ХУШДОД,HUSHDOD,True,"Қарори Ҳукумати Ҷумҳурии Тоҷикистон аз 26 феврали соли 2026, №98",False,,,Тоҷикӣ / Форсӣ,,
tj_m_hushmand_1788,1788,male,Мужской,Писарона,Ҳ,Ҳушманд,Хушманд,Hushmand,ҲУШМАНД,ХУШМАНД,HUSHMAND,True,"Қарори Ҳукумати Ҷумҳурии Тоҷикистон аз 26 феврали соли 2026, №98",False,,,Тоҷикӣ / Форсӣ,,
tj_m_chamand_1789,1789,male,Мужской,Писарона,Ч,Чаманд,Чаманд,Chamand,ЧАМАНД,ЧАМАНД,CHAMAND,True,"Қарори Ҳукумати Ҷумҳурии Тоҷикистон аз 26 феврали соли 2026, №98",False,,,Тоҷикӣ / Форсӣ,,
tj_m_chambul_1790,1790,male,Мужской,Писарона,Ч,Чамбул,Чамбул,Chambul,ЧАМБУЛ,ЧАМБУЛ,CHAMBUL,True,"Қарори Ҳукумати Ҷумҳурии Тоҷикистон аз 26 феврали соли 2026, №98",False,,,Тоҷикӣ / Форсӣ,,
tj_m_chehrozar_1791,1791,male,Мужской,Писарона,Ч,Чеҳрозар,Чехрозар,Chehrozar,ЧЕҲРОЗАР,ЧЕХРОЗАР,CHEHROZAR,True,"Қарори Ҳукумати Ҷумҳурии Тоҷикистон аз 26 феврали соли 2026, №98",False,,,Тоҷикӣ / Форсӣ,,
tj_m_chehrafruz_1792,1792,male,Мужской,Писарона,Ч,Чеҳрафрӯз,Чехрафруз,Chehrafruz,ЧЕҲРАФРӮЗ,ЧЕХРАФРУЗ,CHEHRAFRUZ,True,"Қарори Ҳукумати Ҷумҳурии Тоҷикистон аз 26 феврали соли 2026, №98",False,,,Тоҷикӣ / Форсӣ,,
tj_m_chehron_1793,1793,male,Мужской,Писарона,Ч,Чеҳрон,Чехрон,Chehron,ЧЕҲРОН,ЧЕХРОН,CHEHRON,True,"Қарори Ҳукумати Ҷумҳурии Тоҷикистон аз 26 феврали соли 2026, №98",False,,,Тоҷикӣ / Форсӣ,,
tj_m_chehronzod_1794,1794,male,Мужской,Писарона,Ч,Чеҳронзод,Чехронзод,Chehronzod,ЧЕҲРОНЗОД,ЧЕХРОНЗОД,CHEHRONZOD,True,"Қарори Ҳукумати Ҷумҳурии Тоҷикистон аз 26 феврали соли 2026, №98",False,,,Тоҷикӣ / Форсӣ,,
tj_m_chehronshoh_1795,1795,male,Мужской,Писарона,Ч,Чеҳроншоҳ,Чехроншох,Chehronshoh,ЧЕҲРОНШОҲ,ЧЕХРОНШОХ,CHEHRONSHOH,True,"Қарори Ҳукумати Ҷумҳурии Тоҷикистон аз 26 феврали соли 2026, №98",False,,,Тоҷикӣ / Форсӣ,,
tj_m_chilla_1796,1796,male,Мужской,Писарона,Ч,Чилла,Чилла,Chilla,ЧИЛЛА,ЧИЛЛА,CHILLA,True,"Қарори Ҳукумати Ҷумҳурии Тоҷикистон аз 26 феврали соли 2026, №98",False,,,Тоҷикӣ / Форсӣ,,
tj_m_chilon_1797,1797,male,Мужской,Писарона,Ч,Чилон,Чилон,Chilon,ЧИЛОН,ЧИЛОН,CHILON,True,"Қарори Ҳукумати Ҷумҳурии Тоҷикистон аз 26 феврали соли 2026, №98",False,,,Тоҷикӣ / Форсӣ,,
tj_m_chiltan_1798,1798,male,Мужской,Писарона,Ч,Чилтан,Чилтан,Chiltan,ЧИЛТАН,ЧИЛТАН,CHILTAN,True,"Қарори Ҳукумати Ҷумҳурии Тоҷикистон аз 26 феврали соли 2026, №98",False,,,Тоҷикӣ / Форсӣ,,
tj_m_chiltanyor_1799,1799,male,Мужской,Писарона,Ч,Чилтанёр,Чилтанёр,Chiltanyor,ЧИЛТАНЁР,ЧИЛТАНЁР,CHILTANYOR,True,"Қарори Ҳукумати Ҷумҳурии Тоҷикистон аз 26 феврали соли 2026, №98",False,,,Тоҷикӣ / Форсӣ,,
tj_m_chobuk_1800,1800,male,Мужской,Писарона,Ч,Чобук,Чобук,Chobuk,ЧОБУК,ЧОБУК,CHOBUK,True,"Қарори Ҳукумати Ҷумҳурии Тоҷикистон аз 26 феврали соли 2026, №98",False,,,Тоҷикӣ / Форсӣ,,
tj_m_chobuksavor_1801,1801,male,Мужской,Писарона,Ч,Чобуксавор,Чобуксавор,Chobuksavor,ЧОБУКСАВОР,ЧОБУКСАВОР,CHOBUKSAVOR,True,"Қарори Ҳукумати Ҷумҳурии Тоҷикистон аз 26 феврали соли 2026, №98",False,,,Тоҷикӣ / Форсӣ,,
tj_m_cholok_1802,1802,male,Мужской,Писарона,Ч,Чолок,Чолок,Cholok,ЧОЛОК,ЧОЛОК,CHOLOK,True,"Қарори Ҳукумати Ҷумҳурии Тоҷикистон аз 26 феврали соли 2026, №98",False,,,Тоҷикӣ / Форсӣ,,
tj_m_choraandesh_1803,1803,male,Мужской,Писарона,Ч,Чораандеш,Чораандеш,Choraandesh,ЧОРААНДЕШ,ЧОРААНДЕШ,CHORAANDESH,True,"Қарори Ҳукумати Ҷумҳурии Тоҷикистон аз 26 феврали соли 2026, №98",False,,,Тоҷикӣ / Форсӣ,,
tj_m_chorasoz_1804,1804,male,Мужской,Писарона,Ч,Чорасоз,Чорасоз,Chorasoz,ЧОРАСОЗ,ЧОРАСОЗ,CHORASOZ,True,"Қарори Ҳукумати Ҷумҳурии Тоҷикистон аз 26 феврали соли 2026, №98",False,,,Тоҷикӣ / Форсӣ,,
tj_m_chorafzor_1805,1805,male,Мужской,Писарона,Ч,Чорафзор,Чорафзор,Chorafzor,ЧОРАФЗОР,ЧОРАФЗОР,CHORAFZOR,True,"Қарори Ҳукумати Ҷумҳурии Тоҷикистон аз 26 феврали соли 2026, №98",False,,,Тоҷикӣ / Форсӣ,,
tj_m_choryor_1806,1806,male,Мужской,Писарона,Ч,Чорёр,Чорёр,Choryor,ЧОРЁР,ЧОРЁР,CHORYOR,True,"Қарори Ҳукумати Ҷумҳурии Тоҷикистон аз 26 феврали соли 2026, №98",False,,,Тоҷикӣ / Форсӣ,,
tj_m_chusvar_1807,1807,male,Мужской,Писарона,Ч,Чусвар,Чусвар,Chusvar,ЧУСВАР,ЧУСВАР,CHUSVAR,True,"Қарори Ҳукумати Ҷумҳурии Тоҷикистон аз 26 феврали соли 2026, №98",False,,,Тоҷикӣ / Форсӣ,,
tj_m_chusvarz_1808,1808,male,Мужской,Писарона,Ч,Чусварз,Чусварз,Chusvarz,ЧУСВАРЗ,ЧУСВАРЗ,CHUSVARZ,True,"Қарори Ҳукумати Ҷумҳурии Тоҷикистон аз 26 феврали соли 2026, №98",False,,,Тоҷикӣ / Форсӣ,,
tj_m_chuston_1809,1809,male,Мужской,Писарона,Ч,Чустон,Чустон,Chuston,ЧУСТОН,ЧУСТОН,CHUSTON,True,"Қарори Ҳукумати Ҷумҳурии Тоҷикистон аз 26 феврали соли 2026, №98",False,,,Тоҷикӣ / Форсӣ,,
tj_m_chustyalon_1810,1810,male,Мужской,Писарона,Ч,Чустялон,Чустялон,Chustyalon,ЧУСТЯЛОН,ЧУСТЯЛОН,CHUSTYALON,True,"Қарори Ҳукумати Ҷумҳурии Тоҷикистон аз 26 феврали соли 2026, №98",False,,,Тоҷикӣ / Форсӣ,,
tj_m_jabbor_1811,1811,male,Мужской,Писарона,Ҷ,Ҷаббор,Джаббор,Jabbor,ҶАББОР,ДЖАББОР,JABBOR,True,"Қарори Ҳукумати Ҷумҳурии Тоҷикистон аз 26 феврали соли 2026, №98",True,jabbar,"Мощный, неудержимый (в отношении Аллаха); исправляющий сломанное",Арабское,мощный; сильный; непреклонный; восстанавливающий; величественный,"Арабское جَبَّار (джаббар) — «неудержимый, восстанавливающий сломанное» (от «джабара» — вправлять перелом). Аль-Джаббар — одно из прекрасных имён Аллаха (59:23). В Коране «джаббар» применительно к людям имеет отрицательный оттенок (тиран), но относительно Аллаха — полное суверенное могущество и исцеление. Карим Абдул-Джаббар (р. 1947) — легендарный американский баскетболист, принявший ислам в 1971 г. Имя используется только с «Абд» как составное — «Абдул-Джаббар»."
tj_m_javod_1812,1812,male,Мужской,Писарона,Ҷ,Ҷавод,Джавод,Javod,ҶАВОД,ДЖАВОД,JAVOD,True,"Қарори Ҳукумати Ҷумҳурии Тоҷикистон аз 26 феврали соли 2026, №98",True,jawad,"Щедрый, великодушный, благородно дарующий. Корень جَوَدَ (джавада) — быть щедрым, превосходить в щедрости. جَوَاد — «человек, щедрость которого не знает предела»",Арабское,щедрый; великодушный; благородный; дарующий; открытосердечный,"Арабское جَوَاد (джавад) — «щедрый, благородный». Аль-Джавад — эпитет Мухаммада ибн Али (аль-Тавки), девятого имама шиитов (810–835), известного своей исключительной щедростью. В исламской этике джуд (щедрость) — одна из высших добродетелей: «Аллах щедр (جَوَاد) и любит щедрых» (Бухари в «Аль-Адаб аль-муфрад»). Пророк ﷺ описывался как «самый щедрый из людей (أَجْوَدُ النَّاسِ)» — особенно в Рамадан (Бухари). В Коране (3:180) порицается скупость: الْبُخَلَاء."
tj_m_javonsher_1813,1813,male,Мужской,Писарона,Ҷ,Ҷавоншер,Джавоншер,Javonsher,ҶАВОНШЕР,ДЖАВОНШЕР,JAVONSHER,True,"Қарори Ҳукумати Ҷумҳурии Тоҷикистон аз 26 феврали соли 2026, №98",False,,,Тоҷикӣ / Форсӣ,,
tj_m_jayhun_1814,1814,male,Мужской,Писарона,Ҷ,Ҷайҳун,Джайхун,Jayhun,ҶАЙҲУН,ДЖАЙХУН,JAYHUN,True,"Қарори Ҳукумати Ҷумҳурии Тоҷикистон аз 26 феврали соли 2026, №98",False,,,Тоҷикӣ / Форсӣ,,
tj_m_jalil_1815,1815,male,Мужской,Писарона,Ҷ,Ҷалил,Джалил,Jalil,ҶАЛИЛ,ДЖАЛИЛ,JALIL,True,"Қарори Ҳукумати Ҷумҳурии Тоҷикистон аз 26 феврали соли 2026, №98",False,,,Тоҷикӣ / Форсӣ,,
tj_m_jalol_1816,1816,male,Мужской,Писарона,Ҷ,Ҷалол,Джалол,Jalol,ҶАЛОЛ,ДЖАЛОЛ,JALOL,True,"Қарори Ҳукумати Ҷумҳурии Тоҷикистон аз 26 феврали соли 2026, №98",True,jalal,"Величие, слава, величественность",Арабское,величественный; мудрый; верующий; справедливый; благородный,"От арабского جلال — «величие, слава». Аль-Джалал — одно из прекраснейших имён Аллаха, означающее «Тот, кто обладает абсолютным величием». Джалал ад-Дин Руми (1207–1273) — величайший суфийский поэт, чья «Маснави» (духовная поэма) признаётся «персидским Кораном». Его имя дословно: «Величие веры»."
tj_m_jaloliddin_1817,1817,male,Мужской,Писарона,Ҷ,Ҷалолиддин,Джалолиддин,Jaloliddin,ҶАЛОЛИДДИН,ДЖАЛОЛИДДИН,JALOLIDDIN,True,"Қарори Ҳукумати Ҷумҳурии Тоҷикистон аз 26 феврали соли 2026, №98",False,,,Тоҷикӣ / Форсӣ,,
tj_m_jamil_1818,1818,male,Мужской,Писарона,Ҷ,Ҷамил,Джамил,Jamil,ҶАМИЛ,ДЖАМИЛ,JAMIL,True,"Қарори Ҳукумати Ҷумҳурии Тоҷикистон аз 26 феврали соли 2026, №98",False,,,Тоҷикӣ / Форсӣ,,
tj_m_jamoliddin_1819,1819,male,Мужской,Писарона,Ҷ,Ҷамолиддин,Джамолиддин,Jamoliddin,ҶАМОЛИДДИН,ДЖАМОЛИДДИН,JAMOLIDDIN,True,"Қарори Ҳукумати Ҷумҳурии Тоҷикистон аз 26 феврали соли 2026, №98",False,,,Тоҷикӣ / Форсӣ,,
tj_m_jamrod_1820,1820,male,Мужской,Писарона,Ҷ,Ҷамрод,Джамрод,Jamrod,ҶАМРОД,ДЖАМРОД,JAMROD,True,"Қарори Ҳукумати Ҷумҳурии Тоҷикистон аз 26 феврали соли 2026, №98",False,,,Тоҷикӣ / Форсӣ,,
tj_m_jamshed_1821,1821,male,Мужской,Писарона,Ҷ,Ҷамшед,Джамшед,Jamshed,ҶАМШЕД,ДЖАМШЕД,JAMSHED,True,"Қарори Ҳукумати Ҷумҳурии Тоҷикистон аз 26 феврали соли 2026, №98",False,,,Тоҷикӣ / Форсӣ,,
tj_m_jasur_1822,1822,male,Мужской,Писарона,Ҷ,Ҷасур,Джасур,Jasur,ҶАСУР,ДЖАСУР,JASUR,True,"Қарори Ҳукумати Ҷумҳурии Тоҷикистон аз 26 феврали соли 2026, №98",True,jasur,"Смелый, отважный",Арабское,храбрый; сильный; целеустремлённый,"От арабского «джасур» — «смелый, отважный». Одно из любимых мужских имён в Узбекистане."
tj_m_jahon_1823,1823,male,Мужской,Писарона,Ҷ,Ҷаҳон,Джахон,Jahon,ҶАҲОН,ДЖАХОН,JAHON,True,"Қарори Ҳукумати Ҷумҳурии Тоҷикистон аз 26 феврали соли 2026, №98",False,,,Тоҷикӣ / Форсӣ,,
tj_m_jahonbin_1824,1824,male,Мужской,Писарона,Ҷ,Ҷаҳонбин,Джахонбин,Jahonbin,ҶАҲОНБИН,ДЖАХОНБИН,JAHONBIN,True,"Қарори Ҳукумати Ҷумҳурии Тоҷикистон аз 26 феврали соли 2026, №98",False,,,Тоҷикӣ / Форсӣ,,
tj_m_jahonvar_1825,1825,male,Мужской,Писарона,Ҷ,Ҷаҳонвар,Джахонвар,Jahonvar,ҶАҲОНВАР,ДЖАХОНВАР,JAHONVAR,True,"Қарори Ҳукумати Ҷумҳурии Тоҷикистон аз 26 феврали соли 2026, №98",False,,,Тоҷикӣ / Форсӣ,,
tj_m_jahongard_1826,1826,male,Мужской,Писарона,Ҷ,Ҷаҳонгард,Джахонгард,Jahongard,ҶАҲОНГАРД,ДЖАХОНГАРД,JAHONGARD,True,"Қарори Ҳукумати Ҷумҳурии Тоҷикистон аз 26 феврали соли 2026, №98",False,,,Тоҷикӣ / Форсӣ,,
tj_m_jahongir_1827,1827,male,Мужской,Писарона,Ҷ,Ҷаҳонгир,Джахонгир,Jahongir,ҶАҲОНГИР,ДЖАХОНГИР,JAHONGIR,True,"Қарори Ҳукумати Ҷумҳурии Тоҷикистон аз 26 феврали соли 2026, №98",False,,,Тоҷикӣ / Форсӣ,,
tj_m_jahonmehr_1828,1828,male,Мужской,Писарона,Ҷ,Ҷаҳонмеҳр,Джахонмехр,Jahonmehr,ҶАҲОНМЕҲР,ДЖАХОНМЕХР,JAHONMEHR,True,"Қарори Ҳукумати Ҷумҳурии Тоҷикистон аз 26 феврали соли 2026, №98",False,,,Тоҷикӣ / Форсӣ,,
tj_m_jahontob_1829,1829,male,Мужской,Писарона,Ҷ,Ҷаҳонтоб,Джахонтоб,Jahontob,ҶАҲОНТОБ,ДЖАХОНТОБ,JAHONTOB,True,"Қарори Ҳукумати Ҷумҳурии Тоҷикистон аз 26 феврали соли 2026, №98",False,,,Тоҷикӣ / Форсӣ,,
tj_m_jahontoj_1830,1830,male,Мужской,Писарона,Ҷ,Ҷаҳонтоҷ,Джахонтодж,Jahontoj,ҶАҲОНТОҶ,ДЖАХОНТОДЖ,JAHONTOJ,True,"Қарори Ҳукумати Ҷумҳурии Тоҷикистон аз 26 феврали соли 2026, №98",False,,,Тоҷикӣ / Форсӣ,,
tj_m_jahonfar_1831,1831,male,Мужской,Писарона,Ҷ,Ҷаҳонфар,Джахонфар,Jahonfar,ҶАҲОНФАР,ДЖАХОНФАР,JAHONFAR,True,"Қарори Ҳукумати Ҷумҳурии Тоҷикистон аз 26 феврали соли 2026, №98",False,,,Тоҷикӣ / Форсӣ,,
tj_m_jahonshed_1832,1832,male,Мужской,Писарона,Ҷ,Ҷаҳоншед,Джахоншед,Jahonshed,ҶАҲОНШЕД,ДЖАХОНШЕД,JAHONSHED,True,"Қарори Ҳукумати Ҷумҳурии Тоҷикистон аз 26 феврали соли 2026, №98",False,,,Тоҷикӣ / Форсӣ,,
tj_m_jahonsher_1833,1833,male,Мужской,Писарона,Ҷ,Ҷаҳоншер,Джахоншер,Jahonsher,ҶАҲОНШЕР,ДЖАХОНШЕР,JAHONSHER,True,"Қарори Ҳукумати Ҷумҳурии Тоҷикистон аз 26 феврали соли 2026, №98",False,,,Тоҷикӣ / Форсӣ,,
tj_m_jahonshod_1834,1834,male,Мужской,Писарона,Ҷ,Ҷаҳоншод,Джахоншод,Jahonshod,ҶАҲОНШОД,ДЖАХОНШОД,JAHONSHOD,True,"Қарори Ҳукумати Ҷумҳурии Тоҷикистон аз 26 феврали соли 2026, №98",False,,,Тоҷикӣ / Форсӣ,,
tj_m_jahonshoh_1835,1835,male,Мужской,Писарона,Ҷ,Ҷаҳоншоҳ,Джахоншох,Jahonshoh,ҶАҲОНШОҲ,ДЖАХОНШОХ,JAHONSHOH,True,"Қарори Ҳукумати Ҷумҳурии Тоҷикистон аз 26 феврали соли 2026, №98",False,,,Тоҷикӣ / Форсӣ,,
tj_m_jafar_1836,1836,male,Мужской,Писарона,Ҷ,Ҷаъфар,Джаъфар,Ja’far,ҶАЪФАР,ДЖАЪФАР,JA’FAR,True,"Қарори Ҳукумати Ҷумҳурии Тоҷикистон аз 26 феврали соли 2026, №98",True,jafar,"Ручей, маленькая река",Арабское,щедрый; смелый; благородный; добрый; лидер,"Арабское جَعْفَر (джафар) — «ручей, небольшая река». Джафар ибн Аби Талиб (581–629) — двоюродный брат Пророка и Али; возглавил хиджру в Эфиопию (615 г.) и своей речью о Корана растрогал христианского царя Негуса. Пророк дал ему прозвище «Таййар» (Летящий) и «Абу аль-Масакин» (Отец бедняков) за щедрость. Погиб в битве при Муте (629 г.). Джафар ас-Садик (702–765) — шестой шиитский имам, основатель джафаритского фикха и учитель Абу Ханифы."
tj_m_jiyon_1837,1837,male,Мужской,Писарона,Ҷ,Ҷиён,Джиён,Jiyon,ҶИЁН,ДЖИЁН,JIYON,True,"Қарори Ҳукумати Ҷумҳурии Тоҷикистон аз 26 феврали соли 2026, №98",False,,,Тоҷикӣ / Форсӣ,,
tj_m_jobir_1838,1838,male,Мужской,Писарона,Ҷ,Ҷобир,Джобир,Jobir,ҶОБИР,ДЖОБИР,JOBIR,True,"Қарори Ҳукумати Ҷумҳурии Тоҷикистон аз 26 феврали соли 2026, №98",True,jabir,"Утешитель, тот кто восстанавливает сломленное",Арабское,добрый; стойкий; верующий; милосердный; мудрый,"От арабского جابر — «утешитель, исправляющий переломы». Джабир ибн Абдуллах аль-Ансари — один из крупнейших передатчиков хадисов среди сподвижников. Его тёзка Джабир ибн Хайян (VIII–IX вв.) — отец арабской химии, заложивший основы экспериментальной науки; латинизированное имя Гебер стало эпонимом в средневековой европейской алхимии."
tj_m_jovid_1839,1839,male,Мужской,Писарона,Ҷ,Ҷовид,Джовид,Jovid,ҶОВИД,ДЖОВИД,JOVID,True,"Қарори Ҳукумати Ҷумҳурии Тоҷикистон аз 26 феврали соли 2026, №98",False,,,Тоҷикӣ / Форсӣ,,
tj_m_jovidon_1840,1840,male,Мужской,Писарона,Ҷ,Ҷовидон,Джовидон,Jovidon,ҶОВИДОН,ДЖОВИДОН,JOVIDON,True,"Қарори Ҳукумати Ҷумҳурии Тоҷикистон аз 26 феврали соли 2026, №98",False,,,Тоҷикӣ / Форсӣ,,
tj_m_jomi_1841,1841,male,Мужской,Писарона,Ҷ,Ҷomӣ,Джomи,Jomi,ҶOMӢ,ДЖOMИ,JOMI,True,"Қарори Ҳукумати Ҷумҳурии Тоҷикистон аз 26 феврали соли 2026, №98",False,,,Тоҷикӣ / Форсӣ,,
tj_m_jomosp_1842,1842,male,Мужской,Писарона,Ҷ,Ҷomосп,Джomосп,Jomosp,ҶOMОСП,ДЖOMОСП,JOMOSP,True,"Қарори Ҳукумати Ҷумҳурии Тоҷикистон аз 26 феврали соли 2026, №98",False,,,Тоҷикӣ / Форсӣ,,
tj_m_jonfido_1843,1843,male,Мужской,Писарона,Ҷ,Ҷонфидо,Джонфидо,Jonfido,ҶОНФИДО,ДЖОНФИДО,JONFIDO,True,"Қарори Ҳукумати Ҷумҳурии Тоҷикистон аз 26 феврали соли 2026, №98",False,,,Тоҷикӣ / Форсӣ,,
tj_m_jonfuruz_1844,1844,male,Мужской,Писарона,Ҷ,Ҷонфурӯз,Джонфуруз,Jonfuruz,ҶОНФУРӮЗ,ДЖОНФУРУЗ,JONFURUZ,True,"Қарори Ҳукумати Ҷумҳурии Тоҷикистон аз 26 феврали соли 2026, №98",False,,,Тоҷикӣ / Форсӣ,,
tj_m_juvonsher_1845,1845,male,Мужской,Писарона,Ҷ,Ҷувоншер,Джувоншер,Juvonsher,ҶУВОНШЕР,ДЖУВОНШЕР,JUVONSHER,True,"Қарори Ҳукумати Ҷумҳурии Тоҷикистон аз 26 феврали соли 2026, №98",False,,,Тоҷикӣ / Форсӣ,,
tj_m_junayd_1846,1846,male,Мужской,Писарона,Ҷ,Ҷунайд,Джунайд,Junayd,ҶУНАЙД,ДЖУНАЙД,JUNAYD,True,"Қарори Ҳукумати Ҷумҳурии Тоҷикистон аз 26 феврали соли 2026, №98",True,junayd,"Маленький воин, небольшой отряд",Арабское,духовный; мудрый; сдержанный; просветлённый; глубокий,"Арабское جُنَيْد (джунайд) — уменьшительное от «джунд» (войско): «маленький воин». Аль-Джунайд аль-Багдади (830–910) — «господин суфиев» (сайид ат-таифа), основоположник «трезвой» суфийской школы Багдада. Его концепция «таухид» (единобожие) в суфийском смысле — полное растворение «я» в Боге без утраты сознания — противопоставлялась «опьянённой» школе. Имам аль-Газали, Ибн Аль-Аджиба и другие великие мастера называли Джунайда «имамом». Джунайд Джамшид (1964–2016) — пакистанский певец и учёный."
tj_m_junaydullo_1847,1847,male,Мужской,Писарона,Ҷ,Ҷунайдулло,Джунайдулло,Junaydullo,ҶУНАЙДУЛЛО,ДЖУНАЙДУЛЛО,JUNAYDULLO,True,"Қарори Ҳукумати Ҷумҳурии Тоҷикистон аз 26 феврали соли 2026, №98",False,,,Тоҷикӣ / Форсӣ,,
tj_m_jura_1848,1848,male,Мужской,Писарона,Ҷ,Ҷура,Джура,Jura,ҶУРА,ДЖУРА,JURA,True,"Қарори Ҳукумати Ҷумҳурии Тоҷикистон аз 26 феврали соли 2026, №98",False,,,Тоҷикӣ / Форсӣ,,
tj_m_shabir_1849,1849,male,Мужской,Писарона,Ш,Шабир,Шабир,Shabir,ШАБИР,ШАБИР,SHABIR,True,"Қарори Ҳукумати Ҷумҳурии Тоҷикистон аз 26 феврали соли 2026, №98",False,,,Тоҷикӣ / Форсӣ,,
tj_m_shavkat_1850,1850,male,Мужской,Писарона,Ш,Шавкат,Шавкат,Shavkat,ШАВКАТ,ШАВКАТ,SHAVKAT,True,"Қарори Ҳукумати Ҷумҳурии Тоҷикистон аз 26 феврали соли 2026, №98",False,,,Тоҷикӣ / Форсӣ,,
tj_m_shaydo_1851,1851,male,Мужской,Писарона,Ш,Шайдо,Шайдо,Shaydo,ШАЙДО,ШАЙДО,SHAYDO,True,"Қарори Ҳукумати Ҷумҳурии Тоҷикистон аз 26 феврали соли 2026, №98",False,,,Тоҷикӣ / Форсӣ,,
tj_m_shakib_1852,1852,male,Мужской,Писарона,Ш,Шакиб,Шакиб,Shakib,ШАКИБ,ШАКИБ,SHAKIB,True,"Қарори Ҳукумати Ҷумҳурии Тоҷикистон аз 26 феврали соли 2026, №98",False,,,Тоҷикӣ / Форсӣ,,
tj_m_shakur_1853,1853,male,Мужской,Писарона,Ш,Шакур,Шакур,Shakur,ШАКУР,ШАКУР,SHAKUR,True,"Қарори Ҳукумати Ҷумҳурии Тоҷикистон аз 26 феврали соли 2026, №98",False,,,Тоҷикӣ / Форсӣ,,
tj_m_shams_1854,1854,male,Мужской,Писарона,Ш,Шамс,Шамс,Shams,ШАМС,ШАМС,SHAMS,True,"Қарори Ҳукумати Ҷумҳурии Тоҷикистон аз 26 феврали соли 2026, №98",True,shams,Солнце,Арабское,яркая; сияющая; тёплая; жизнеутверждающая; лучезарная,"Арабское شَمْس (шамс) — «солнце». Сура Аш-Шамс (91) открывается клятвой Аллаха: «Клянусь солнцем и его утренним сиянием» (وَالشَّمْسِ وَضُحَاهَا). Солнце в исламской культуре — знамение Аллаха, символ света, тепла и жизни. Сулейман аль-Хаким (Соломон) использовал солнце как образ в коранической истории о царице Савской. Шамс ад-Дин Тебризи — духовный наставник и «солнце» Руми, по имени которого поэт назвал знаменитый «Диван Шамс»."
tj_m_shamsiddin_1855,1855,male,Мужской,Писарона,Ш,Шамсиддин,Шамсиддин,Shamsiddin,ШАМСИДДИН,ШАМСИДДИН,SHAMSIDDIN,True,"Қарори Ҳукумати Ҷумҳурии Тоҷикистон аз 26 феврали соли 2026, №98",False,,,Тоҷикӣ / Форсӣ,,
tj_m_shamsullo_1856,1856,male,Мужской,Писарона,Ш,Шамсулло,Шамсулло,Shamsullo,ШАМСУЛЛО,ШАМСУЛЛО,SHAMSULLO,True,"Қарори Ҳукумати Ҷумҳурии Тоҷикистон аз 26 феврали соли 2026, №98",False,,,Тоҷикӣ / Форсӣ,,
tj_m_shamsher_1857,1857,male,Мужской,Писарона,Ш,Шамшер,Шамшер,Shamsher,ШАМШЕР,ШАМШЕР,SHAMSHER,True,"Қарори Ҳукумати Ҷумҳурии Тоҷикистон аз 26 феврали соли 2026, №98",False,,,Тоҷикӣ / Форсӣ,,
tj_m_shamshod_1858,1858,male,Мужской,Писарона,Ш,Шамшод,Шамшод,Shamshod,ШАМШОД,ШАМШОД,SHAMSHOD,True,"Қарори Ҳукумати Ҷумҳурии Тоҷикистон аз 26 феврали соли 2026, №98",False,,,Тоҷикӣ / Форсӣ,,
tj_m_shahrvon_1859,1859,male,Мужской,Писарона,Ш,Шаҳрвон,Шахрвон,Shahrvon,ШАҲРВОН,ШАХРВОН,SHAHRVON,True,"Қарори Ҳукумати Ҷумҳурии Тоҷикистон аз 26 феврали соли 2026, №98",False,,,Тоҷикӣ / Форсӣ,,
tj_m_shahrod_1860,1860,male,Мужской,Писарона,Ш,Шаҳрод,Шахрод,Shahrod,ШАҲРОД,ШАХРОД,SHAHROD,True,"Қарори Ҳукумати Ҷумҳурии Тоҷикистон аз 26 феврали соли 2026, №98",False,,,Тоҷикӣ / Форсӣ,,
tj_m_shahron_1861,1861,male,Мужской,Писарона,Ш,Шаҳрон,Шахрон,Shahron,ШАҲРОН,ШАХРОН,SHAHRON,True,"Қарори Ҳукумати Ҷумҳурии Тоҷикистон аз 26 феврали соли 2026, №98",False,,,Тоҷикӣ / Форсӣ,,
tj_m_sharaf_1862,1862,male,Мужской,Писарона,Ш,Шараф,Шараф,Sharaf,ШАРАФ,ШАРАФ,SHARAF,True,"Қарори Ҳукумати Ҷумҳурии Тоҷикистон аз 26 феврали соли 2026, №98",True,sharaf,"Честь, достоинство, благородство",Арабское,благородный; достойный; уважаемый; честный; гордый,"Арабское شَرَف (шараф) — «честь, достоинство, благородство». В исламской этике честь ("
tj_m_sharafyor_1863,1863,male,Мужской,Писарона,Ш,Шарафёр,Шарафёр,Sharafyor,ШАРАФЁР,ШАРАФЁР,SHARAFYOR,True,"Қарори Ҳукумати Ҷумҳурии Тоҷикистон аз 26 феврали соли 2026, №98",False,,,Тоҷикӣ / Форсӣ,,
tj_m_sharafiddin_1864,1864,male,Мужской,Писарона,Ш,Шарафиддин,Шарафиддин,Sharafiddin,ШАРАФИДДИН,ШАРАФИДДИН,SHARAFIDDIN,True,"Қарори Ҳукумати Ҷумҳурии Тоҷикистон аз 26 феврали соли 2026, №98",False,,,Тоҷикӣ / Форсӣ,,
tj_m_sharif_1865,1865,male,Мужской,Писарона,Ш,Шариф,Шариф,Sharif,ШАРИФ,ШАРИФ,SHARIF,True,"Қарори Ҳукумати Ҷумҳурии Тоҷикистон аз 26 феврали соли 2026, №98",True,sharif,"Благородный, честный, потомок Пророка",Арабское,благородный; честный; уважаемый; достойный; возвышенный,"От شَرُفَ (шарофа) — «быть благородным, возвышенным». شَرِيف (шариф) — «благородный», также почётный титул потомков Пророка Мухаммада через Хасана (в отличие от «сайидов» — через Хусайна). Хашимитские шарифы Мекки правили Хиджазом вплоть до 1925 года. Омар Шариф (1932–2015) — египетский актёр мирового уровня, сыгравший роли в «Докторе Живаго» и «Лоуренсе Аравийском»."
tj_m_sharof_1866,1866,male,Мужской,Писарона,Ш,Шароф,Шароф,Sharof,ШАРОФ,ШАРОФ,SHAROF,True,"Қарори Ҳукумати Ҷумҳурии Тоҷикистон аз 26 феврали соли 2026, №98",True,sharaf,"Честь, достоинство, благородство",Арабское,благородный; достойный; уважаемый; честный; гордый,"Арабское شَرَف (шараф) — «честь, достоинство, благородство». В исламской этике честь ("
tj_m_shafiq_1867,1867,male,Мужской,Писарона,Ш,Шафиқ,Шафик,Shafiq,ШАФИҚ,ШАФИК,SHAFIQ,True,"Қарори Ҳукумати Ҷумҳурии Тоҷикистон аз 26 феврали соли 2026, №98",False,,,Тоҷикӣ / Форсӣ,,
tj_m_shafi_1868,1868,male,Мужской,Писарона,Ш,Шафӣ,Шафи,Shafi,ШАФӢ,ШАФИ,SHAFI,True,"Қарори Ҳукумати Ҷумҳурии Тоҷикистон аз 26 феврали соли 2026, №98",False,,,Тоҷикӣ / Форсӣ,,
tj_m_shafqat_1869,1869,male,Мужской,Писарона,Ш,Шафқат,Шафкат,Shafqat,ШАФҚАТ,ШАФКАТ,SHAFQAT,True,"Қарори Ҳукумати Ҷумҳурии Тоҷикистон аз 26 феврали соли 2026, №98",False,,,Тоҷикӣ / Форсӣ,,
tj_m_shahboz_1870,1870,male,Мужской,Писарона,Ш,Шаҳбоз,Шахбоз,Shahboz,ШАҲБОЗ,ШАХБОЗ,SHAHBOZ,True,"Қарори Ҳукумати Ҷумҳурии Тоҷикистон аз 26 феврали соли 2026, №98",False,,,Тоҷикӣ / Форсӣ,,
tj_m_shahbol_1871,1871,male,Мужской,Писарона,Ш,Шаҳбол,Шахбол,Shahbol,ШАҲБОЛ,ШАХБОЛ,SHAHBOL,True,"Қарори Ҳукумати Ҷумҳурии Тоҷикистон аз 26 феврали соли 2026, №98",False,,,Тоҷикӣ / Форсӣ,,
tj_m_shahdod_1872,1872,male,Мужской,Писарона,Ш,Шаҳдод,Шахдод,Shahdod,ШАҲДОД,ШАХДОД,SHAHDOD,True,"Қарори Ҳукумати Ҷумҳурии Тоҷикистон аз 26 феврали соли 2026, №98",False,,,Тоҷикӣ / Форсӣ,,
tj_m_shahdust_1873,1873,male,Мужской,Писарона,Ш,Шаҳдӯст,Шахдуст,Shahdust,ШАҲДӮСТ,ШАХДУСТ,SHAHDUST,True,"Қарори Ҳукумати Ҷумҳурии Тоҷикистон аз 26 феврали соли 2026, №98",False,,,Тоҷикӣ / Форсӣ,,
tj_m_shahyor_1874,1874,male,Мужской,Писарона,Ш,Шaҳёр,Шaхёр,Shahyor,ШAҲЁР,ШAХЁР,SHAHYOR,True,"Қарори Ҳукумати Ҷумҳурии Тоҷикистон аз 26 феврали соли 2026, №98",False,,,Тоҷикӣ / Форсӣ,,
tj_m_shahzod_1875,1875,male,Мужской,Писарона,Ш,Шаҳзод,Шахзод,Shahzod,ШАҲЗОД,ШАХЗОД,SHAHZOD,True,"Қарори Ҳукумати Ҷумҳурии Тоҷикистон аз 26 феврали соли 2026, №98",True,shahzad,"Сын шаха, принц",Персидское,благородный; царственный; красивый; умный; достойный,"Персидское شَاهْزَادَه (шахзаде) — «сын шаха, принц». В персидской культуре «шахзад» — знак королевского происхождения или высокого достоинства. В «Тысяче и одной ночи» Шахрияр и Шахземан — цари-шахзады. В исламской этике истинная «шахзадеги» (достоинство принца) — в нравственном величии, а не происхождении: «Самый благородный из вас — наиболее богобоязненный» (Коран 49:13). Имя широко распространено в Пакистане."
tj_m_shahin_1876,1876,male,Мужской,Писарона,Ш,Шаҳин,Шахин,Shahin,ШАҲИН,ШАХИН,SHAHIN,True,"Қарори Ҳукумати Ҷумҳурии Тоҷикистон аз 26 феврали соли 2026, №98",True,shaheen,"Белый сокол, царский сокол",Персидское,стремительный; гордый; независимый; острый; смелый,"Персидское شَاهِين (шахин) — «белый царский сокол, шахин-сокол». В поэзии Мухаммада Икбала (1877–1938) «шахин» — центральный символ: сокол, летящий высоко, не питающийся падалью, — образ свободного и гордого духа мусульманина. В «Банг-и-Дара» и «Джавид-Наме» Икбала шахин олицетворяет возрождение исламской умы. Символ гордой независимости и высокого духа."
tj_m_shahir_1877,1877,male,Мужской,Писарона,Ш,Шаҳир,Шахир,Shahir,ШАҲИР,ШАХИР,SHAHIR,True,"Қарори Ҳукумати Ҷумҳурии Тоҷикистон аз 26 феврали соли 2026, №98",False,,,Тоҷикӣ / Форсӣ,,
tj_m_shahmir_1878,1878,male,Мужской,Писарона,Ш,Шаҳмир,Шахмир,Shahmir,ШАҲМИР,ШАХМИР,SHAHMIR,True,"Қарори Ҳукумати Ҷумҳурии Тоҷикистон аз 26 феврали соли 2026, №98",False,,,Тоҷикӣ / Форсӣ,,
tj_m_shahnom_1879,1879,male,Мужской,Писарона,Ш,Шаҳном,Шахном,Shahnom,ШАҲНОМ,ШАХНОМ,SHAHNOM,True,"Қарори Ҳукумати Ҷумҳурии Тоҷикистон аз 26 феврали соли 2026, №98",False,,,Тоҷикӣ / Форсӣ,,
tj_m_shahob_1880,1880,male,Мужской,Писарона,Ш,Шаҳоб,Шахоб,Shahob,ШАҲОБ,ШАХОБ,SHAHOB,True,"Қарори Ҳукумати Ҷумҳурии Тоҷикистон аз 26 феврали соли 2026, №98",False,,,Тоҷикӣ / Форсӣ,,
tj_m_shahpur_1881,1881,male,Мужской,Писарона,Ш,Шаҳпур,Шахпур,Shahpur,ШАҲПУР,ШАХПУР,SHAHPUR,True,"Қарори Ҳукумати Ҷумҳурии Тоҷикистон аз 26 феврали соли 2026, №98",False,,,Тоҷикӣ / Форсӣ,,
tj_m_shahrgir_1882,1882,male,Мужской,Писарона,Ш,Шаҳргир,Шахргир,Shahrgir,ШАҲРГИР,ШАХРГИР,SHAHRGIR,True,"Қарори Ҳукумати Ҷумҳурии Тоҷикистон аз 26 феврали соли 2026, №98",False,,,Тоҷикӣ / Форсӣ,,
tj_m_shahrdod_1883,1883,male,Мужской,Писарона,Ш,Шаҳрдод,Шахрдод,Shahrdod,ШАҲРДОД,ШАХРДОД,SHAHRDOD,True,"Қарори Ҳукумати Ҷумҳурии Тоҷикистон аз 26 феврали соли 2026, №98",False,,,Тоҷикӣ / Форсӣ,,
tj_m_shahriyor_1884,1884,male,Мужской,Писарона,Ш,Шаҳриёр,Шахриёр,Shahriyor,ШАҲРИЁР,ШАХРИЁР,SHAHRIYOR,True,"Қарори Ҳукумати Ҷумҳурии Тоҷикистон аз 26 феврали соли 2026, №98",False,,,Тоҷикӣ / Форсӣ,,
tj_m_shahrivar_1885,1885,male,Мужской,Писарона,Ш,Шаҳривар,Шахривар,Shahrivar,ШАҲРИВАР,ШАХРИВАР,SHAHRIVAR,True,"Қарори Ҳукумати Ҷумҳурии Тоҷикистон аз 26 феврали соли 2026, №98",False,,,Тоҷикӣ / Форсӣ,,
tj_m_shahrob_1886,1886,male,Мужской,Писарона,Ш,Шаҳроб,Шахроб,Shahrob,ШАҲРОБ,ШАХРОБ,SHAHROB,True,"Қарори Ҳукумати Ҷумҳурии Тоҷикистон аз 26 феврали соли 2026, №98",False,,,Тоҷикӣ / Форсӣ,,
tj_m_shahroz_1887,1887,male,Мужской,Писарона,Ш,Шаҳроз,Шахроз,Shahroz,ШАҲРОЗ,ШАХРОЗ,SHAHROZ,True,"Қарори Ҳукумати Ҷумҳурии Тоҷикистон аз 26 феврали соли 2026, №98",False,,,Тоҷикӣ / Форсӣ,,
tj_m_shahrom_1888,1888,male,Мужской,Писарона,Ш,Шаҳром,Шахром,Shahrom,ШАҲРОМ,ШАХРОМ,SHAHROM,True,"Қарори Ҳукумати Ҷумҳурии Тоҷикистон аз 26 феврали соли 2026, №98",False,,,Тоҷикӣ / Форсӣ,,
tj_m_shahrukh_1889,1889,male,Мужской,Писарона,Ш,Шаҳрух,Шахрух,Shahrukh,ШАҲРУХ,ШАХРУХ,SHAHRUKH,True,"Қарори Ҳукумати Ҷумҳурии Тоҷикистон аз 26 феврали соли 2026, №98",False,,,Тоҷикӣ / Форсӣ,,
tj_m_shahruz_1890,1890,male,Мужской,Писарона,Ш,Шаҳрӯз,Шахруз,Shahruz,ШАҲРӮЗ,ШАХРУЗ,SHAHRUZ,True,"Қарори Ҳукумати Ҷумҳурии Тоҷикистон аз 26 феврали соли 2026, №98",False,,,Тоҷикӣ / Форсӣ,,
tj_m_shahruy_1891,1891,male,Мужской,Писарона,Ш,Шаҳрӯй,Шахруй,Shahruy,ШАҲРӮЙ,ШАХРУЙ,SHAHRUY,True,"Қарори Ҳукумати Ҷумҳурии Тоҷикистон аз 26 феврали соли 2026, №98",False,,,Тоҷикӣ / Форсӣ,,
tj_m_shahruya_1892,1892,male,Мужской,Писарона,Ш,Шаҳрӯя,Шахруя,Shahruya,ШАҲРӮЯ,ШАХРУЯ,SHAHRUYA,True,"Қарори Ҳукумати Ҷумҳурии Тоҷикистон аз 26 феврали соли 2026, №98",False,,,Тоҷикӣ / Форсӣ,,
tj_m_shahsavor_1893,1893,male,Мужской,Писарона,Ш,Шаҳсавор,Шахсавор,Shahsavor,ШАҲСАВОР,ШАХСАВОР,SHAHSAVOR,True,"Қарори Ҳукумати Ҷумҳурии Тоҷикистон аз 26 феврали соли 2026, №98",False,,,Тоҷикӣ / Форсӣ,,
tj_m_shahsiyom_1894,1894,male,Мужской,Писарона,Ш,Шаҳсиём,Шахсиём,Shahsiyom,ШАҲСИЁМ,ШАХСИЁМ,SHAHSIYOM,True,"Қарори Ҳукумати Ҷумҳурии Тоҷикистон аз 26 феврали соли 2026, №98",False,,,Тоҷикӣ / Форсӣ,,
tj_m_shedasp_1895,1895,male,Мужской,Писарона,Ш,Шедaсп,Шедaсп,Shedasp,ШЕДAСП,ШЕДAСП,SHEDASP,True,"Қарори Ҳукумати Ҷумҳурии Тоҷикистон аз 26 феврали соли 2026, №98",False,,,Тоҷикӣ / Форсӣ,,
tj_m_shedvash_1896,1896,male,Мужской,Писарона,Ш,Шедваш,Шедваш,Shedvash,ШЕДВАШ,ШЕДВАШ,SHEDVASH,True,"Қарори Ҳукумати Ҷумҳурии Тоҷикистон аз 26 феврали соли 2026, №98",False,,,Тоҷикӣ / Форсӣ,,
tj_m_shednob_1897,1897,male,Мужской,Писарона,Ш,Шедноб,Шедноб,Shednob,ШЕДНОБ,ШЕДНОБ,SHEDNOB,True,"Қарори Ҳукумати Ҷумҳурии Тоҷикистон аз 26 феврали соли 2026, №98",False,,,Тоҷикӣ / Форсӣ,,
tj_m_shedob_1898,1898,male,Мужской,Писарона,Ш,Шедоб,Шедоб,Shedob,ШЕДОБ,ШЕДОБ,SHEDOB,True,"Қарори Ҳукумати Ҷумҳурии Тоҷикистон аз 26 феврали соли 2026, №98",False,,,Тоҷикӣ / Форсӣ,,
tj_m_shedrang_1899,1899,male,Мужской,Писарона,Ш,Шедранг,Шедранг,Shedrang,ШЕДРАНГ,ШЕДРАНГ,SHEDRANG,True,"Қарори Ҳукумати Ҷумҳурии Тоҷикистон аз 26 феврали соли 2026, №98",False,,,Тоҷикӣ / Форсӣ,,
tj_m_shedrukh_1900,1900,male,Мужской,Писарона,Ш,Шедрух,Шедрух,Shedrukh,ШЕДРУХ,ШЕДРУХ,SHEDRUKH,True,"Қарори Ҳукумати Ҷумҳурии Тоҷикистон аз 26 феврали соли 2026, №98",False,,,Тоҷикӣ / Форсӣ,,
tj_m_shedfar_1901,1901,male,Мужской,Писарона,Ш,Шедфар,Шедфар,Shedfar,ШЕДФАР,ШЕДФАР,SHEDFAR,True,"Қарори Ҳукумати Ҷумҳурии Тоҷикистон аз 26 феврали соли 2026, №98",False,,,Тоҷикӣ / Форсӣ,,
tj_m_sher_1902,1902,male,Мужской,Писарона,Ш,Шер,Шер,Sher,ШЕР,ШЕР,SHER,True,"Қарори Ҳукумати Ҷумҳурии Тоҷикистон аз 26 феврали соли 2026, №98",False,,,Тоҷикӣ / Форсӣ,,
tj_m_sheravzhan_1903,1903,male,Мужской,Писарона,Ш,Шеравжан,Шеравжан,Sheravzhan,ШЕРАВЖАН,ШЕРАВЖАН,SHERAVZHAN,True,"Қарори Ҳукумати Ҷумҳурии Тоҷикистон аз 26 феврали соли 2026, №98",False,,,Тоҷикӣ / Форсӣ,,
tj_m_sherak_1904,1904,male,Мужской,Писарона,Ш,Шерак,Шерак,Sherak,ШЕРАК,ШЕРАК,SHERAK,True,"Қарори Ҳукумати Ҷумҳурии Тоҷикистон аз 26 феврали соли 2026, №98",False,,,Тоҷикӣ / Форсӣ,,
tj_m_sherali_1905,1905,male,Мужской,Писарона,Ш,Шералӣ,Шерали,Sherali,ШЕРАЛӢ,ШЕРАЛИ,SHERALI,True,"Қарори Ҳукумати Ҷумҳурии Тоҷикистон аз 26 феврали соли 2026, №98",False,,,Тоҷикӣ / Форсӣ,,
tj_m_sherafgan_1906,1906,male,Мужской,Писарона,Ш,Шерафган,Шерафган,Sherafgan,ШЕРАФГАН,ШЕРАФГАН,SHERAFGAN,True,"Қарори Ҳукумати Ҷумҳурии Тоҷикистон аз 26 феврали соли 2026, №98",False,,,Тоҷикӣ / Форсӣ,,
tj_m_sherafkan_1907,1907,male,Мужской,Писарона,Ш,Шерафкан,Шерафкан,Sherafkan,ШЕРАФКАН,ШЕРАФКАН,SHERAFKAN,True,"Қарори Ҳукумати Ҷумҳурии Тоҷикистон аз 26 феврали соли 2026, №98",False,,,Тоҷикӣ / Форсӣ,,
tj_m_sherakhtar_1908,1908,male,Мужской,Писарона,Ш,Шерахтар,Шерахтар,Sherakhtar,ШЕРАХТАР,ШЕРАХТАР,SHERAKHTAR,True,"Қарори Ҳукумати Ҷумҳурии Тоҷикистон аз 26 феврали соли 2026, №98",False,,,Тоҷикӣ / Форсӣ,,
tj_m_sherahmad_1909,1909,male,Мужской,Писарона,Ш,Шераҳмад,Шерахмад,Sherahmad,ШЕРАҲМАД,ШЕРАХМАД,SHERAHMAD,True,"Қарори Ҳукумати Ҷумҳурии Тоҷикистон аз 26 феврали соли 2026, №98",False,,,Тоҷикӣ / Форсӣ,,
tj_m_sherbozu_1910,1910,male,Мужской,Писарона,Ш,Шербозу,Шербозу,Sherbozu,ШЕРБОЗУ,ШЕРБОЗУ,SHERBOZU,True,"Қарори Ҳукумати Ҷумҳурии Тоҷикистон аз 26 феврали соли 2026, №98",False,,,Тоҷикӣ / Форсӣ,,
tj_m_shrbon_1911,1911,male,Мужской,Писарона,Ш,Шербон,Шербон,Shеrbon,ШЕРБОН,ШЕРБОН,SHЕRBON,True,"Қарори Ҳукумати Ҷумҳурии Тоҷикистон аз 26 феврали соли 2026, №98",False,,,Тоҷикӣ / Форсӣ,,
tj_m_shervash_1912,1912,male,Мужской,Писарона,Ш,Шерваш,Шерваш,Shervash,ШЕРВАШ,ШЕРВАШ,SHERVASH,True,"Қарори Ҳукумати Ҷумҳурии Тоҷикистон аз 26 феврали соли 2026, №98",False,,,Тоҷикӣ / Форсӣ,,
tj_m_shervin_1913,1913,male,Мужской,Писарона,Ш,Шервин,Шервин,Shervin,ШЕРВИН,ШЕРВИН,SHERVIN,True,"Қарори Ҳукумати Ҷумҳурии Тоҷикистон аз 26 феврали соли 2026, №98",False,,,Тоҷикӣ / Форсӣ,,
tj_m_shrvon_1914,1914,male,Мужской,Писарона,Ш,Шервон,Шервон,Shеrvon,ШЕРВОН,ШЕРВОН,SHЕRVON,True,"Қарори Ҳукумати Ҷумҳурии Тоҷикистон аз 26 феврали соли 2026, №98",False,,,Тоҷикӣ / Форсӣ,,
tj_m_sherdil_1915,1915,male,Мужской,Писарона,Ш,Шердил,Шердил,Sherdil,ШЕРДИЛ,ШЕРДИЛ,SHERDIL,True,"Қарори Ҳукумати Ҷумҳурии Тоҷикистон аз 26 феврали соли 2026, №98",False,,,Тоҷикӣ / Форсӣ,,
tj_m_sherdod_1916,1916,male,Мужской,Писарона,Ш,Шердод,Шердод,Sherdod,ШЕРДОД,ШЕРДОД,SHERDOD,True,"Қарори Ҳукумати Ҷумҳурии Тоҷикистон аз 26 феврали соли 2026, №98",False,,,Тоҷикӣ / Форсӣ,,
tj_m_sherzamon_1917,1917,male,Мужской,Писарона,Ш,Шерзамон,Шерзамон,Sherzamon,ШЕРЗАМОН,ШЕРЗАМОН,SHERZAMON,True,"Қарори Ҳукумати Ҷумҳурии Тоҷикистон аз 26 феврали соли 2026, №98",False,,,Тоҷикӣ / Форсӣ,,
tj_m_sherzod_1918,1918,male,Мужской,Писарона,Ш,Шерзод,Шерзод,Sherzod,ШЕРЗОД,ШЕРЗОД,SHERZOD,True,"Қарори Ҳукумати Ҷумҳурии Тоҷикистон аз 26 феврали соли 2026, №98",True,sherzod,"Сын льва, храброе сердце",Персидско-тюркское,храбрый; сильный; справедливый,"«Шер» — лев, «зод» — рождённый. Имя символизирует храбрость и силу духа. Очень популярно в Узбекистане."
tj_m_sherqadam_1919,1919,male,Мужской,Писарона,Ш,Шерқадам,Шеркадам,Sherqadam,ШЕРҚАДАМ,ШЕРКАДАМ,SHERQADAM,True,"Қарори Ҳукумати Ҷумҳурии Тоҷикистон аз 26 феврали соли 2026, №98",False,,,Тоҷикӣ / Форсӣ,,
tj_m_shermard_1920,1920,male,Мужской,Писарона,Ш,Шермард,Шермард,Shermard,ШЕРМАРД,ШЕРМАРД,SHERMARD,True,"Қарори Ҳукумати Ҷумҳурии Тоҷикистон аз 26 феврали соли 2026, №98",False,,,Тоҷикӣ / Форсӣ,,
tj_m_shermuhammad_1921,1921,male,Мужской,Писарона,Ш,Шермуҳаммад,Шермухаммад,Shermuhammad,ШЕРМУҲАММАД,ШЕРМУХАММАД,SHERMUHAMMAD,True,"Қарори Ҳукумати Ҷумҳурии Тоҷикистон аз 26 феврали соли 2026, №98",False,,,Тоҷикӣ / Форсӣ,,
tj_m_sheroz_1922,1922,male,Мужской,Писарона,Ш,Шероз,Шероз,Sheroz,ШЕРОЗ,ШЕРОЗ,SHEROZ,True,"Қарори Ҳукумати Ҷумҳурии Тоҷикистон аз 26 феврали соли 2026, №98",False,,,Тоҷикӣ / Форсӣ,,
tj_m_sheron_1923,1923,male,Мужской,Писарона,Ш,Шерон,Шерон,Sheron,ШЕРОН,ШЕРОН,SHERON,True,"Қарори Ҳукумати Ҷумҳурии Тоҷикистон аз 26 феврали соли 2026, №98",False,,,Тоҷикӣ / Форсӣ,,
tj_m_sherpaykar_1924,1924,male,Мужской,Писарона,Ш,Шерпайкар,Шерпайкар,Sherpaykar,ШЕРПАЙКАР,ШЕРПАЙКАР,SHERPAYKAR,True,"Қарори Ҳукумати Ҷумҳурии Тоҷикистон аз 26 феврали соли 2026, №98",False,,,Тоҷикӣ / Форсӣ,,
tj_m_sheru_1925,1925,male,Мужской,Писарона,Ш,Шерӯ,Шеру,Sheru,ШЕРӮ,ШЕРУ,SHERU,True,"Қарори Ҳукумати Ҷумҳурии Тоҷикистон аз 26 феврали соли 2026, №98",False,,,Тоҷикӣ / Форсӣ,,
tj_m_sheruy_1926,1926,male,Мужской,Писарона,Ш,Шерӯй,Шеруй,Sheruy,ШЕРӮЙ,ШЕРУЙ,SHERUY,True,"Қарори Ҳукумати Ҷумҳурии Тоҷикистон аз 26 феврали соли 2026, №98",False,,,Тоҷикӣ / Форсӣ,,
tj_m_shruya_1927,1927,male,Мужской,Писарона,Ш,Шерӯя,Шеруя,Shеruya,ШЕРӮЯ,ШЕРУЯ,SHЕRUYA,True,"Қарори Ҳукумати Ҷумҳурии Тоҷикистон аз 26 феврали соли 2026, №98",False,,,Тоҷикӣ / Форсӣ,,
tj_m_shihob_1928,1928,male,Мужской,Писарона,Ш,Шиҳоб,Шихоб,Shihob,ШИҲОБ,ШИХОБ,SHIHOB,True,"Қарори Ҳукумати Ҷумҳурии Тоҷикистон аз 26 феврали соли 2026, №98",True,shahab,"Падающая звезда, метеор (огненная стрела)",Арабское,яркий; стремительный; острый; редкий; блестящий,"Арабское شِهَاب (шихаб) — «падающая звезда, метеор». В Коране (15:18): «Кроме того, кто подслушивает тайком, и тогда его преследует ясный метеор» (شِهَابٌ مُبِينٌ) — ангелы сбивают шайтанов метеорами. В (37:10): «тогда его настигает метеор пронзающий» — поэтичный образ Небесной защиты. В суфийской символике «шихаб» — искра света, воспламеняющая сердце. Имя несёт образ яркой, стремительной личности."
tj_m_shovaron_1929,1929,male,Мужской,Писарона,Ш,Шоварон,Шоварон,Shovaron,ШОВАРОН,ШОВАРОН,SHOVARON,True,"Қарори Ҳукумати Ҷумҳурии Тоҷикистон аз 26 феврали соли 2026, №98",False,,,Тоҷикӣ / Форсӣ,,
tj_m_shovir_1930,1930,male,Мужской,Писарона,Ш,Шовир,Шовир,Shovir,ШОВИР,ШОВИР,SHOVIR,True,"Қарори Ҳукумати Ҷумҳурии Тоҷикистон аз 26 феврали соли 2026, №98",False,,,Тоҷикӣ / Форсӣ,,
tj_m_shogun_1931,1931,male,Мужской,Писарона,Ш,Шогун,Шогун,Shogun,ШОГУН,ШОГУН,SHOGUN,True,"Қарори Ҳукумати Ҷумҳурии Тоҷикистон аз 26 феврали соли 2026, №98",False,,,Тоҷикӣ / Форсӣ,,
tj_m_shodbeh_1932,1932,male,Мужской,Писарона,Ш,Шодбеҳ,Шодбех,Shodbeh,ШОДБЕҲ,ШОДБЕХ,SHODBEH,True,"Қарори Ҳукумати Ҷумҳурии Тоҷикистон аз 26 феврали соли 2026, №98",False,,,Тоҷикӣ / Форсӣ,,
tj_m_shodbod_1933,1933,male,Мужской,Писарона,Ш,Шодбод,Шодбод,Shodbod,ШОДБОД,ШОДБОД,SHODBOD,True,"Қарори Ҳукумати Ҷумҳурии Тоҷикистон аз 26 феврали соли 2026, №98",False,,,Тоҷикӣ / Форсӣ,,
tj_m_shodvard_1934,1934,male,Мужской,Писарона,Ш,Шодвард,Шодвард,Shodvard,ШОДВАРД,ШОДВАРД,SHODVARD,True,"Қарори Ҳукумати Ҷумҳурии Тоҷикистон аз 26 феврали соли 2026, №98",False,,,Тоҷикӣ / Форсӣ,,
tj_m_shodyor_1935,1935,male,Мужской,Писарона,Ш,Шодёр,Шодёр,Shodyor,ШОДЁР,ШОДЁР,SHODYOR,True,"Қарори Ҳукумати Ҷумҳурии Тоҷикистон аз 26 феврали соли 2026, №98",False,,,Тоҷикӣ / Форсӣ,,
tj_m_shodi_1936,1936,male,Мужской,Писарона,Ш,Шодӣ,Шоди,Shodi,ШОДӢ,ШОДИ,SHODI,True,"Қарори Ҳукумати Ҷумҳурии Тоҷикистон аз 26 феврали соли 2026, №98",False,,,Тоҷикӣ / Форсӣ,,
tj_m_shodkom_1937,1937,male,Мужской,Писарона,Ш,Шодком,Шодком,Shodkom,ШОДКОМ,ШОДКОМ,SHODKOM,True,"Қарори Ҳукумати Ҷумҳурии Тоҷикистон аз 26 феврали соли 2026, №98",False,,,Тоҷикӣ / Форсӣ,,
tj_m_shodmehr_1938,1938,male,Мужской,Писарона,Ш,Шодмеҳр,Шодмехр,Shodmehr,ШОДМЕҲР,ШОДМЕХР,SHODMEHR,True,"Қарори Ҳукумати Ҷумҳурии Тоҷикистон аз 26 феврали соли 2026, №98",False,,,Тоҷикӣ / Форсӣ,,
tj_m_shodmon_1939,1939,male,Мужской,Писарона,Ш,Шодмон,Шодмон,Shodmon,ШОДМОН,ШОДМОН,SHODMON,True,"Қарори Ҳукумати Ҷумҳурии Тоҷикистон аз 26 феврали соли 2026, №98",False,,,Тоҷикӣ / Форсӣ,,
tj_m_shodon_1940,1940,male,Мужской,Писарона,Ш,Шодон,Шодон,Shodon,ШОДОН,ШОДОН,SHODON,True,"Қарори Ҳукумати Ҷумҳурии Тоҷикистон аз 26 феврали соли 2026, №98",False,,,Тоҷикӣ / Форсӣ,,
tj_m_shodrukh_1941,1941,male,Мужской,Писарона,Ш,Шодрух,Шодрух,Shodrukh,ШОДРУХ,ШОДРУХ,SHODRUKH,True,"Қарори Ҳукумати Ҷумҳурии Тоҷикистон аз 26 феврали соли 2026, №98",False,,,Тоҷикӣ / Форсӣ,,
tj_m_shodruz_1942,1942,male,Мужской,Писарона,Ш,Шодрӯз,Шодруз,Shodruz,ШОДРӮЗ,ШОДРУЗ,SHODRUZ,True,"Қарори Ҳукумати Ҷумҳурии Тоҷикистон аз 26 феврали соли 2026, №98",False,,,Тоҷикӣ / Форсӣ,,
tj_m_shodfar_1943,1943,male,Мужской,Писарона,Ш,Шодфар,Шодфар,Shodfar,ШОДФАР,ШОДФАР,SHODFAR,True,"Қарори Ҳукумати Ҷумҳурии Тоҷикистон аз 26 феврали соли 2026, №98",False,,,Тоҷикӣ / Форсӣ,,
tj_m_shodchehr_1944,1944,male,Мужской,Писарона,Ш,Шодчеҳр,Шодчехр,Shodchehr,ШОДЧЕҲР,ШОДЧЕХР,SHODCHEHR,True,"Қарори Ҳукумати Ҷумҳурии Тоҷикистон аз 26 феврали соли 2026, №98",False,,,Тоҷикӣ / Форсӣ,,
tj_m_shoyon_1945,1945,male,Мужской,Писарона,Ш,Шоён,Шоён,Shoyon,ШОЁН,ШОЁН,SHOYON,True,"Қарори Ҳукумати Ҷумҳурии Тоҷикистон аз 26 феврали соли 2026, №98",False,,,Тоҷикӣ / Форсӣ,,
tj_m_shoiq_1946,1946,male,Мужской,Писарона,Ш,Шоиқ,Шоик,Shoiq,ШОИҚ,ШОИК,SHOIQ,True,"Қарори Ҳукумати Ҷумҳурии Тоҷикистон аз 26 феврали соли 2026, №98",False,,,Тоҷикӣ / Форсӣ,,
tj_m_shoyvard_1947,1947,male,Мужской,Писарона,Ш,Шойвард,Шойвард,Shoyvard,ШОЙВАРД,ШОЙВАРД,SHOYVARD,True,"Қарори Ҳукумати Ҷумҳурии Тоҷикистон аз 26 феврали соли 2026, №98",False,,,Тоҷикӣ / Форсӣ,,
tj_m_shokir_1948,1948,male,Мужской,Писарона,Ш,Шокир,Шокир,Shokir,ШОКИР,ШОКИР,SHOKIR,True,"Қарори Ҳукумати Ҷумҳурии Тоҷикистон аз 26 феврали соли 2026, №98",False,,,Тоҷикӣ / Форсӣ,,
tj_m_shopur_1949,1949,male,Мужской,Писарона,Ш,Шопур,Шопур,Shopur,ШОПУР,ШОПУР,SHOPUR,True,"Қарори Ҳукумати Ҷумҳурии Тоҷикистон аз 26 феврали соли 2026, №98",False,,,Тоҷикӣ / Форсӣ,,
tj_m_shorvin_1950,1950,male,Мужской,Писарона,Ш,Шорвин,Шорвин,Shorvin,ШОРВИН,ШОРВИН,SHORVIN,True,"Қарори Ҳукумати Ҷумҳурии Тоҷикистон аз 26 феврали соли 2026, №98",False,,,Тоҷикӣ / Форсӣ,,
tj_m_shorvon_1951,1951,male,Мужской,Писарона,Ш,Шорвон,Шорвон,Shorvon,ШОРВОН,ШОРВОН,SHORVON,True,"Қарори Ҳукумати Ҷумҳурии Тоҷикистон аз 26 феврали соли 2026, №98",False,,,Тоҷикӣ / Форсӣ,,
tj_m_shoruya_1952,1952,male,Мужской,Писарона,Ш,Шоруя,Шоруя,Shoruya,ШОРУЯ,ШОРУЯ,SHORUYA,True,"Қарори Ҳукумати Ҷумҳурии Тоҷикистон аз 26 феврали соли 2026, №98",False,,,Тоҷикӣ / Форсӣ,,
tj_m_shohdust_1953,1953,male,Мужской,Писарона,Ш,Шоҳдӯст,Шохдуст,Shohdust,ШОҲДӮСТ,ШОХДУСТ,SHOHDUST,True,"Қарори Ҳукумати Ҷумҳурии Тоҷикистон аз 26 феврали соли 2026, №98",False,,,Тоҷикӣ / Форсӣ,,
tj_m_shohyor_1954,1954,male,Мужской,Писарона,Ш,Шоҳёр,Шохёр,Shohyor,ШОҲЁР,ШОХЁР,SHOHYOR,True,"Қарори Ҳукумати Ҷумҳурии Тоҷикистон аз 26 феврали соли 2026, №98",False,,,Тоҷикӣ / Форсӣ,,
tj_m_shohzeb_1955,1955,male,Мужской,Писарона,Ш,Шоҳзеб,Шохзеб,Shohzeb,ШОҲЗЕБ,ШОХЗЕБ,SHOHZEB,True,"Қарори Ҳукумати Ҷумҳурии Тоҷикистон аз 26 феврали соли 2026, №98",False,,,Тоҷикӣ / Форсӣ,,
tj_m_shohzod_1956,1956,male,Мужской,Писарона,Ш,Шоҳзод,Шохзод,Shohzod,ШОҲЗОД,ШОХЗОД,SHOHZOD,True,"Қарори Ҳукумати Ҷумҳурии Тоҷикистон аз 26 феврали соли 2026, №98",True,shahzad,"Сын шаха, принц",Персидское,благородный; царственный; красивый; умный; достойный,"Персидское شَاهْزَادَه (шахзаде) — «сын шаха, принц». В персидской культуре «шахзад» — знак королевского происхождения или высокого достоинства. В «Тысяче и одной ночи» Шахрияр и Шахземан — цари-шахзады. В исламской этике истинная «шахзадеги» (достоинство принца) — в нравственном величии, а не происхождении: «Самый благородный из вас — наиболее богобоязненный» (Коран 49:13). Имя широко распространено в Пакистане."
tj_m_shohimardon_1957,1957,male,Мужской,Писарона,Ш,Шоҳимардон,Шoхимардон,Shohimardon,ШОҲИМАРДОН,ШOХИМАРДОН,SHOHIMARDON,True,"Қарори Ҳукумати Ҷумҳурии Тоҷикистон аз 26 феврали соли 2026, №98",False,,,Тоҷикӣ / Форсӣ,,
tj_m_shohin_1958,1958,male,Мужской,Писарона,Ш,Шоҳин,Шохин,Shohin,ШОҲИН,ШОХИН,SHOHIN,True,"Қарори Ҳукумати Ҷумҳурии Тоҷикистон аз 26 феврали соли 2026, №98",True,shaheen,"Белый сокол, царский сокол",Персидское,стремительный; гордый; независимый; острый; смелый,"Персидское شَاهِين (шахин) — «белый царский сокол, шахин-сокол». В поэзии Мухаммада Икбала (1877–1938) «шахин» — центральный символ: сокол, летящий высоко, не питающийся падалью, — образ свободного и гордого духа мусульманина. В «Банг-и-Дара» и «Джавид-Наме» Икбала шахин олицетворяет возрождение исламской умы. Символ гордой независимости и высокого духа."
tj_m_shohir_1959,1959,male,Мужской,Писарона,Ш,Шоҳир,Шохир,Shohir,ШОҲИР,ШОХИР,SHOHIR,True,"Қарори Ҳукумати Ҷумҳурии Тоҷикистон аз 26 феврали соли 2026, №98",False,,,Тоҷикӣ / Форсӣ,,
tj_m_shohkor_1960,1960,male,Мужской,Писарона,Ш,Шоҳкор,Шохкор,Shohkor,ШОҲКОР,ШОХКОР,SHOHKOR,True,"Қарори Ҳукумати Ҷумҳурии Тоҷикистон аз 26 феврали соли 2026, №98",False,,,Тоҷикӣ / Форсӣ,,
tj_m_shohmard_1961,1961,male,Мужской,Писарона,Ш,Шоҳмард,Шохмард,Shohmard,ШОҲМАРД,ШОХМАРД,SHOHMARD,True,"Қарори Ҳукумати Ҷумҳурии Тоҷикистон аз 26 феврали соли 2026, №98",False,,,Тоҷикӣ / Форсӣ,,
tj_m_shohnur_1962,1962,male,Мужской,Писарона,Ш,Шоҳнур,Шохнур,Shohnur,ШОҲНУР,ШОХНУР,SHOHNUR,True,"Қарори Ҳукумати Ҷумҳурии Тоҷикистон аз 26 феврали соли 2026, №98",False,,,Тоҷикӣ / Форсӣ,,
tj_m_shohon_1963,1963,male,Мужской,Писарона,Ш,Шоҳон,Шохон,Shohon,ШОҲОН,ШОХОН,SHOHON,True,"Қарори Ҳукумати Ҷумҳурии Тоҷикистон аз 26 феврали соли 2026, №98",False,,,Тоҷикӣ / Форсӣ,,
tj_m_shohofarin_1964,1964,male,Мужской,Писарона,Ш,Шоҳофарин,Шохофарин,Shohofarin,ШОҲОФАРИН,ШОХОФАРИН,SHOHOFARIN,True,"Қарори Ҳукумати Ҷумҳурии Тоҷикистон аз 26 феврали соли 2026, №98",False,,,Тоҷикӣ / Форсӣ,,
tj_m_shohpisar_1965,1965,male,Мужской,Писарона,Ш,Шоҳписар,Шохписар,Shohpisar,ШОҲПИСАР,ШОХПИСАР,SHOHPISAR,True,"Қарори Ҳукумати Ҷумҳурии Тоҷикистон аз 26 феврали соли 2026, №98",False,,,Тоҷикӣ / Форсӣ,,
tj_m_shohpur_1966,1966,male,Мужской,Писарона,Ш,Шоҳпур,Шохпур,Shohpur,ШОҲПУР,ШОХПУР,SHOHPUR,True,"Қарори Ҳукумати Ҷумҳурии Тоҷикистон аз 26 феврали соли 2026, №98",False,,,Тоҷикӣ / Форсӣ,,
tj_m_shohrukh_1967,1967,male,Мужской,Писарона,Ш,Шоҳрух,Шохрух,Shohrukh,ШОҲРУХ,ШОХРУХ,SHOHRUKH,True,"Қарори Ҳукумати Ҷумҳурии Тоҷикистон аз 26 феврали соли 2026, №98",False,,,Тоҷикӣ / Форсӣ,,
tj_m_shohruz_1968,1968,male,Мужской,Писарона,Ш,Шоҳрӯз,Шохруз,Shohruz,ШОҲРӮЗ,ШОХРУЗ,SHOHRUZ,True,"Қарори Ҳукумати Ҷумҳурии Тоҷикистон аз 26 феврали соли 2026, №98",False,,,Тоҷикӣ / Форсӣ,,
tj_m_shohsavor_1969,1969,male,Мужской,Писарона,Ш,Шоҳсавор,Шохсавор,Shohsavor,ШОҲСАВОР,ШОХСАВОР,SHOHSAVOR,True,"Қарори Ҳукумати Ҷумҳурии Тоҷикистон аз 26 феврали соли 2026, №98",False,,,Тоҷикӣ / Форсӣ,,
tj_m_shohsipar_1970,1970,male,Мужской,Писарона,Ш,Шоҳсипар,Шохсипар,Shohsipar,ШОҲСИПАР,ШОХСИПАР,SHOHSIPAR,True,"Қарори Ҳукумати Ҷумҳурии Тоҷикистон аз 26 феврали соли 2026, №98",False,,,Тоҷикӣ / Форсӣ,,
tj_m_shohfar_1971,1971,male,Мужской,Писарона,Ш,Шоҳфар,Шохфар,Shohfar,ШОҲФАР,ШОХФАР,SHOHFAR,True,"Қарори Ҳукумати Ҷумҳурии Тоҷикистон аз 26 феврали соли 2026, №98",False,,,Тоҷикӣ / Форсӣ,,
tj_m_shohchehr_1972,1972,male,Мужской,Писарона,Ш,Шоҳчеҳр,Шохчехр,Shohchehr,ШОҲЧЕҲР,ШОХЧЕХР,SHOHCHEHR,True,"Қарори Ҳукумати Ҷумҳурии Тоҷикистон аз 26 феврали соли 2026, №98",False,,,Тоҷикӣ / Форсӣ,,
tj_m_shukrikhudo_1973,1973,male,Мужской,Писарона,Ш,Шукрихудо,Шукрихудо,Shukrikhudo,ШУКРИХУДО,ШУКРИХУДО,SHUKRIKHUDO,True,"Қарори Ҳукумати Ҷумҳурии Тоҷикистон аз 26 феврали соли 2026, №98",False,,,Тоҷикӣ / Форсӣ,,
tj_m_shukrullo_1974,1974,male,Мужской,Писарона,Ш,Шукрулло,Шукрулло,Shukrullo,ШУКРУЛЛО,ШУКРУЛЛО,SHUKRULLO,True,"Қарори Ҳукумати Ҷумҳурии Тоҷикистон аз 26 феврали соли 2026, №98",False,,,Тоҷикӣ / Форсӣ,,
tj_m_shukur_1975,1975,male,Мужской,Писарона,Ш,Шукур,Шукур,Shukur,ШУКУР,ШУКУР,SHUKUR,True,"Қарори Ҳукумати Ҷумҳурии Тоҷикистон аз 26 феврали соли 2026, №98",False,,,Тоҷикӣ / Форсӣ,,
tj_m_shuhrat_1976,1976,male,Мужской,Писарона,Ш,Шуҳрат,Шухрат,Shuhrat,ШУҲРАТ,ШУХРАТ,SHUHRAT,True,"Қарори Ҳукумати Ҷумҳурии Тоҷикистон аз 26 феврали соли 2026, №98",False,,,Тоҷикӣ / Форсӣ,,
tj_m_shujo_1977,1977,male,Мужской,Писарона,Ш,Шуҷоъ,Шуджоъ,Shujo’,ШУҶОЪ,ШУДЖОЪ,SHUJO’,True,"Қарори Ҳукумати Ҷумҳурии Тоҷикистон аз 26 феврали соли 2026, №98",False,,,Тоҷикӣ / Форсӣ,,
tj_m_ezidbakhsh_1978,1978,male,Мужской,Писарона,Э,Эзидбахш,Эзидбахш,Ezidbakhsh,ЭЗИДБАХШ,ЭЗИДБАХШ,EZIDBAKHSH,True,"Қарори Ҳукумати Ҷумҳурии Тоҷикистон аз 26 феврали соли 2026, №98",False,,,Тоҷикӣ / Форсӣ,,
tj_m_eziddod_1979,1979,male,Мужской,Писарона,Э,Эзиддод,Эзиддод,Eziddod,ЭЗИДДОД,ЭЗИДДОД,EZIDDOD,True,"Қарори Ҳукумати Ҷумҳурии Тоҷикистон аз 26 феврали соли 2026, №98",False,,,Тоҷикӣ / Форсӣ,,
tj_m_emin_1980,1980,male,Мужской,Писарона,Э,Эмин,Эмин,Emin,ЭМИН,ЭМИН,EMIN,True,"Қарори Ҳукумати Ҷумҳурии Тоҷикистон аз 26 феврали соли 2026, №98",False,,,Тоҷикӣ / Форсӣ,,
tj_m_emomali_1981,1981,male,Мужской,Писарона,Э,Эмомалӣ,Эмомали,Emomali,ЭМОМАЛӢ,ЭМОМАЛИ,EMOMALI,True,"Қарори Ҳукумати Ҷумҳурии Тоҷикистон аз 26 феврали соли 2026, №98",False,,,Тоҷикӣ / Форсӣ,,
tj_m_emomnazar_1982,1982,male,Мужской,Писарона,Э,Эмомназар,Эмомназар,Emomnazar,ЭМОМНАЗАР,ЭМОМНАЗАР,EMOMNAZAR,True,"Қарори Ҳукумати Ҷумҳурии Тоҷикистон аз 26 феврали соли 2026, №98",False,,,Тоҷикӣ / Форсӣ,,
tj_m_eraj_1983,1983,male,Мужской,Писарона,Э,Эраҷ,Эрадж,Eraj,ЭРАҶ,ЭРАДЖ,ERAJ,True,"Қарори Ҳукумати Ҷумҳурии Тоҷикистон аз 26 феврали соли 2026, №98",False,,,Тоҷикӣ / Форсӣ,,
tj_m_eronshoh_1984,1984,male,Мужской,Писарона,Э,Эроншоҳ,Эроншох,Eronshoh,ЭРОНШОҲ,ЭРОНШОХ,ERONSHOH,True,"Қарори Ҳукумати Ҷумҳурии Тоҷикистон аз 26 феврали соли 2026, №98",False,,,Тоҷикӣ / Форсӣ,,
tj_m_ehson_1985,1985,male,Мужской,Писарона,Э,Эҳсон,Эхсон,Ehson,ЭҲСОН,ЭХСОН,EHSON,True,"Қарори Ҳукумати Ҷумҳурии Тоҷикистон аз 26 феврали соли 2026, №98",False,,,Тоҷикӣ / Форсӣ,,
tj_m_yunus_1986,1986,male,Мужской,Писарона,Ю,Юнус,Юнус,Yunus,ЮНУС,ЮНУС,YUNUS,True,"Қарори Ҳукумати Ҷумҳурии Тоҷикистон аз 26 феврали соли 2026, №98",True,yunus,Голубь (семитский Иона),Арабское,терпеливый; богобоязненный; раскаивающийся; возвращающийся; избранный,"Коранический пророк Юнус упоминается в 4 сурах; его история — в суре Юнус (10) и Аль-Анбия (21:87–88). «Зу-н-нун» («Обладатель рыбы») — его прозвище. Покинув свой народ без дозволения Аллаха, он был проглочен рыбой; в её чреве молился: «Нет бога, кроме Тебя, пречист Ты! Воистину, я был из числа несправедливых» (21:87) — «Дуа Юнуса», рекомендованная в хадисах при трудностях. Аллах простил его. Сура Юнус (10) — одна из ключевых."
tj_m_yusuf_1987,1987,male,Мужской,Писарона,Ю,Юсуф,Юсуф,Yusuf,ЮСУФ,ЮСУФ,YUSUF,True,"Қарори Ҳукумати Ҷумҳурии Тоҷикистон аз 26 феврали соли 2026, №98",True,yusuf,Бог приумножит,Древнееврейское,красивый; мудрый; добрый; справедливый; терпеливый,Арабская форма имени Иосиф. В Коране ему посвящена целая сура. Юсуф считался самым красивым человеком на земле.
tj_m_yazdigurd_1988,1988,male,Мужской,Писарона,Я,Яздигурд,Яздигурд,Yazdigurd,ЯЗДИГУРД,ЯЗДИГУРД,YAZDIGURD,True,"Қарори Ҳукумати Ҷумҳурии Тоҷикистон аз 26 феврали соли 2026, №98",False,,,Тоҷикӣ / Форсӣ,,
tj_m_yazdiyor_1989,1989,male,Мужской,Писарона,Я,Яздиёр,Яздиёр,Yazdiyor,ЯЗДИЁР,ЯЗДИЁР,YAZDIYOR,True,"Қарори Ҳукумати Ҷумҳурии Тоҷикистон аз 26 феврали соли 2026, №98",False,,,Тоҷикӣ / Форсӣ,,
tj_m_yazdod_1990,1990,male,Мужской,Писарона,Я,Яздод,Яздод,Yazdod,ЯЗДОД,ЯЗДОД,YAZDOD,True,"Қарори Ҳукумати Ҷумҳурии Тоҷикистон аз 26 феврали соли 2026, №98",False,,,Тоҷикӣ / Форсӣ,,
tj_m_yazdonbakhsh_1991,1991,male,Мужской,Писарона,Я,Яздонбахш,Яздонбахш,Yazdonbakhsh,ЯЗДОНБАХШ,ЯЗДОНБАХШ,YAZDONBAKHSH,True,"Қарори Ҳукумати Ҷумҳурии Тоҷикистон аз 26 феврали соли 2026, №98",False,,,Тоҷикӣ / Форсӣ,,
tj_m_yazdodehr_1992,1992,male,Мужской,Писарона,Я,Яздонмеҳр,Яздонмехр,Yazdodмehr,ЯЗДОНМЕҲР,ЯЗДОНМЕХР,YAZDODМEHR,True,"Қарори Ҳукумати Ҷумҳурии Тоҷикистон аз 26 феврали соли 2026, №98",False,,,Тоҷикӣ / Форсӣ,,
tj_m_yazdonfar_1993,1993,male,Мужской,Писарона,Я,Яздонфар,Яздонфар,Yazdonfar,ЯЗДОНФАР,ЯЗДОНФАР,YAZDONFAR,True,"Қарори Ҳукумати Ҷумҳурии Тоҷикистон аз 26 феврали соли 2026, №98",False,,,Тоҷикӣ / Форсӣ,,
tj_m_yakdil_1994,1994,male,Мужской,Писарона,Я,Якдил,Якдил,Yakdil,ЯКДИЛ,ЯКДИЛ,YAKDIL,True,"Қарори Ҳукумати Ҷумҳурии Тоҷикистон аз 26 феврали соли 2026, №98",False,,,Тоҷикӣ / Форсӣ,,
tj_m_yal_1995,1995,male,Мужской,Писарона,Я,Ял,Ял,Yal,ЯЛ,ЯЛ,YAL,True,"Қарори Ҳукумати Ҷумҳурии Тоҷикистон аз 26 феврали соли 2026, №98",False,,,Тоҷикӣ / Форсӣ,,
tj_m_yalonbozu_1996,1996,male,Мужской,Писарона,Я,Ялонбозу,Ялонбозу,Yalonbozu,ЯЛОНБОЗУ,ЯЛОНБОЗУ,YALONBOZU,True,"Қарори Ҳукумати Ҷумҳурии Тоҷикистон аз 26 феврали соли 2026, №98",False,,,Тоҷикӣ / Форсӣ,,
tj_m_yalongurd_1997,1997,male,Мужской,Писарона,Я,Ялонгурд,Ялонгурд,Yalongurd,ЯЛОНГУРД,ЯЛОНГУРД,YALONGURD,True,"Қарори Ҳукумати Ҷумҳурии Тоҷикистон аз 26 феврали соли 2026, №98",False,,,Тоҷикӣ / Форсӣ,,
tj_m_yalonmard_1998,1998,male,Мужской,Писарона,Я,Ялонмард,Ялонмард,Yalonmard,ЯЛОНМАРД,ЯЛОНМАРД,YALONMARD,True,"Қарори Ҳукумати Ҷумҳурии Тоҷикистон аз 26 феврали соли 2026, №98",False,,,Тоҷикӣ / Форсӣ,,
tj_m_yalonmehr_1999,1999,male,Мужской,Писарона,Я,Ялонмеҳр,Ялонмехр,Yalonmehr,ЯЛОНМЕҲР,ЯЛОНМЕХР,YALONMEHR,True,"Қарори Ҳукумати Ҷумҳурии Тоҷикистон аз 26 феврали соли 2026, №98",False,,,Тоҷикӣ / Форсӣ,,
tj_m_yalontan_2000,2000,male,Мужской,Писарона,Я,Ялонтан,Ялонтан,Yalontan,ЯЛОНТАН,ЯЛОНТАН,YALONTAN,True,"Қарори Ҳукумати Ҷумҳурии Тоҷикистон аз 26 феврали соли 2026, №98",False,,,Тоҷикӣ / Форсӣ,,
tj_m_yalontush_2001,2001,male,Мужской,Писарона,Я,Ялонтуш,Ялонтуш,Yalontush,ЯЛОНТУШ,ЯЛОНТУШ,YALONTUSH,True,"Қарори Ҳукумати Ҷумҳурии Тоҷикистон аз 26 феврали соли 2026, №98",False,,,Тоҷикӣ / Форсӣ,,
tj_m_yalonshoh_2002,2002,male,Мужской,Писарона,Я,Ялоншоҳ,Ялоншох,Yalonshoh,ЯЛОНШОҲ,ЯЛОНШОХ,YALONSHOH,True,"Қарори Ҳукумати Ҷумҳурии Тоҷикистон аз 26 феврали соли 2026, №98",False,,,Тоҷикӣ / Форсӣ,,
tj_m_yamin_2003,2003,male,Мужской,Писарона,Я,Ямин,Ямин,Yamin,ЯМИН,ЯМИН,YAMIN,True,"Қарори Ҳукумати Ҷумҳурии Тоҷикистон аз 26 феврали соли 2026, №98",True,ameen,"Надёжный, заслуживающий доверия",Арабское,надёжный; честный; верный; правдивый; доверенный,"Арабское أَمِين (амин) — «надёжный, заслуживающий доверия». Прозвище Пророка Мухаммада ﷺ ещё до пророчества — «аль-Амин» (الأَمِين), данное ему мекканцами за безупречную честность. В исламе амана (доверие, ответственность) — одна из важнейших ценностей. В хадисе: «Отсутствие амана — признак лицемерия» (Бухари). Имя широко распространено от Марокко до Индонезии."
tj_m_yasmon_2004,2004,male,Мужской,Писарона,Я,Ясмон,Ясмон,Yasmon,ЯСМОН,ЯСМОН,YASMON,True,"Қарори Ҳукумати Ҷумҳурии Тоҷикистон аз 26 феврали соли 2026, №98",False,,,Тоҷикӣ / Форсӣ,,
tj_m_yahyo_2005,2005,male,Мужской,Писарона,Я,Яҳё,Яхё,Yahyo,ЯҲЁ,ЯХЁ,YAHYO,True,"Қарори Ҳукумати Ҷумҳурии Тоҷикистон аз 26 феврали соли 2026, №98",False,,,Тоҷикӣ / Форсӣ,,
tj_m_yaqub_2006,2006,male,Мужской,Писарона,Я,Яъқуб,Яъкуб,Ya’qub,ЯЪҚУБ,ЯЪКУБ,YA’QUB,True,"Қарори Ҳукумати Ҷумҳурии Тоҷикистон аз 26 феврали соли 2026, №98",True,yaqub,Следующий по пятам (семитский Иаков/Яков),Арабское,мудрый; терпеливый; верующий; добродетельный; отец-лидер,"Коранический пророк Яъкуб — сын Исхака и внук Ибрахима, отец Юсуфа и ещё одиннадцати сыновей (прародители 12 колен Израиля). Упоминается в 10 сурах. Когда сыновья привезли окровавленную рубашку Юсуфа, Яъкуб ослеп от горя, но сохранял веру: «Только Аллаху жалуюсь на мою скорбь» (12:86). Впоследствии его зрение восстановилось от запаха одежды Юсуфа (12:93–96) — символ торжества веры. В исламе Яъкуб — образец отцовской любви и веры в испытании."
tj_m_yaqubshoh_2007,2007,male,Мужской,Писарона,Я,Яъқубшоҳ,Яъкубшоx,Ya’qubshoh,ЯЪҚУБШОҲ,ЯЪКУБШОX,YA’QUBSHOH,True,"Қарори Ҳукумати Ҷумҳурии Тоҷикистон аз 26 феврали соли 2026, №98",False,,,Тоҷикӣ / Форсӣ,,
